# This file uses centimeters as units for non-parametric coordinates.

mtllib Base_Woman14.mtl
g default
v 0.707131 39.466686 3.722686
v 1.267295 39.645313 3.550214
v 1.877606 39.535805 3.113577
v 0.664078 39.188545 3.655344
v 1.246897 39.450714 3.513639
v 1.859751 39.423866 3.106748
v 2.180876 39.257347 2.748792
v 0.476228 39.019814 3.653420
v 0.485462 39.341019 3.732242
v 0.737799 39.452209 3.872550
v 0.740988 39.428867 3.888393
v 0.536042 39.313889 3.898005
v 0.512326 39.331593 3.885155
v 0.527258 39.038307 3.822485
v 0.503011 39.010422 3.806034
v 0.703946 39.190369 3.827935
v 0.694962 39.173958 3.805880
v 1.309849 39.623661 3.692531
v 1.316909 39.598732 3.703632
v 1.300753 39.441643 3.680897
v 1.290514 39.428474 3.658062
v 1.939463 39.419579 3.258277
v 1.924242 39.404564 3.239606
v 1.942051 39.516457 3.246560
v 1.952080 39.492706 3.258209
v 2.235852 39.253448 2.835150
v 2.217875 39.267246 2.923140
v -0.707131 39.466686 3.722686
v -1.267295 39.645313 3.550214
v -1.877606 39.535805 3.113577
v -0.664078 39.188545 3.655344
v -1.246897 39.450714 3.513639
v -1.859751 39.423866 3.106748
v -2.180876 39.257347 2.748792
v -0.476228 39.019814 3.653420
v -0.485462 39.341019 3.732242
v -0.737799 39.452209 3.872550
v -0.740988 39.428867 3.888393
v -0.536042 39.313889 3.898005
v -0.512326 39.331593 3.885155
v -0.527258 39.038307 3.822485
v -0.503011 39.010422 3.806034
v -0.703946 39.190369 3.827935
v -0.694962 39.173958 3.805880
v -1.309849 39.623661 3.692531
v -1.316909 39.598732 3.703632
v -1.300753 39.441643 3.680897
v -1.290514 39.428474 3.658062
v -1.939463 39.419579 3.258277
v -1.924242 39.404564 3.239606
v -1.942051 39.516457 3.246560
v -1.952080 39.492706 3.258209
v -2.235852 39.253448 2.835150
v -2.217875 39.267246 2.923140
vt 0.261795 0.948169
vt 0.261761 0.947589
vt 0.274154 0.948281
vt 0.274192 0.948874
vt 0.257407 0.946690
vt 0.257862 0.946254
vt 0.255833 0.941571
vt 0.256401 0.941902
vt 0.260216 0.942043
vt 0.260406 0.942634
vt 0.273614 0.944344
vt 0.273643 0.944943
vt 0.289485 0.945326
vt 0.289610 0.945927
vt 0.289232 0.943101
vt 0.289241 0.943722
vt 0.297306 0.942198
vt 0.295380 0.942745
vt 0.261031 0.951354
vt 0.254762 0.948159
vt 0.253826 0.939983
vt 0.260288 0.938735
vt 0.275030 0.951824
vt 0.274246 0.941190
vt 0.289758 0.939935
vt 0.291340 0.948587
vt 0.299355 0.941628
vt 0.218287 0.948196
vt 0.205910 0.949153
vt 0.205940 0.948560
vt 0.218312 0.947616
vt 0.222183 0.946204
vt 0.222647 0.946631
vt 0.223559 0.941825
vt 0.224120 0.941483
vt 0.219568 0.942635
vt 0.219748 0.942041
vt 0.206380 0.945213
vt 0.206395 0.944613
vt 0.190436 0.946507
vt 0.190546 0.945902
vt 0.190753 0.944293
vt 0.190757 0.943672
vt 0.184607 0.943437
vt 0.182671 0.942927
vt 0.219122 0.951364
vt 0.225321 0.948047
vt 0.226096 0.939856
vt 0.219612 0.938735
vt 0.205133 0.952120
vt 0.205705 0.941473
vt 0.190174 0.940516
vt 0.188758 0.949200
vt 0.180611 0.942396
vn -0.264060 0.912878 0.311331
vn 0.292403 -0.165246 0.941910
vn 0.445036 -0.067514 0.892964
vn 0.046365 0.968860 0.243231
vn -0.840030 0.453315 0.298086
vn 0.074728 -0.195270 0.977898
vn -0.665186 -0.735816 0.126896
vn 0.097380 -0.377224 0.920988
vn 0.454658 -0.881468 -0.127670
vn 0.312453 -0.340041 0.886987
vn 0.183680 -0.981487 -0.054271
vn 0.425190 -0.293663 0.856140
vn 0.656487 0.074075 0.750692
vn 0.385254 0.919405 0.079215
vn -0.135081 -0.990315 0.032071
vn 0.521448 -0.347608 0.779270
vn 0.940713 -0.116687 -0.318501
vn 0.837480 -0.220752 0.499896
vn -0.309167 0.935088 0.173284
vn -0.900907 0.389134 0.192203
vn -0.593708 -0.804088 0.030865
vn 0.439698 -0.875755 -0.199295
vn 0.031587 0.993218 0.111893
vn 0.093692 -0.983920 -0.152065
vn -0.215829 -0.976205 -0.021031
vn 0.352305 0.934570 -0.049605
vn 0.867945 -0.114281 -0.483334
vn 0.264061 0.912878 0.311328
vn -0.046366 0.968860 0.243230
vn -0.445039 -0.067515 0.892963
vn -0.292404 -0.165248 0.941909
vn -0.074730 -0.195275 0.977897
vn 0.840032 0.453314 0.298082
vn -0.097379 -0.377227 0.920987
vn 0.665187 -0.735815 0.126896
vn -0.312452 -0.340042 0.886987
vn -0.454658 -0.881468 -0.127671
vn -0.425189 -0.293662 0.856141
vn -0.183680 -0.981487 -0.054268
vn -0.385254 0.919405 0.079212
vn -0.656493 0.074076 0.750686
vn -0.521447 -0.347607 0.779270
vn 0.135082 -0.990315 0.032074
vn -0.837490 -0.220757 0.499877
vn -0.940711 -0.116690 -0.318505
vn 0.309167 0.935087 0.173286
vn 0.900907 0.389134 0.192201
vn 0.593710 -0.804087 0.030863
vn -0.439698 -0.875755 -0.199298
vn -0.031587 0.993218 0.111896
vn -0.093693 -0.983919 -0.152067
vn 0.215829 -0.976205 -0.021031
vn -0.352305 0.934570 -0.049604
vn -0.867945 -0.114284 -0.483333
s 1
g Brow Woman14
usemtl lambert2SG
f 10/1/1 11/2/2 19/3/3 18/4/4
f 11/2/2 10/1/1 13/5/5 12/6/6
f 12/6/6 13/5/5 15/7/7 14/8/8
f 14/8/8 15/7/7 17/9/9 16/10/10
f 16/10/10 17/9/9 21/11/11 20/12/12
f 18/4/4 19/3/3 25/13/13 24/14/14
f 20/12/12 21/11/11 23/15/15 22/16/16
f 22/16/16 23/15/15 26/17/17 27/18/18
f 24/14/14 25/13/13 27/18/18 26/17/17
f 11/2/2 12/6/6 14/8/8 16/10/10
f 19/3/3 11/2/2 16/10/10 20/12/12
f 20/12/12 22/16/16 25/13/13 19/3/3
f 27/18/18 25/13/13 22/16/16
f 1/19/19 9/20/20 13/5/5 10/1/1
f 9/20/20 8/21/21 15/7/7 13/5/5
f 8/21/21 4/22/22 17/9/9 15/7/7
f 2/23/23 1/19/19 10/1/1 18/4/4
f 4/22/22 5/24/24 21/11/11 17/9/9
f 5/24/24 6/25/25 23/15/15 21/11/11
f 3/26/26 2/23/23 18/4/4 24/14/14
f 7/27/27 3/26/26 24/14/14 26/17/17
f 6/25/25 7/27/27 26/17/17 23/15/15
s 2
f 37/28/28 45/29/29 46/30/30 38/31/31
f 38/31/31 39/32/32 40/33/33 37/28/28
f 39/32/32 41/34/34 42/35/35 40/33/33
f 41/34/34 43/36/36 44/37/37 42/35/35
f 43/36/36 47/38/38 48/39/39 44/37/37
f 45/29/29 51/40/40 52/41/41 46/30/30
f 47/38/38 49/42/42 50/43/43 48/39/39
f 49/42/42 54/44/44 53/45/45 50/43/43
f 51/40/40 53/45/45 54/44/44 52/41/41
f 38/31/31 43/36/36 41/34/34 39/32/32
f 46/30/30 47/38/38 43/36/36 38/31/31
f 47/38/38 46/30/30 52/41/41 49/42/42
f 54/44/44 49/42/42 52/41/41
f 28/46/46 37/28/28 40/33/33 36/47/47
f 36/47/47 40/33/33 42/35/35 35/48/48
f 35/48/48 42/35/35 44/37/37 31/49/49
f 29/50/50 45/29/29 37/28/28 28/46/46
f 31/49/49 44/37/37 48/39/39 32/51/51
f 32/51/51 48/39/39 50/43/43 33/52/52
f 30/53/53 51/40/40 45/29/29 29/50/50
f 34/54/54 53/45/45 51/40/40 30/53/53
f 33/52/52 50/43/43 53/45/45 34/54/54
g default
v 0.000104 35.620811 3.452909
v 0.000130 35.601738 1.822660
v 0.000078 35.781960 3.423764
v -0.409026 35.813885 1.683291
v 0.000098 35.863087 1.652258
v -0.214540 35.710274 1.767611
v -0.291090 35.731976 3.386086
v -0.165942 35.870178 1.640487
v 0.000078 35.692356 3.468917
v -0.319242 35.850418 1.661906
v -0.261044 35.837379 3.343421
v -0.397895 35.769890 1.720183
v -0.287870 35.644073 3.369363
v -0.066412 35.874374 1.649065
v -0.099400 35.652321 1.805116
v -0.129457 35.802826 3.407318
v -0.147142 35.712074 3.452684
v -0.144883 35.625694 3.433963
v 0.000078 35.908787 3.233530
v 0.000104 35.616619 3.249481
v -0.395512 35.917171 3.156400
v -0.262862 35.646423 3.173681
v -0.220324 35.956284 3.200464
v -0.464437 35.807022 3.149714
v -0.459397 35.713131 3.140293
v -0.124861 35.621178 3.235816
v -0.083439 35.938133 3.241880
v 0.000130 35.725063 2.850430
v -0.446726 35.994335 2.828057
v 0.000078 36.014328 2.863530
v -0.291039 35.723404 2.842120
v -0.176072 36.083893 2.849923
v -0.535982 35.881699 2.827608
v -0.530995 35.785000 2.826969
v -0.033241 36.050537 2.865920
v -0.127587 35.716034 2.852094
v 0.000078 36.042984 2.414367
v 0.000130 35.643154 2.396930
v -0.433142 36.028610 2.416498
v -0.280989 35.715481 2.429484
v -0.157789 36.109783 2.407739
v -0.523854 35.920670 2.426794
v -0.520738 35.797070 2.428792
v -0.123847 35.671394 2.409133
v -0.028470 36.073112 2.412375
v 0.000130 35.614037 2.073584
v -0.377831 35.942184 1.971689
v 0.000100 35.932835 1.974959
v -0.241488 35.729393 2.041989
v -0.172377 35.988945 1.967675
v -0.468287 35.889942 1.981271
v -0.452336 35.802135 2.003513
v -0.049064 35.975815 1.974545
v -0.114060 35.672958 2.056276
v 0.000130 35.534477 1.242396
v 0.263121 35.646423 3.173681
v 0.281248 35.714836 2.431338
v 0.395747 35.917263 3.156400
v 0.433376 36.028610 2.416498
v 0.288156 35.644073 3.369363
v 0.291298 35.731976 3.386086
v 0.398122 35.770027 1.720183
v 0.452596 35.802044 2.003513
v 0.468548 35.889942 1.981271
v 0.409286 35.813652 1.683291
v 0.531333 35.784863 2.826969
v 0.536291 35.881927 2.827608
v 0.291351 35.723495 2.842120
v 0.033449 36.050491 2.865920
v 0.459683 35.713226 3.140293
v 0.464748 35.807022 3.149714
v 0.241777 35.729393 2.041989
v 0.049264 35.975815 1.974545
v 0.521023 35.797070 2.428792
v 0.524141 35.920670 2.426794
v 0.125120 35.621178 3.235816
v 0.124134 35.671394 2.409133
v 0.261225 35.837334 3.343421
v 0.129639 35.802826 3.407318
v 0.028704 36.073112 2.412375
v 0.157998 36.109646 2.407739
v 0.145143 35.625694 3.433963
v 0.147376 35.712074 3.452684
v 0.127873 35.715942 2.852094
v 0.176306 36.083893 2.849923
v 0.214800 35.710274 1.767611
v 0.099723 35.652321 1.805116
v 0.114350 35.672958 2.056276
v 0.166170 35.870319 1.640487
v 0.172578 35.989037 1.967675
v 0.446985 35.994335 2.828057
v 0.319501 35.850327 1.661906
v 0.378059 35.942184 1.971689
v 0.066704 35.874374 1.649065
v 0.220557 35.956284 3.200464
v 0.083648 35.938133 3.241880
v 0.000130 35.504257 1.524037
v -0.254291 35.697330 1.450060
v 0.000104 35.748650 1.434615
v -0.124834 35.588654 1.481369
v -0.100787 35.768414 1.434362
v -0.196068 35.737041 1.441232
v -0.250527 35.645550 1.462642
v -0.040097 35.756668 1.434109
v -0.062560 35.548714 1.501743
v 0.125094 35.588654 1.481369
v 0.040357 35.756668 1.434109
v 0.254552 35.697330 1.450060
v 0.250812 35.645550 1.462642
v 0.062898 35.548714 1.501743
v 0.101047 35.768414 1.434362
v 0.196328 35.737274 1.441229
vt 0.725599 0.822174
vt 0.729751 0.821209
vt 0.732238 0.825052
vt 0.751077 0.826182
vt 0.758621 0.822010
vt 0.722301 0.787890
vt 0.719408 0.794835
vt 0.717706 0.794047
vt 0.754857 0.784135
vt 0.725221 0.814461
vt 0.728099 0.813649
vt 0.732874 0.821291
vt 0.723891 0.795862
vt 0.726634 0.796274
vt 0.726189 0.804040
vt 0.723142 0.804998
vt 0.751447 0.823712
vt 0.747542 0.823939
vt 0.750136 0.819770
vt 0.753009 0.819766
vt 0.736048 0.824701
vt 0.736834 0.826291
vt 0.725810 0.789630
vt 0.728156 0.790840
vt 0.749942 0.786199
vt 0.752939 0.784962
vt 0.757919 0.791616
vt 0.753894 0.792912
vt 0.756732 0.820295
vt 0.761206 0.802524
vt 0.764005 0.802576
vt 0.718591 0.816249
vt 0.760593 0.812706
vt 0.753279 0.802604
vt 0.755775 0.802503
vt 0.755524 0.811929
vt 0.752880 0.811843
vt 0.748345 0.787303
vt 0.751605 0.793668
vt 0.730186 0.812822
vt 0.734923 0.820439
vt 0.729130 0.796747
vt 0.728553 0.803427
vt 0.744417 0.822953
vt 0.748636 0.819217
vt 0.739148 0.823228
vt 0.741374 0.824031
vt 0.730275 0.791533
vt 0.720467 0.815659
vt 0.752022 0.811739
vt 0.718376 0.805798
vt 0.752507 0.802612
vt 0.750340 0.793820
vt 0.747158 0.787923
vt 0.728447 0.782732
vt 0.730991 0.783962
vt 0.743483 0.784126
vt 0.744200 0.783694
vt 0.747598 0.780365
vt 0.732150 0.784771
vt 0.746768 0.781583
vt 0.745330 0.783052
vt 0.733269 0.785607
vt 0.739922 0.818972
vt 0.737326 0.816721
vt 0.739751 0.814655
vt 0.741293 0.814479
vt 0.741443 0.818937
vt 0.739082 0.792143
vt 0.740121 0.791756
vt 0.740722 0.796432
vt 0.738853 0.796718
vt 0.736257 0.818983
vt 0.732401 0.812082
vt 0.735203 0.811019
vt 0.733980 0.803772
vt 0.730938 0.803530
vt 0.731627 0.796717
vt 0.734357 0.796816
vt 0.743341 0.818452
vt 0.745916 0.816413
vt 0.747431 0.818329
vt 0.743673 0.820907
vt 0.741588 0.821413
vt 0.739821 0.821284
vt 0.735194 0.791997
vt 0.732534 0.791891
vt 0.744217 0.789334
vt 0.746873 0.794992
vt 0.742812 0.795955
vt 0.741756 0.790874
vt 0.743457 0.814656
vt 0.743712 0.809515
vt 0.741152 0.809538
vt 0.741228 0.803448
vt 0.743890 0.803128
vt 0.751222 0.811452
vt 0.748823 0.810465
vt 0.749233 0.802726
vt 0.751739 0.802650
vt 0.746026 0.788565
vt 0.749220 0.794368
vt 0.739430 0.809778
vt 0.738886 0.803627
vt 0.736130 0.786155
vt 0.738415 0.787124
vt 0.742962 0.784670
vt 0.739456 0.787150
vt 0.734739 0.785864
vt 0.740665 0.786528
vt 0.742236 0.785497
vt 0.737521 0.780547
vt 0.727825 0.781880
vt 0.721720 0.786793
vt 0.715886 0.805843
vt 0.759964 0.791007
vt 0.724280 0.823486
vt 0.763252 0.813737
vt 0.746307 0.825815
vt 0.731979 0.826749
vn -0.740109 -0.650686 0.169840
vn -0.194416 -0.973624 -0.119414
vn -0.542411 -0.715096 0.440940
vn -0.597672 0.147979 0.787966
vn -0.868279 0.208494 0.450136
vn -0.721387 -0.689221 -0.067632
vn -0.750886 -0.654626 -0.087379
vn -0.907383 0.352711 -0.228585
vn -0.851276 0.275804 -0.446387
vn -0.189904 -0.977472 -0.092114
vn -0.062290 -0.995414 -0.072599
vn -0.052112 -0.991435 -0.119757
vn -0.353280 -0.935481 -0.008224
vn -0.393743 -0.919053 0.017535
vn -0.227575 -0.972597 0.047590
vn -0.274483 -0.961473 -0.015116
vn -0.357625 0.629998 0.689353
vn -0.071129 0.640320 0.764808
vn 0.173547 0.864706 0.471344
vn -0.154061 0.876176 0.456707
vn -0.239968 -0.767100 0.594956
vn -0.244367 0.132728 0.960556
vn -0.075499 0.909458 -0.408884
vn -0.343007 0.823595 -0.451705
vn -0.403044 0.874582 -0.269559
vn -0.048942 0.957129 -0.285498
vn -0.546512 0.699610 0.460294
vn -0.520487 0.849729 -0.083986
vn -0.938512 0.334380 -0.085935
vn -0.947997 0.290522 0.129994
vn -0.570762 0.803386 0.169710
vn 0.485929 0.869765 -0.085917
vn -0.029330 0.995113 -0.094283
vn -0.065548 0.980294 0.186353
vn 0.410804 0.893156 0.183062
vn 0.182097 0.909734 -0.373128
vn 0.349995 0.901015 -0.256272
vn -0.000179 -0.998358 -0.057277
vn -0.000089 -0.993142 -0.116915
vn -0.000062 -0.999089 0.042678
vn -0.000113 -0.996019 0.089138
vn 0.000010 0.638191 0.769878
vn 0.000171 0.879170 0.476509
vn -0.000025 -0.775790 0.630991
vn -0.000022 0.126289 0.991994
vn -0.782314 -0.622866 -0.004878
vn 0.000493 0.978616 0.205698
vn -0.782376 -0.618427 -0.073732
vn 0.000469 0.994862 -0.101237
vn 0.000198 0.965731 -0.259546
vn -0.420147 -0.898235 0.129034
vn 0.000137 0.928323 -0.371775
vn 0.542522 -0.714971 0.441006
vn 0.194580 -0.973595 -0.119383
vn 0.740136 -0.650628 0.169946
vn 0.868113 0.208741 0.450342
vn 0.597551 0.148168 0.788022
vn 0.052169 -0.991436 -0.119720
vn 0.061814 -0.995461 -0.072362
vn 0.189732 -0.977546 -0.091683
vn 0.274021 -0.961606 -0.015027
vn 0.226616 -0.972818 0.047649
vn 0.393318 -0.919238 0.017395
vn 0.353104 -0.935544 -0.008637
vn 0.357479 0.629991 0.689435
vn 0.153929 0.876164 0.456774
vn -0.173374 0.864747 0.471332
vn 0.071185 0.640348 0.764779
vn 0.244351 0.132865 0.960541
vn 0.239952 -0.767049 0.595028
vn 0.420355 -0.898157 0.128903
vn 0.490455 -0.861570 0.130966
vn 0.546178 0.699762 0.460460
vn 0.570375 0.803676 0.169641
vn 0.947868 0.290929 0.130025
vn 0.938400 0.334673 -0.086023
vn 0.520185 0.849912 -0.084005
vn -0.410304 0.893395 0.183019
vn 0.065473 0.980320 0.186243
vn 0.029352 0.995119 -0.094217
vn -0.485410 0.870059 -0.085870
vn 0.782425 -0.622728 -0.004624
vn 0.782650 -0.618079 -0.073739
vn 0.750893 -0.654583 -0.087636
vn 0.403267 0.874462 -0.269614
vn 0.048898 0.957162 -0.285394
vn -0.350005 0.901032 -0.256201
vn 0.907453 0.352457 -0.228699
vn -0.182411 0.909669 -0.373133
vn 0.343636 0.823355 -0.451666
vn 0.075236 0.909491 -0.408859
vn 0.071338 0.758072 -0.648258
vn -0.128550 0.784667 -0.606442
vn 0.128453 0.784703 -0.606416
vn 0.000107 0.788959 -0.614445
vn 0.341246 0.624283 -0.702725
vn 0.721189 -0.689440 -0.067519
vn 0.851669 0.274953 -0.446162
vn -0.071867 0.757944 -0.648348
vn -0.340954 0.624449 -0.702719
vn 0.691870 0.145758 -0.707157
vn -0.490481 -0.861555 0.130961
vn -0.000141 -0.986381 0.164478
vn -0.688206 -0.683974 -0.241975
vn -0.465551 -0.880547 0.088873
vn -0.539378 -0.839194 0.069457
vn -0.691424 0.146497 -0.707440
vn -0.000245 -0.995858 0.090924
vn 0.465805 -0.880421 0.088794
vn 0.688172 -0.684074 -0.241791
vn 0.539350 -0.839220 0.069370
vn -0.000045 -0.130680 -0.991425
s 1
g Woman14 Tongue Mouth
usemtl lambert2SG
f 79/55/55 76/56/56 67/57/57
f 67/57/57 61/174/58 78/171/59 79/55/55
f 66/60/60 106/61/61 105/62/62 58/168/63
f 85/64/64 90/65/65 80/66/66 76/56/56
f 103/67/67 108/68/68 98/69/69 94/70/70
f 65/71/71 70/72/72 81/73/73 77/74/74
f 67/57/57 72/75/75 71/76/76 61/174/58
f 94/70/70 98/69/69 90/65/65 85/64/64
f 62/79/77 64/80/78 101/81/79 104/82/80
f 75/83/81 78/59/59 61/58/58 65/71/71
f 93/84/82 96/85/83 87/172/84 83/87/85
f 64/80/78 58/63/63 105/170/62 101/81/79
f 65/71/71 61/58/58 71/173/76 70/72/72
f 99/88/86 95/89/87 86/90/88 89/91/89
f 68/92/90 62/79/77 104/82/80 107/93/91
f 90/65/65 82/94/92 74/95/93 80/66/66
f 108/68/68 100/96/94 92/97/95 98/69/69
f 70/72/72 57/98/96 73/99/97 81/73/73
f 72/75/75 55/100/98 63/101/99 71/76/76
f 98/69/69 92/97/95 82/94/92 90/65/65
f 71/173/76 63/101/99 57/98/96 70/72/72
f 79/55/55 88/103/100 85/64/64 76/56/56
f 77/74/74 86/90/88 83/87/85 75/83/81
f 80/66/66 72/75/75 67/57/57 76/56/56
f 81/73/73 89/91/89 86/90/88 77/74/74
f 74/95/93 55/100/98 72/75/75 80/66/66
f 73/99/97 84/104/101 89/91/89 81/73/73
f 88/103/100 79/55/55 78/171/59 87/86/84
f 88/103/100 97/105/102 94/70/70 85/64/64
f 84/104/101 91/106/103 99/88/86 89/91/89
f 87/172/84 78/59/59 75/83/81 83/87/85
f 97/105/102 106/61/61 103/67/67 94/70/70
f 95/89/87 104/82/80 101/81/79 93/84/82
f 97/105/102 88/103/100 87/86/84 96/169/83
f 99/88/86 107/93/91 104/82/80 95/89/87
f 91/106/103 102/107/104 107/93/91 99/88/86
f 106/61/61 97/105/102 96/169/83 105/62/62
f 106/61/61 66/60/60 60/77/105 103/67/67
f 102/107/104 59/108/106 68/92/90 107/93/91
f 105/170/62 96/85/83 93/84/82 101/81/79
f 93/84/82 83/87/85 86/90/88 95/89/87
f 65/71/71 77/74/74 75/83/81
f 114/118/107 110/119/108 124/120/109
f 124/120/109 125/121/110 115/122/111 114/118/107
f 110/119/108 130/127/112 138/128/113 122/129/114
f 111/130/115 131/131/116 142/132/117 126/133/118
f 132/134/119 149/135/120 150/136/121 133/137/122
f 114/118/107 115/122/111 137/138/123 136/139/124
f 122/129/114 138/128/113 131/131/116 111/130/115
f 140/140/125 126/133/118 142/132/117 141/141/126
f 132/134/119 115/122/111 125/121/110 112/146/127
f 145/147/128 121/148/129 129/149/130 113/150/131
f 132/134/119 133/137/122 137/138/123 115/122/111
f 123/151/132 139/152/133 135/153/134 134/154/135
f 130/127/112 74/95/93 82/94/92 138/128/113
f 131/131/116 92/97/95 100/96/94 142/132/117
f 133/137/122 150/136/121 73/99/97 57/98/96
f 136/139/124 137/138/123 63/101/99 55/100/98
f 138/128/113 82/94/92 92/97/95 131/131/116
f 137/138/123 133/137/122 57/98/96 63/101/99
f 110/119/108 122/129/114 120/157/136 124/120/109
f 149/135/120 112/146/127 145/147/128 139/152/133
f 130/127/112 110/119/108 114/118/107 136/139/124
f 150/136/121 149/135/120 139/152/133 123/151/132
f 74/95/93 130/127/112 136/139/124 55/100/98
f 73/99/97 150/136/121 123/151/132 84/104/101
f 120/157/136 121/148/129 125/121/110 124/120/109
f 122/129/114 111/130/115 128/158/137 120/157/136
f 84/104/101 123/151/132 134/154/135 91/106/103
f 121/148/129 145/147/128 112/146/127 125/121/110
f 111/130/115 126/133/118 117/126/138 128/158/137
f 135/153/134 113/150/131 147/144/139 144/143/140
f 128/158/137 129/149/130 121/148/129 120/157/136
f 134/154/135 135/153/134 144/143/140 127/156/141
f 91/106/103 134/154/135 127/156/141 102/107/104
f 117/126/138 118/125/142 129/149/130 128/158/137
f 102/107/104 127/156/141 148/155/143 59/108/106
f 118/125/142 147/144/139 113/150/131 129/149/130
f 145/147/128 113/150/131 135/153/134 139/152/133
f 132/134/119 112/146/127 149/135/120
f 146/145/144 143/142/145 144/143/140 147/144/139
f 148/155/143 127/156/141 144/143/140 143/142/145
f 148/155/143 143/142/145 165/165/146 161/161/147
f 158/112/148 68/92/90 59/108/106 153/111/149
f 59/108/106 148/155/143 161/161/147 153/111/149
f 143/142/145 146/145/144 166/164/150 165/165/146
f 116/123/151 119/124/152 118/125/142 117/126/138
f 117/126/138 126/133/118 140/140/125 116/123/151
f 119/124/152 146/145/144 147/144/139 118/125/142
f 155/116/153 62/79/77 68/92/90 158/112/148
f 156/115/154 64/80/78 62/79/77 155/116/153
f 146/145/144 119/124/152 162/162/155 166/164/150
f 103/67/67 60/77/105 69/78/156 108/68/68
f 108/68/68 69/78/156 56/102/157 100/96/94
f 60/77/105 66/60/60 157/109/158 154/110/159
f 69/78/156 60/77/105 154/110/159 159/114/160
f 56/102/157 141/141/126 142/132/117 100/96/94
f 66/60/60 58/168/63 152/167/161 157/109/158
f 151/117/162 56/102/157 69/78/156 159/114/160
f 140/140/125 160/159/163 163/160/164 116/123/151
f 141/141/126 164/163/165 160/159/163 140/140/125
f 141/141/126 56/102/157 151/117/162 164/163/165
f 152/113/161 58/63/63 64/80/78 156/115/154
f 116/123/151 163/160/164 162/162/155 119/124/152
f 109/166/166 157/109/158 152/167/161
f 158/112/148 109/166/166 155/116/153
f 159/114/160 109/166/166 151/117/162
f 156/115/154 109/166/166 152/113/161
f 163/160/164 109/166/166 162/162/155
f 109/166/166 161/161/147 165/165/146
f 109/166/166 164/163/165 151/117/162
f 109/166/166 166/164/150 162/162/155
f 161/161/147 109/166/166 153/111/149
f 166/164/150 109/166/166 165/165/146
f 109/166/166 158/112/148 153/111/149
f 109/166/166 156/115/154 155/116/153
f 164/163/165 109/166/166 160/159/163
f 109/166/166 163/160/164 160/159/163
f 109/166/166 159/114/160 154/110/159
f 157/109/158 109/166/166 154/110/159
g default
v 0.000000 36.271805 3.293206
v 0.000000 36.271805 3.651665
v 0.000000 36.128166 3.690536
v 0.000000 36.007786 3.723187
v 0.000000 36.019489 3.573988
v 0.000000 36.010460 3.478805
v 0.000000 36.135258 3.429488
v 0.212429 36.130512 3.669281
v 0.204794 36.009998 3.686545
v 0.225985 36.271713 3.628274
v 0.120264 36.271805 3.286014
v 0.127900 36.135029 3.418996
v 0.133353 36.011379 3.468577
v 0.162646 36.021194 3.553096
v 0.647572 36.041832 2.254993
v 0.755137 36.044411 2.201145
v 0.745892 36.172760 2.138975
v 0.644404 36.171375 2.187462
v 0.894826 36.041969 2.264780
v 0.887245 36.173080 2.197350
v 0.744513 36.271805 2.154759
v 0.643728 36.271896 2.203923
v 0.875399 36.271805 2.213837
v 0.321111 36.011150 3.481932
v 0.266653 36.015434 3.415270
v 0.270523 36.138435 3.364244
v 0.390294 36.004379 3.586358
v 0.400656 36.134842 3.592283
v 0.250214 36.271942 3.240993
v 0.413016 36.271942 3.556015
v 0.473940 36.023449 3.337962
v 0.410757 36.031006 3.283871
v 0.399928 36.144058 3.238943
v 0.559950 36.020500 3.415599
v 0.557326 36.135353 3.432045
v 0.366142 36.271942 3.156077
v 0.553667 36.271896 3.404410
v 0.582233 36.026260 3.174977
v 0.498738 36.040955 3.144099
v 0.478354 36.143368 3.112606
v 0.568755 36.033127 2.947136
v 0.551745 36.135399 2.930393
v 0.687955 36.023773 3.234371
v 0.681904 36.141937 3.249608
v 0.507105 36.271713 2.914833
v 0.437479 36.271942 3.076759
v 0.664453 36.271805 3.221414
v 0.669777 36.020180 2.977855
v 0.800427 36.019257 3.019340
v 0.798167 36.137287 3.027874
v 0.768381 36.271713 2.994641
v 0.733034 36.025383 2.750691
v 0.590542 36.036442 2.731178
v 0.584426 36.152443 2.717939
v 0.888388 36.025017 2.776081
v 0.875815 36.147652 2.779700
v 0.539716 36.271942 2.701680
v 0.848706 36.271805 2.763009
v 0.617941 36.029533 2.486796
v 0.759917 36.030777 2.482169
v 0.756384 36.040359 2.289936
v 0.608127 36.038193 2.328254
v 0.610285 36.159401 2.480145
v 0.604194 36.168888 2.279922
v 0.926556 36.031467 2.490677
v 0.941254 36.038792 2.336172
v 0.920328 36.160320 2.493467
v 0.934659 36.171238 2.290895
v 0.591965 36.271805 2.282223
v 0.566495 36.271805 2.451876
v 0.909267 36.271805 2.465742
v 0.924232 36.271805 2.293377
v -0.204794 36.009998 3.686545
v -0.212429 36.130512 3.669281
v -0.225985 36.271713 3.628274
v -0.120264 36.271805 3.286014
v -0.127900 36.135029 3.418996
v -0.133353 36.011379 3.468577
v -0.162646 36.021194 3.553096
v -0.647572 36.041832 2.254993
v -0.644404 36.171375 2.187462
v -0.745892 36.172760 2.138975
v -0.755137 36.044411 2.201145
v -0.887245 36.173080 2.197350
v -0.894826 36.041969 2.264780
v -0.643728 36.271896 2.203923
v -0.744513 36.271805 2.154759
v -0.875399 36.271805 2.213837
v -0.321111 36.011150 3.481932
v -0.266653 36.015434 3.415270
v -0.270523 36.138435 3.364244
v -0.390294 36.004379 3.586358
v -0.400656 36.134842 3.592283
v -0.250214 36.271942 3.240993
v -0.413016 36.271942 3.556015
v -0.473940 36.023449 3.337962
v -0.410757 36.031006 3.283871
v -0.399928 36.144058 3.238943
v -0.559950 36.020500 3.415599
v -0.557326 36.135353 3.432045
v -0.366142 36.271942 3.156077
v -0.553667 36.271896 3.404410
v -0.582233 36.026260 3.174977
v -0.498738 36.040955 3.144099
v -0.478354 36.143368 3.112606
v -0.551745 36.135399 2.930393
v -0.568755 36.033127 2.947136
v -0.687955 36.023773 3.234371
v -0.681904 36.141937 3.249608
v -0.507105 36.271713 2.914833
v -0.437479 36.271942 3.076759
v -0.664453 36.271805 3.221414
v -0.669777 36.020180 2.977855
v -0.800427 36.019257 3.019340
v -0.798167 36.137287 3.027874
v -0.768381 36.271713 2.994641
v -0.733034 36.025383 2.750691
v -0.590542 36.036442 2.731178
v -0.584426 36.152443 2.717939
v -0.888388 36.025017 2.776081
v -0.875815 36.147652 2.779700
v -0.539716 36.271942 2.701680
v -0.848706 36.271805 2.763009
v -0.617941 36.029533 2.486796
v -0.608127 36.038193 2.328254
v -0.756384 36.040359 2.289936
v -0.759917 36.030777 2.482169
v -0.610285 36.159401 2.480145
v -0.604194 36.168888 2.279922
v -0.941254 36.038792 2.336172
v -0.926556 36.031467 2.490677
v -0.934659 36.171238 2.290895
v -0.920328 36.160320 2.493467
v -0.591965 36.271805 2.282223
v -0.566495 36.271805 2.451876
v -0.924232 36.271805 2.293377
v -0.909267 36.271805 2.465742
v -0.388319 35.827660 3.535884
v -0.388216 35.909477 3.544124
v -0.388111 36.091034 3.543825
v -0.312801 36.105591 3.364808
v -0.318826 35.914452 3.416025
v -0.331706 35.830147 3.438829
v -0.871740 35.868752 2.378489
v -0.905963 35.961258 2.287854
v -0.887006 35.865482 2.416374
v -0.921133 35.957664 2.360968
v -0.893892 36.134705 2.323938
v -0.882000 36.136871 2.252226
v -0.621654 36.132080 2.326074
v -0.650739 36.135166 2.253939
v -0.665489 35.956882 2.369105
v -0.692473 35.961349 2.295450
v -0.700234 35.864235 2.432611
v -0.722699 35.868061 2.393841
v -0.171398 36.098724 3.435161
v -0.171138 35.905746 3.521303
v -0.184642 35.824387 3.542742
v -0.205106 35.822037 3.635697
v -0.211002 35.901001 3.646120
v -0.215936 36.078270 3.637050
v -0.562859 35.913990 3.400857
v -0.566364 36.099739 3.383057
v -0.562912 35.829685 3.402383
v -0.470747 35.830376 3.338249
v -0.461164 35.917263 3.294461
v -0.434103 36.107063 3.235856
v -0.697018 35.926704 3.206689
v -0.678476 36.111210 3.197406
v -0.703171 35.843369 3.187870
v -0.578414 35.844059 3.141433
v -0.558211 35.928551 3.117045
v -0.520582 36.116188 3.092065
v -0.771444 36.107388 2.983499
v -0.576312 36.110336 2.923733
v -0.609864 35.927765 2.942198
v -0.642146 35.842125 2.955598
v -0.807645 35.843460 2.987374
v -0.818450 35.929562 2.995134
v 0.000000 35.821762 3.670611
v 0.000000 35.899666 3.669056
v 0.000000 36.072098 3.654953
v 0.000000 36.093658 3.475091
v 0.000000 35.904594 3.549117
v 0.000000 35.823929 3.575508
v -0.882051 35.932602 2.762773
v -0.840497 36.116783 2.743861
v -0.601994 36.119457 2.706451
v -0.640480 35.931496 2.729448
v -0.674372 35.841663 2.747979
v -0.856626 35.843781 2.764909
v -0.920015 35.950111 2.497092
v -0.885347 35.856129 2.526942
v -0.696263 35.854885 2.530601
v -0.661568 35.948402 2.489862
v -0.621082 36.125908 2.456725
v -0.890359 36.127151 2.468230
v 0.871740 35.868752 2.378489
v 0.905963 35.961258 2.287854
v 0.692473 35.961349 2.295450
v 0.722699 35.868061 2.393841
v 0.388319 35.827660 3.535884
v 0.388216 35.909477 3.544136
v 0.562859 35.913990 3.400857
v 0.562912 35.829685 3.402383
v 0.387852 36.086887 3.545915
v 0.566364 36.099602 3.383097
v 0.312773 36.105129 3.364935
v 0.434103 36.107063 3.235856
v 0.318826 35.914452 3.416025
v 0.461164 35.917263 3.294461
v 0.331706 35.830147 3.438829
v 0.470747 35.830376 3.338249
v 0.887006 35.865482 2.416374
v 0.921133 35.957664 2.360968
v 0.893892 36.134705 2.323938
v 0.882000 36.136871 2.252226
v 0.621654 36.132080 2.326074
v 0.650739 36.135166 2.253939
v 0.665489 35.956882 2.369105
v 0.700234 35.864235 2.432611
v 0.171138 35.905746 3.521303
v 0.171372 36.097252 3.435782
v 0.184642 35.824387 3.542742
v 0.205106 35.822037 3.635697
v 0.210975 35.900356 3.646448
v 0.215546 36.073524 3.639532
v 0.678476 36.095318 3.197406
v 0.697018 35.910858 3.206689
v 0.703171 35.827660 3.187870
v 0.578414 35.828117 3.141433
v 0.558211 35.912842 3.117045
v 0.520582 36.100292 3.092065
v 0.771444 36.107388 2.983499
v 0.818450 35.929562 2.995134
v 0.807645 35.843460 2.987391
v 0.642146 35.842125 2.955581
v 0.609864 35.927765 2.942198
v 0.576312 36.110336 2.923733
v 0.920015 35.950111 2.497092
v 0.885347 35.856129 2.526942
v 0.856626 35.843781 2.764909
v 0.882051 35.932602 2.762773
v 0.890359 36.127151 2.468230
v 0.840497 36.116783 2.743861
v 0.621082 36.125908 2.456725
v 0.601994 36.119457 2.706451
v 0.661568 35.948402 2.489862
v 0.640480 35.931496 2.729448
v 0.696263 35.854885 2.530601
v 0.674372 35.841663 2.747979
vt 0.852091 0.962621
vt 0.855664 0.962492
vt 0.856146 0.964835
vt 0.851986 0.965056
vt 0.856972 0.967616
vt 0.851857 0.968052
vt 0.855195 0.951595
vt 0.855021 0.955375
vt 0.852404 0.955337
vt 0.852568 0.951491
vt 0.855075 0.957990
vt 0.852293 0.957927
vt 0.855350 0.959738
vt 0.852216 0.959717
vt 0.879605 0.945019
vt 0.881245 0.943069
vt 0.883043 0.944400
vt 0.881326 0.945911
vt 0.884328 0.947145
vt 0.882017 0.948242
vt 0.881816 0.941387
vt 0.884544 0.943185
vt 0.886053 0.946880
vt 0.858669 0.959219
vt 0.858053 0.957612
vt 0.858081 0.954966
vt 0.859258 0.961620
vt 0.859999 0.964046
vt 0.858146 0.951350
vt 0.861305 0.966502
vt 0.862561 0.957868
vt 0.861895 0.956255
vt 0.861488 0.953751
vt 0.863405 0.960131
vt 0.864054 0.962452
vt 0.861041 0.950616
vt 0.865420 0.964890
vt 0.866051 0.956184
vt 0.864955 0.954599
vt 0.864180 0.952398
vt 0.867596 0.950250
vt 0.868579 0.952223
vt 0.867212 0.958451
vt 0.868013 0.960796
vt 0.866095 0.947706
vt 0.863036 0.949752
vt 0.869483 0.963102
vt 0.869768 0.954137
vt 0.871339 0.956519
vt 0.872414 0.958661
vt 0.874235 0.960905
vt 0.873583 0.951818
vt 0.871972 0.949361
vt 0.870930 0.947166
vt 0.875594 0.954373
vt 0.877054 0.956362
vt 0.869842 0.944767
vt 0.878874 0.958219
vt 0.875884 0.946715
vt 0.878229 0.945174
vt 0.880119 0.946841
vt 0.877499 0.948964
vt 0.875056 0.944255
vt 0.879128 0.942725
vt 0.881632 0.949526
vt 0.879830 0.951252
vt 0.884176 0.949303
vt 0.881853 0.952889
vt 0.879228 0.940909
vt 0.874930 0.941740
vt 0.885903 0.949518
vt 0.884101 0.953594
vt 0.847861 0.964479
vt 0.848542 0.962186
vt 0.846798 0.967179
vt 0.849942 0.951370
vt 0.849793 0.955150
vt 0.849515 0.957752
vt 0.849091 0.959469
vt 0.826185 0.942728
vt 0.824394 0.943469
vt 0.822813 0.941816
vt 0.824718 0.940644
vt 0.823506 0.945732
vt 0.821297 0.944441
vt 0.821421 0.940477
vt 0.824293 0.938919
vt 0.819602 0.944029
vt 0.845829 0.958668
vt 0.846580 0.957120
vt 0.846779 0.954481
vt 0.845036 0.961009
vt 0.844089 0.963362
vt 0.847024 0.950873
vt 0.842578 0.965697
vt 0.842067 0.956988
vt 0.842868 0.955438
vt 0.843488 0.952978
vt 0.841032 0.959171
vt 0.840186 0.961427
vt 0.844202 0.949893
vt 0.838616 0.963739
vt 0.838734 0.955012
vt 0.839962 0.953526
vt 0.840922 0.951400
vt 0.836554 0.950849
vt 0.837703 0.948967
vt 0.837383 0.957170
vt 0.836384 0.959439
vt 0.839415 0.946561
vt 0.842288 0.948861
vt 0.834722 0.961610
vt 0.835205 0.952654
vt 0.833437 0.954893
vt 0.832182 0.956935
vt 0.830175 0.959014
vt 0.831603 0.950017
vt 0.833418 0.947707
vt 0.834644 0.945609
vt 0.829381 0.952390
vt 0.827756 0.954247
vt 0.835934 0.943312
vt 0.825784 0.955941
vt 0.829747 0.944736
vt 0.827946 0.946838
vt 0.825517 0.944498
vt 0.827543 0.942999
vt 0.830783 0.942356
vt 0.826856 0.940482
vt 0.825428 0.948918
vt 0.823780 0.947044
vt 0.823271 0.950375
vt 0.821264 0.946604
vt 0.826913 0.938665
vt 0.831124 0.939860
vt 0.820972 0.950886
vt 0.819525 0.946670
vt 0.697654 0.894344
vt 0.695602 0.893929
vt 0.697305 0.890610
vt 0.699118 0.892276
vt 0.719635 0.902956
vt 0.719400 0.904601
vt 0.715159 0.903741
vt 0.715630 0.902128
vt 0.718691 0.908175
vt 0.713848 0.907224
vt 0.720534 0.895052
vt 0.720205 0.899003
vt 0.716473 0.898088
vt 0.717058 0.894068
vt 0.719907 0.900748
vt 0.716477 0.900074
vt 0.698008 0.894906
vt 0.696066 0.895111
vt 0.692750 0.894965
vt 0.692505 0.892976
vt 0.697271 0.887359
vt 0.698800 0.890398
vt 0.695445 0.888072
vt 0.699904 0.892244
vt 0.723782 0.899961
vt 0.723707 0.895736
vt 0.727321 0.896113
vt 0.727306 0.900166
vt 0.723467 0.901646
vt 0.727298 0.901850
vt 0.723480 0.903529
vt 0.727287 0.903755
vt 0.723259 0.905104
vt 0.727277 0.905307
vt 0.722719 0.908588
vt 0.727249 0.908810
vt 0.709522 0.906140
vt 0.710761 0.902610
vt 0.711012 0.900838
vt 0.712243 0.898298
vt 0.712666 0.896443
vt 0.713910 0.892681
vt 0.704830 0.904680
vt 0.706315 0.901228
vt 0.706974 0.899601
vt 0.708659 0.896613
vt 0.709326 0.894815
vt 0.710508 0.891172
vt 0.697663 0.896962
vt 0.699462 0.895948
vt 0.703181 0.897967
vt 0.702066 0.899500
vt 0.694442 0.898408
vt 0.699674 0.902513
vt 0.701144 0.890822
vt 0.700555 0.887248
vt 0.706204 0.888891
vt 0.705493 0.892781
vt 0.701440 0.892950
vt 0.705037 0.894728
vt 0.757000 0.894612
vt 0.755556 0.892533
vt 0.757387 0.890884
vt 0.759057 0.894217
vt 0.734962 0.903043
vt 0.738992 0.902278
vt 0.739437 0.903921
vt 0.735175 0.904698
vt 0.740701 0.907458
vt 0.735790 0.908215
vt 0.734094 0.895113
vt 0.737553 0.894099
vt 0.738133 0.898145
vt 0.734415 0.899070
vt 0.738162 0.900170
vt 0.734707 0.900823
vt 0.756641 0.895171
vt 0.758583 0.895392
vt 0.762165 0.893293
vt 0.761902 0.895278
vt 0.757458 0.887635
vt 0.759275 0.888366
vt 0.755894 0.890659
vt 0.754769 0.892494
vt 0.730832 0.899999
vt 0.730932 0.895804
vt 0.731134 0.901690
vt 0.731101 0.903575
vt 0.731300 0.905143
vt 0.731758 0.908556
vt 0.745020 0.906216
vt 0.743789 0.902664
vt 0.743579 0.900944
vt 0.742386 0.898508
vt 0.742012 0.896706
vt 0.740834 0.892977
vt 0.748312 0.901497
vt 0.749819 0.904893
vt 0.747627 0.899845
vt 0.745952 0.896773
vt 0.745309 0.894937
vt 0.744188 0.891258
vt 0.756970 0.897226
vt 0.752552 0.899732
vt 0.751436 0.898194
vt 0.755177 0.896200
vt 0.760183 0.898700
vt 0.754939 0.902753
vt 0.753545 0.891061
vt 0.749174 0.892973
vt 0.748519 0.889066
vt 0.754178 0.887491
vt 0.753225 0.893186
vt 0.749602 0.894933
vn 0.000000 -0.641451 0.767164
vn 0.199970 -0.653823 0.729745
vn 0.248991 0.179032 0.951815
vn 0.000000 0.235543 0.971864
vn 0.233983 0.243032 0.941375
vn 0.000000 0.265747 0.964043
vn -0.159417 -0.693033 -0.703059
vn -0.180438 -0.557538 -0.810304
vn -0.000000 -0.568988 -0.822346
vn 0.000000 -0.702528 -0.711656
vn -0.132956 -0.813471 -0.566205
vn -0.000000 -0.818005 -0.575212
vn -0.020953 -0.999512 -0.023167
vn 0.000000 -0.999672 -0.025602
vn -0.523704 -0.674582 -0.520263
vn -0.626982 -0.186180 -0.756459
vn 0.034500 -0.190161 -0.981147
vn 0.041466 -0.667268 -0.743663
vn 0.573315 -0.139555 -0.807363
vn 0.477350 -0.675607 -0.561865
vn -0.690916 0.067232 -0.719803
vn 0.034483 0.173875 -0.984164
vn 0.614472 0.169489 -0.770518
vn -0.015371 -0.998495 -0.052647
vn -0.308125 -0.781699 -0.542223
vn -0.446575 -0.507823 -0.736672
vn 0.420436 -0.704373 0.571920
vn 0.562321 0.076238 0.823397
vn -0.400141 -0.638837 -0.657096
vn 0.577468 0.175705 0.797282
vn -0.011791 -0.997717 -0.066492
vn -0.470821 -0.748668 -0.466715
vn -0.661321 -0.439263 -0.608031
vn 0.569051 -0.697677 0.435234
vn 0.770873 0.046773 0.635269
vn -0.618358 -0.531863 -0.578580
vn 0.779358 0.159619 0.605907
vn -0.056748 -0.998159 -0.021389
vn -0.589407 -0.753215 -0.292006
vn -0.842395 -0.336407 -0.420952
vn -0.933396 -0.267565 -0.239126
vn -0.605088 -0.781458 -0.152289
vn 0.614287 -0.697280 0.369394
vn 0.858520 0.103466 0.502234
vn -0.903901 -0.347491 -0.249427
vn -0.816721 -0.392452 -0.423023
vn 0.853022 0.222167 0.472224
vn -0.050736 -0.998591 -0.015527
vn 0.634084 -0.726828 0.263931
vn 0.911881 0.140654 0.385602
vn 0.895944 0.258090 0.361488
vn -0.023003 -0.999549 -0.019317
vn -0.631596 -0.770859 -0.082839
vn -0.964337 -0.232421 -0.126629
vn 0.664709 -0.734497 0.136659
vn 0.960642 0.143258 0.238001
vn -0.924543 -0.358734 -0.128571
vn 0.944982 0.223561 0.238810
vn -0.607708 -0.792966 -0.043547
vn -0.709888 -0.698949 -0.086773
vn 0.003877 -0.998795 -0.048922
vn -0.005373 -0.999586 -0.028269
vn -0.978976 -0.193457 -0.064650
vn -0.969963 -0.152219 -0.189738
vn 0.688285 -0.721038 -0.079800
vn 0.641848 -0.765072 0.051927
vn 0.987879 0.037139 -0.150717
vn 0.983844 0.116673 0.135791
vn -0.963716 -0.187179 -0.190303
vn -0.943689 -0.320240 -0.083056
vn 0.985981 0.125473 -0.109991
vn 0.978293 0.155945 0.136470
vn -0.248990 0.179032 0.951815
vn -0.199972 -0.653829 0.729738
vn -0.233983 0.243033 0.941375
vn 0.159418 -0.693034 -0.703057
vn 0.180438 -0.557539 -0.810304
vn 0.132956 -0.813472 -0.566204
vn 0.020953 -0.999512 -0.023179
vn 0.523707 -0.674586 -0.520255
vn -0.041468 -0.667271 -0.743659
vn -0.034501 -0.190163 -0.981146
vn 0.626982 -0.186180 -0.756459
vn -0.477351 -0.675609 -0.561861
vn -0.573314 -0.139557 -0.807363
vn -0.034483 0.173875 -0.984164
vn 0.690915 0.067232 -0.719803
vn -0.614469 0.169489 -0.770520
vn 0.015371 -0.998494 -0.052667
vn 0.308125 -0.781699 -0.542223
vn 0.446575 -0.507823 -0.736672
vn -0.420442 -0.704380 0.571907
vn -0.562323 0.076238 0.823396
vn 0.400141 -0.638837 -0.657095
vn -0.577470 0.175705 0.797280
vn 0.011790 -0.997716 -0.066512
vn 0.470820 -0.748665 -0.466722
vn 0.661322 -0.439264 -0.608031
vn -0.569057 -0.697681 0.435219
vn -0.770876 0.046773 0.635266
vn 0.618357 -0.531863 -0.578581
vn -0.779360 0.159619 0.605904
vn 0.056748 -0.998159 -0.021396
vn 0.589406 -0.753214 -0.292010
vn 0.842395 -0.336407 -0.420953
vn 0.605088 -0.781458 -0.152290
vn 0.933396 -0.267565 -0.239125
vn -0.614287 -0.697282 0.369390
vn -0.858519 0.103466 0.502236
vn 0.903901 -0.347491 -0.249425
vn 0.816720 -0.392451 -0.423025
vn -0.853019 0.222167 0.472229
vn 0.050736 -0.998591 -0.015529
vn -0.634082 -0.726829 0.263931
vn -0.911879 0.140653 0.385607
vn -0.895943 0.258090 0.361491
vn 0.023003 -0.999549 -0.019319
vn 0.631596 -0.770859 -0.082842
vn 0.964337 -0.232421 -0.126628
vn -0.664709 -0.734497 0.136660
vn -0.960642 0.143258 0.238001
vn 0.924543 -0.358734 -0.128570
vn -0.944982 0.223561 0.238808
vn 0.607708 -0.792966 -0.043547
vn 0.005373 -0.999586 -0.028270
vn -0.003877 -0.998795 -0.048919
vn 0.709888 -0.698949 -0.086772
vn 0.978976 -0.193457 -0.064650
vn 0.969963 -0.152219 -0.189738
vn -0.641848 -0.765072 0.051927
vn -0.688285 -0.721037 -0.079805
vn -0.983844 0.116673 0.135791
vn -0.987879 0.037139 -0.150719
vn 0.963716 -0.187180 -0.190303
vn 0.943689 -0.320240 -0.083057
vn -0.978293 0.155945 0.136470
vn -0.985981 0.125473 -0.109993
vn -0.137396 -0.805403 -0.576584
vn -0.267491 -0.370591 -0.889444
vn 0.246050 -0.421530 -0.872795
vn 0.194440 -0.808831 -0.554965
vn -0.372529 -0.766053 0.523818
vn -0.572802 -0.005534 0.819675
vn -0.743631 0.025374 0.668109
vn -0.478487 -0.782099 0.399214
vn -0.582162 0.024807 0.812694
vn -0.757333 0.054639 0.650739
vn 0.587788 -0.279701 -0.759126
vn 0.567027 -0.298962 -0.767530
vn 0.744190 -0.290167 -0.601652
vn 0.764630 -0.257777 -0.590671
vn 0.296080 -0.856954 -0.421861
vn 0.287382 -0.911047 -0.295642
vn -0.513593 -0.852887 -0.093840
vn -0.997977 -0.014026 -0.062008
vn -0.988348 0.139697 -0.060435
vn -0.214786 -0.180855 -0.959770
vn 0.944762 -0.272163 -0.182626
vn 0.928710 -0.331174 -0.166800
vn 0.288373 -0.274625 -0.917291
vn 0.454741 -0.880772 -0.132106
vn 0.325169 -0.335028 -0.884320
vn 0.344296 -0.342733 -0.874068
vn 0.000817 -0.386536 -0.922274
vn 0.000237 -0.358187 -0.933650
vn 0.170893 -0.878722 -0.445695
vn 0.000000 -0.867160 -0.498030
vn -0.215853 -0.758559 0.614813
vn -0.000493 -0.744990 0.667076
vn -0.297689 0.000418 0.954663
vn -0.002553 0.023743 0.999715
vn -0.303156 0.040496 0.952080
vn -0.004047 0.062201 0.998055
vn -0.859663 0.131356 0.493685
vn -0.859650 0.070697 0.505968
vn -0.485133 -0.831417 0.270911
vn 0.365440 -0.911029 -0.190998
vn 0.879802 -0.270143 -0.391115
vn 0.889612 -0.234026 -0.392203
vn -0.908655 0.218655 0.355720
vn -0.927035 0.103908 0.360290
vn -0.467019 -0.865795 0.179698
vn 0.351253 -0.932938 -0.079047
vn 0.943014 -0.260755 -0.206716
vn 0.957122 -0.208408 -0.201207
vn -0.992773 0.048457 0.109792
vn -0.466198 -0.884621 -0.010232
vn -0.432123 -0.900254 0.053038
vn -0.975746 0.074505 0.205835
vn -0.974543 0.193715 0.112872
vn -0.949742 0.229511 0.212871
vn 0.958648 -0.273299 -0.079381
vn 0.970949 -0.229621 -0.067315
vn 0.970541 -0.214987 -0.108770
vn 0.955881 -0.269642 -0.116555
vn 0.379302 -0.920674 -0.092143
vn 0.352777 -0.933000 -0.071133
vn 0.137396 -0.805402 -0.576585
vn -0.194440 -0.808831 -0.554965
vn -0.246047 -0.421527 -0.872798
vn 0.267488 -0.370588 -0.889446
vn 0.372345 -0.766793 0.522865
vn 0.467503 -0.773038 0.428782
vn 0.746288 0.025078 0.665150
vn 0.574850 -0.010371 0.818193
vn 0.759117 0.052559 0.648829
vn 0.584789 0.018685 0.810970
vn -0.588256 -0.279645 -0.758785
vn -0.770189 -0.257212 -0.583653
vn -0.753317 -0.287932 -0.591277
vn -0.567199 -0.298983 -0.767394
vn -0.312664 -0.909969 -0.272394
vn -0.296079 -0.856952 -0.421866
vn 0.513593 -0.852887 -0.093842
vn 0.997977 -0.014026 -0.062009
vn 0.214783 -0.180854 -0.959771
vn 0.988348 0.139697 -0.060436
vn -0.944761 -0.272163 -0.182629
vn -0.288369 -0.274622 -0.917293
vn -0.928709 -0.331174 -0.166804
vn -0.454741 -0.880771 -0.132111
vn -0.325262 -0.334980 -0.884304
vn -0.344199 -0.342780 -0.874087
vn -0.170894 -0.878721 -0.445697
vn 0.215380 -0.760300 0.612825
vn 0.296245 -0.005720 0.955095
vn 0.298806 0.033389 0.953730
vn 0.857752 0.130894 0.497120
vn 0.858792 0.067090 0.507913
vn 0.474547 -0.844312 0.248883
vn -0.359553 -0.913172 -0.191932
vn -0.879363 -0.271048 -0.391476
vn -0.889902 -0.233224 -0.392021
vn 0.925387 0.106172 0.363850
vn 0.907003 0.219264 0.359539
vn 0.482054 -0.861320 0.160474
vn -0.346661 -0.931192 -0.112731
vn -0.940814 -0.260288 -0.217071
vn -0.955893 -0.208862 -0.206509
vn 0.992773 0.048457 0.109793
vn 0.975746 0.074507 0.205836
vn 0.432127 -0.900252 0.053040
vn 0.466198 -0.884621 -0.010234
vn 0.974543 0.193715 0.112872
vn 0.949742 0.229511 0.212872
vn -0.958648 -0.273300 -0.079381
vn -0.955881 -0.269640 -0.116555
vn -0.970541 -0.214987 -0.108770
vn -0.970949 -0.229621 -0.067315
vn -0.379302 -0.920673 -0.092145
vn -0.352769 -0.933003 -0.071132
s 1
g Woman14 Mouth Teeth_Up
usemtl lambert2SG
f 170/175/167 175/176/168 174/177/169 169/178/170
f 169/178/170 174/177/169 176/179/171 168/180/172
f 177/181/173 178/182/174 173/183/175 167/184/176
f 173/183/175 178/182/174 179/185/177 172/186/178
f 172/186/178 179/185/177 180/187/179 171/188/180
f 171/188/180 180/187/179 175/176/168 170/175/167
f 181/189/181 184/190/182 183/191/183 182/192/184
f 182/192/184 183/191/183 186/193/185 185/194/186
f 184/190/182 188/195/187 187/196/188 183/191/183
f 183/191/183 187/196/188 189/197/189 186/193/185
f 190/198/190 180/187/179 179/185/177 191/199/191
f 191/199/191 179/185/177 178/182/174 192/200/192
f 193/201/193 175/176/168 180/187/179 190/198/190
f 194/202/194 174/177/169 175/176/168 193/201/193
f 192/200/192 178/182/174 177/181/173 195/203/195
f 176/179/171 174/177/169 194/202/194 196/204/196
f 197/205/197 190/198/190 191/199/191 198/206/198
f 198/206/198 191/199/191 192/200/192 199/207/199
f 200/208/200 193/201/193 190/198/190 197/205/197
f 201/209/201 194/202/194 193/201/193 200/208/200
f 199/207/199 192/200/192 195/203/195 202/210/202
f 196/204/196 194/202/194 201/209/201 203/211/203
f 204/212/204 197/205/197 198/206/198 205/213/205
f 206/214/206 208/215/207 207/216/208 205/213/205
f 209/217/209 200/208/200 197/205/197 204/212/204
f 210/218/210 201/209/201 200/208/200 209/217/209
f 211/219/211 208/215/207 206/214/206 212/220/212
f 203/211/203 201/209/201 210/218/210 213/221/213
f 214/222/214 204/212/204 205/213/205 207/216/208
f 215/223/215 209/217/209 204/212/204 214/222/214
f 216/224/216 210/218/210 209/217/209 215/223/215
f 213/221/213 210/218/210 216/224/216 217/225/217
f 218/226/218 214/222/214 207/216/208 219/227/219
f 220/228/220 219/227/219 207/216/208 208/215/207
f 221/229/221 215/223/215 214/222/214 218/226/218
f 222/230/222 216/224/216 215/223/215 221/229/221
f 220/228/220 208/215/207 211/219/211 223/231/223
f 217/225/217 216/224/216 222/230/222 224/232/224
f 225/233/225 228/234/226 227/235/227 226/236/228
f 229/237/229 230/238/230 228/234/226 225/233/225
f 226/236/228 227/235/227 232/239/231 231/240/232
f 231/240/232 232/239/231 234/241/233 233/242/234
f 235/243/235 230/238/230 229/237/229 236/244/236
f 233/242/234 234/241/233 238/245/237 237/246/238
f 222/230/222 233/242/234 237/246/238 224/232/224
f 221/229/221 231/240/232 233/242/234 222/230/222
f 218/226/218 226/236/228 231/240/232 221/229/221
f 219/227/219 225/233/225 226/236/228 218/226/218
f 236/244/236 229/237/229 220/228/220 223/231/223
f 206/214/206 199/207/199 202/210/202 212/220/212
f 205/213/205 198/206/198 199/207/199 206/214/206
f 220/228/220 229/237/229 225/233/225 219/227/219
f 234/241/233 186/193/185 189/197/189 238/245/237
f 232/239/231 185/194/186 186/193/185 234/241/233
f 227/235/227 182/192/184 185/194/186 232/239/231
f 228/234/226 181/189/181 182/192/184 227/235/227
f 230/238/230 184/190/182 181/189/181 228/234/226
f 188/195/187 184/190/182 230/238/230 235/243/235
f 170/175/167 169/178/170 240/247/239 239/248/240
f 169/178/170 168/180/172 241/249/241 240/247/239
f 242/250/242 167/184/176 173/183/175 243/251/243
f 173/183/175 172/186/178 244/252/244 243/251/243
f 172/186/178 171/188/180 245/253/245 244/252/244
f 171/188/180 170/175/167 239/248/240 245/253/245
f 246/254/246 249/255/247 248/256/248 247/257/249
f 249/255/247 251/258/250 250/259/251 248/256/248
f 247/257/249 248/256/248 253/260/252 252/261/253
f 248/256/248 250/259/251 254/262/254 253/260/252
f 255/263/255 256/264/256 244/252/244 245/253/245
f 256/264/256 257/265/257 243/251/243 244/252/244
f 258/266/258 255/263/255 245/253/245 239/248/240
f 259/267/259 258/266/258 239/248/240 240/247/239
f 257/265/257 260/268/260 242/250/242 243/251/243
f 241/249/241 261/269/261 259/267/259 240/247/239
f 262/270/262 263/271/263 256/264/256 255/263/255
f 263/271/263 264/272/264 257/265/257 256/264/256
f 265/273/265 262/270/262 255/263/255 258/266/258
f 266/274/266 265/273/265 258/266/258 259/267/259
f 264/272/264 267/275/267 260/268/260 257/265/257
f 261/269/261 268/276/268 266/274/266 259/267/259
f 269/277/269 270/278/270 263/271/263 262/270/262
f 271/279/271 270/278/270 273/280/272 272/281/273
f 274/282/274 269/277/269 262/270/262 265/273/265
f 275/283/275 274/282/274 265/273/265 266/274/266
f 276/284/276 277/285/277 271/279/271 272/281/273
f 268/276/268 278/286/278 275/283/275 266/274/266
f 279/287/279 273/280/272 270/278/270 269/277/269
f 280/288/280 279/287/279 269/277/269 274/282/274
f 281/289/281 280/288/280 274/282/274 275/283/275
f 278/286/278 282/290/282 281/289/281 275/283/275
f 283/291/283 284/292/284 273/280/272 279/287/279
f 285/293/285 272/281/273 273/280/272 284/292/284
f 286/294/286 283/291/283 279/287/279 280/288/280
f 287/295/287 286/294/286 280/288/280 281/289/281
f 285/293/285 288/296/288 276/284/276 272/281/273
f 282/290/282 289/297/289 287/295/287 281/289/281
f 290/298/290 293/299/291 292/300/292 291/301/293
f 294/302/294 290/298/290 291/301/293 295/303/295
f 293/299/291 297/304/296 296/305/297 292/300/292
f 297/304/296 299/306/298 298/307/299 296/305/297
f 300/308/300 301/309/301 294/302/294 295/303/295
f 299/306/298 303/310/302 302/311/303 298/307/299
f 287/295/287 289/297/289 303/310/302 299/306/298
f 286/294/286 287/295/287 299/306/298 297/304/296
f 283/291/283 286/294/286 297/304/296 293/299/291
f 284/292/284 283/291/283 293/299/291 290/298/290
f 301/309/301 288/296/288 285/293/285 294/302/294
f 271/279/271 277/285/277 267/275/267 264/272/264
f 270/278/270 271/279/271 264/272/264 263/271/263
f 285/293/285 284/292/284 290/298/290 294/302/294
f 298/307/299 302/311/303 254/262/254 250/259/251
f 296/305/297 298/307/299 250/259/251 251/258/250
f 292/300/292 296/305/297 251/258/250 249/255/247
f 291/301/293 292/300/292 249/255/247 246/254/246
f 295/303/295 291/301/293 246/254/246 247/257/249
f 252/261/253 300/308/300 295/303/295 247/257/249
s 7
f 310/312/304 311/313/305 319/314/306 321/315/307
f 304/316/308 305/317/309 328/318/310 330/319/311
f 305/317/309 306/320/312 329/321/313 328/318/310
f 307/322/314 308/323/315 332/324/316 333/325/317
f 308/323/315 309/326/318 331/327/319 332/324/316
f 309/326/318 304/316/308 330/319/311 331/327/319
f 312/328/320 313/329/321 311/313/305 310/312/304
f 313/329/321 314/330/322 315/331/323 311/313/305
f 316/332/324 318/333/325 319/314/306 317/334/326
f 318/333/325 320/335/327 321/315/307 319/314/306
f 310/312/304 321/315/307 320/335/327 312/328/320
f 311/313/305 315/331/323 317/334/326 319/314/306
f 323/336/328 322/337/329 349/338/330 350/339/331
f 324/340/332 323/336/328 350/339/331 351/341/333
f 325/342/334 324/340/332 351/341/333 346/343/335
f 326/344/336 325/342/334 346/343/335 347/345/337
f 327/346/338 326/344/336 347/345/337 348/347/339
f 335/348/340 334/349/341 328/318/310 329/321/313
f 334/349/341 336/350/342 330/319/311 328/318/310
f 331/327/319 330/319/311 336/350/342 337/351/343
f 337/351/343 338/352/344 332/324/316 331/327/319
f 338/352/344 339/353/345 333/325/317 332/324/316
f 322/337/329 323/336/328 308/323/315 307/322/314
f 323/336/328 324/340/332 309/326/318 308/323/315
f 309/326/318 324/340/332 325/342/334 304/316/308
f 325/342/334 326/344/336 305/317/309 304/316/308
f 326/344/336 327/346/338 306/320/312 305/317/309
f 334/349/341 335/348/340 340/354/346 345/355/347
f 336/350/342 334/349/341 345/355/347 344/356/348
f 337/351/343 336/350/342 344/356/348 343/357/349
f 338/352/344 337/351/343 343/357/349 342/358/350
f 339/353/345 338/352/344 342/358/350 341/359/351
f 358/360/352 359/361/353 357/362/354 352/363/355
f 363/364/356 358/360/352 352/363/355 353/365/357
f 361/366/358 362/367/359 354/368/360 355/369/361
f 360/370/362 361/366/358 355/369/361 356/371/363
f 359/361/353 360/370/362 356/371/363 357/362/354
f 340/354/346 353/365/357 352/363/355 345/355/347
f 342/358/350 355/369/361 354/368/360 341/359/351
f 343/357/349 356/371/363 355/369/361 342/358/350
f 344/356/348 357/362/354 356/371/363 343/357/349
f 345/355/347 352/363/355 357/362/354 344/356/348
f 313/329/321 312/328/320 359/361/353 358/360/352
f 312/328/320 320/335/327 360/370/362 359/361/353
f 320/335/327 318/333/325 361/366/358 360/370/362
f 318/333/325 316/332/324 362/367/359 361/366/358
f 314/330/322 313/329/321 358/360/352 363/364/356
f 364/372/364 367/373/365 366/374/366 365/375/367
f 368/376/368 371/377/369 370/378/370 369/379/371
f 369/379/371 370/378/370 373/380/372 372/381/373
f 374/382/374 375/383/375 377/384/376 376/385/377
f 376/385/377 377/384/376 379/386/378 378/387/379
f 378/387/379 379/386/378 371/377/369 368/376/368
f 380/388/380 364/372/364 365/375/367 381/389/381
f 381/389/381 365/375/367 383/390/382 382/391/383
f 384/392/384 385/393/385 366/374/366 386/394/386
f 386/394/386 366/374/366 367/373/365 387/395/387
f 364/372/364 380/388/380 387/395/387 367/373/365
f 365/375/367 366/374/366 385/393/385 383/390/382
f 388/396/388 350/339/331 349/338/330 389/397/389
f 390/398/390 351/341/333 350/339/331 388/396/388
f 391/399/391 346/343/335 351/341/333 390/398/390
f 392/400/392 347/345/337 346/343/335 391/399/391
f 393/401/393 348/347/339 347/345/337 392/400/392
f 394/402/394 373/380/372 370/378/370 395/403/395
f 395/403/395 370/378/370 371/377/369 396/404/396
f 379/386/378 397/405/397 396/404/396 371/377/369
f 397/405/397 379/386/378 377/384/376 398/406/398
f 398/406/398 377/384/376 375/383/375 399/407/399
f 389/397/389 374/382/374 376/385/377 388/396/388
f 388/396/388 376/385/377 378/387/379 390/398/390
f 378/387/379 368/376/368 391/399/391 390/398/390
f 391/399/391 368/376/368 369/379/371 392/400/392
f 392/400/392 369/379/371 372/381/373 393/401/393
f 395/403/395 401/408/400 400/409/401 394/402/394
f 396/404/396 402/410/402 401/408/400 395/403/395
f 397/405/397 403/411/403 402/410/402 396/404/396
f 398/406/398 404/412/404 403/411/403 397/405/397
f 399/407/399 405/413/405 404/412/404 398/406/398
f 406/414/406 409/415/407 408/416/408 407/417/409
f 410/418/410 411/419/411 409/415/407 406/414/406
f 414/420/412 415/421/413 413/422/414 412/423/415
f 416/424/416 417/425/417 415/421/413 414/420/412
f 407/417/409 408/416/408 417/425/417 416/424/416
f 400/409/401 401/408/400 409/415/407 411/419/411
f 404/412/404 405/413/405 413/422/414 415/421/413
f 403/411/403 404/412/404 415/421/413 417/425/417
f 402/410/402 403/411/403 417/425/417 408/416/408
f 401/408/400 402/410/402 408/416/408 409/415/407
f 381/389/381 406/414/406 407/417/409 380/388/380
f 380/388/380 407/417/409 416/424/416 387/395/387
f 387/395/387 416/424/416 414/420/412 386/394/386
f 386/394/386 414/420/412 412/423/415 384/392/384
f 382/391/383 410/418/410 406/414/406 381/389/381
g default
v 0.000000 35.382919 3.284408
v 0.000000 35.416290 3.621721
v 0.000000 35.523335 3.642504
v 0.000000 35.634823 3.677779
v 0.000000 35.630100 3.529657
v 0.000000 35.627975 3.435390
v 0.000000 35.511883 3.387703
v 0.657883 35.727730 2.240600
v 0.766771 35.734463 2.186850
v 0.761838 35.619598 2.129083
v 0.658919 35.613487 2.177479
v 0.912485 35.723099 2.250368
v 0.912380 35.606819 2.187416
v 0.774197 35.482964 2.152441
v 0.671254 35.475498 2.201532
v 0.917289 35.469299 2.211453
v 0.755789 35.376316 3.255303
v 0.737192 35.505154 3.258943
v 0.721742 35.629833 3.244807
v 0.609995 35.626137 3.141932
v 0.904668 35.370502 2.983252
v 0.883796 35.505966 3.012165
v 0.854448 35.635326 3.003021
v 0.702107 35.631432 2.952371
v 0.595973 35.617226 2.921877
v 0.522320 35.610851 3.111490
v 0.971176 35.381828 2.755665
v 0.948895 35.519627 2.765141
v 0.928975 35.652451 2.757789
v 0.763189 35.650192 2.731791
v 0.627965 35.640076 2.712379
v 0.640070 35.521465 2.703731
v 0.629032 35.384018 2.696412
v 0.511076 35.369530 3.054087
v 0.516609 35.507179 3.082638
v 0.596881 35.512665 2.908395
v 0.592569 35.369389 2.901009
v 0.954349 35.688774 2.475785
v 0.970109 35.556648 2.482950
v 0.992521 35.421120 2.462636
v 0.613838 35.423840 2.448818
v 0.636874 35.558022 2.469640
v 0.633339 35.687981 2.471838
v 0.780250 35.688263 2.467296
v 0.593737 35.391846 3.383814
v 0.579896 35.509933 3.409287
v 0.576391 35.628403 3.424084
v 0.490041 35.625313 3.347479
v 0.425222 35.618351 3.313623
v 0.425275 35.505676 3.241516
v 0.418547 35.374218 3.172164
v 0.393902 35.407410 3.546671
v 0.385281 35.517227 3.564324
v 0.386578 35.629219 3.561139
v 0.323941 35.626877 3.438588
v 0.271068 35.626282 3.383012
v 0.276782 35.507645 3.333984
v 0.277222 35.378922 3.243541
v 0.131068 35.381905 3.276482
v 0.198173 35.414413 3.614897
v 0.193030 35.521271 3.638121
v 0.194302 35.632214 3.658481
v 0.159711 35.628506 3.508579
v 0.125769 35.510872 3.376674
v 0.979205 35.452751 2.290847
v 0.967962 35.590450 2.280844
v 0.963043 35.712120 2.321626
v 0.770951 35.720268 2.275467
v 0.650194 35.715591 2.313679
v 0.652065 35.596233 2.269829
v 0.653544 35.459179 2.279671
v -0.193030 35.521160 3.638121
v -0.194302 35.632172 3.658481
v -0.198173 35.414379 3.614897
v -0.131068 35.382935 3.280399
v -0.125769 35.511265 3.380227
v -0.159711 35.628471 3.508579
v -0.657883 35.728012 2.240600
v -0.766771 35.734505 2.186850
v -0.761838 35.619720 2.129083
v -0.658919 35.613762 2.177479
v -0.912485 35.723099 2.250368
v -0.912380 35.606869 2.187416
v -0.774197 35.483246 2.152441
v -0.671254 35.475616 2.201532
v -0.917289 35.469460 2.211453
v -0.323941 35.626831 3.438588
v -0.271068 35.626453 3.383012
v -0.276782 35.508190 3.334971
v -0.386578 35.629169 3.561139
v -0.385281 35.517254 3.564324
v -0.277222 35.380165 3.245745
v -0.393902 35.407227 3.546671
v -0.490041 35.625473 3.347479
v -0.425222 35.618435 3.313623
v -0.425275 35.505966 3.241516
v -0.576391 35.628235 3.424084
v -0.579896 35.509819 3.409287
v -0.418547 35.374638 3.173268
v -0.593737 35.391685 3.383814
v -0.609995 35.626335 3.141932
v -0.522320 35.610840 3.111425
v -0.516609 35.507214 3.082622
v -0.595973 35.617142 2.921791
v -0.596881 35.512589 2.908339
v -0.721742 35.629566 3.244781
v -0.737192 35.504837 3.258943
v -0.592569 35.369213 2.901270
v -0.511076 35.369820 3.054664
v -0.755789 35.376266 3.255303
v -0.702107 35.631474 2.952371
v -0.854448 35.635281 3.003021
v -0.883796 35.505775 3.012165
v -0.904668 35.370346 2.983252
v -0.763189 35.650192 2.731769
v -0.627965 35.639839 2.712337
v -0.640070 35.521500 2.703707
v -0.928975 35.652557 2.757789
v -0.948895 35.519627 2.765141
v -0.629032 35.384293 2.696484
v -0.971176 35.381828 2.755665
v -0.633339 35.688026 2.471838
v -0.780250 35.688416 2.467296
v -0.770951 35.720417 2.275467
v -0.650194 35.715706 2.313679
v -0.636874 35.558205 2.469640
v -0.652065 35.596661 2.269829
v -0.954349 35.688534 2.475785
v -0.963047 35.712120 2.321626
v -0.970109 35.556648 2.482950
v -0.967965 35.590374 2.280844
v -0.653544 35.459846 2.279671
v -0.613838 35.424690 2.448818
v -0.992521 35.421120 2.462636
v -0.979182 35.452877 2.290847
v 0.390450 35.835365 3.523983
v 0.389879 35.749020 3.532217
v 0.378322 35.552128 3.530714
v 0.319630 35.550076 3.352528
v 0.323577 35.752384 3.405606
v 0.334850 35.838902 3.427649
v 0.871400 35.936733 2.358012
v 0.914378 35.853508 2.270287
v 0.886543 35.932259 2.395979
v 0.930926 35.844868 2.343190
v 0.922483 35.634125 2.312177
v 0.906359 35.644733 2.240600
v 0.638249 35.637150 2.314278
v 0.665696 35.648327 2.242246
v 0.672086 35.845795 2.351351
v 0.698447 35.855408 2.277829
v 0.700392 35.930733 2.412586
v 0.722752 35.935448 2.373513
v 0.168541 35.551430 3.421433
v 0.172281 35.749916 3.509420
v 0.185733 35.832985 3.530826
v 0.203756 35.829609 3.623793
v 0.206249 35.746464 3.634218
v 0.199289 35.553738 3.623015
v 0.572988 35.755993 3.391416
v 0.588830 35.551987 3.373056
v 0.568077 35.843609 3.392724
v 0.475914 35.845131 3.328466
v 0.470928 35.757553 3.285361
v 0.457969 35.549683 3.225368
v 0.716730 35.764984 3.201705
v 0.726181 35.553658 3.191571
v 0.712315 35.856071 3.182652
v 0.585505 35.856850 3.135290
v 0.572752 35.766125 3.110386
v 0.555898 35.551357 3.082661
v 0.830527 35.559380 2.978615
v 0.616150 35.558285 2.914761
v 0.623341 35.776081 2.933162
v 0.646065 35.870041 2.945758
v 0.813855 35.870838 2.979082
v 0.841042 35.777748 2.988853
v 0.000000 35.829437 3.658677
v 0.000000 35.747559 3.657010
v 0.000000 35.555332 3.639201
v 0.000000 35.551598 3.460898
v 0.000000 35.750278 3.537201
v 0.000000 35.832565 3.563594
v 0.900847 35.797054 2.750350
v 0.896432 35.577641 2.736109
v 0.635886 35.578918 2.696645
v 0.651649 35.796837 2.715972
v 0.676475 35.890602 2.732445
v 0.859535 35.892052 2.749667
v 0.932327 35.828201 2.480038
v 0.885218 35.918983 2.507856
v 0.696809 35.918007 2.512021
v 0.669669 35.828716 2.473206
v 0.642378 35.615582 2.445153
v 0.927701 35.613182 2.456656
v -0.871400 35.936733 2.358012
v -0.914378 35.853508 2.270287
v -0.698447 35.855408 2.277829
v -0.722752 35.935448 2.373513
v -0.390450 35.835365 3.523983
v -0.389879 35.749020 3.532217
v -0.572988 35.755993 3.391416
v -0.568077 35.843609 3.392724
v -0.378322 35.552128 3.530714
v -0.588830 35.551987 3.373065
v -0.319630 35.550076 3.352528
v -0.457969 35.549683 3.225368
v -0.323577 35.752384 3.405606
v -0.470928 35.757553 3.285361
v -0.334850 35.838902 3.427649
v -0.475914 35.845131 3.328466
v -0.886543 35.932259 2.395979
v -0.930926 35.844868 2.343190
v -0.922483 35.634125 2.312177
v -0.906359 35.644733 2.240600
v -0.638249 35.637150 2.314278
v -0.665696 35.648327 2.242246
v -0.672086 35.845795 2.351351
v -0.700392 35.930733 2.412586
v -0.172281 35.749916 3.509420
v -0.168541 35.551430 3.421433
v -0.185733 35.832985 3.530826
v -0.203756 35.829609 3.623793
v -0.206249 35.746464 3.634218
v -0.199289 35.553738 3.623015
v -0.726181 35.553658 3.191571
v -0.716730 35.764984 3.201679
v -0.712315 35.856071 3.182652
v -0.585505 35.856850 3.135290
v -0.572752 35.766125 3.110386
v -0.555898 35.551357 3.082661
v -0.830527 35.559380 2.978615
v -0.841042 35.777748 2.988853
v -0.813855 35.870838 2.979082
v -0.646065 35.870041 2.945758
v -0.623341 35.776081 2.933162
v -0.616150 35.558285 2.914751
v -0.932327 35.828201 2.480038
v -0.885218 35.918983 2.507856
v -0.859535 35.892052 2.749667
v -0.900847 35.797054 2.750350
v -0.927701 35.613182 2.456656
v -0.896432 35.577641 2.736109
v -0.642378 35.615582 2.445153
v -0.635886 35.578918 2.696645
v -0.669669 35.828716 2.473206
v -0.651649 35.796837 2.715972
v -0.696809 35.918007 2.512021
v -0.676475 35.890602 2.732445
v 0.139502 35.626915 3.403519
v -0.142449 35.627220 3.403067
vt 0.850598 0.908183
vt 0.850519 0.910543
vt 0.846724 0.910089
vt 0.847171 0.907962
vt 0.850446 0.912754
vt 0.846159 0.912171
vt 0.848155 0.897481
vt 0.850953 0.897625
vt 0.850842 0.900926
vt 0.848222 0.900701
vt 0.850758 0.903426
vt 0.850695 0.905322
vt 0.847544 0.904975
vt 0.823391 0.889258
vt 0.821809 0.889993
vt 0.820496 0.888648
vt 0.822233 0.887553
vt 0.820906 0.892058
vt 0.818864 0.891087
vt 0.818665 0.886957
vt 0.821861 0.885415
vt 0.816534 0.891091
vt 0.844111 0.904111
vt 0.844986 0.902812
vt 0.844999 0.900248
vt 0.843414 0.906819
vt 0.842839 0.909035
vt 0.845063 0.897117
vt 0.841924 0.911068
vt 0.840409 0.903183
vt 0.841419 0.902026
vt 0.841572 0.899178
vt 0.839338 0.905358
vt 0.838241 0.907535
vt 0.842071 0.896173
vt 0.836892 0.909583
vt 0.836307 0.900642
vt 0.837555 0.899137
vt 0.838394 0.897065
vt 0.834033 0.896569
vt 0.835223 0.894641
vt 0.835343 0.903654
vt 0.834269 0.906023
vt 0.836931 0.892234
vt 0.839637 0.894468
vt 0.832880 0.908285
vt 0.832646 0.898544
vt 0.830654 0.901291
vt 0.829172 0.903607
vt 0.827114 0.905632
vt 0.828935 0.896134
vt 0.830664 0.893718
vt 0.832009 0.891624
vt 0.826509 0.898742
vt 0.824853 0.900909
vt 0.833579 0.889368
vt 0.822886 0.902869
vt 0.826825 0.890847
vt 0.825265 0.893148
vt 0.822902 0.890944
vt 0.824463 0.889614
vt 0.828005 0.888633
vt 0.824018 0.887348
vt 0.822663 0.895370
vt 0.821156 0.893321
vt 0.820692 0.896931
vt 0.818785 0.893276
vt 0.824307 0.885004
vt 0.828810 0.886098
vt 0.818277 0.898177
vt 0.816481 0.894078
vt 0.854033 0.908199
vt 0.854337 0.910352
vt 0.854765 0.912464
vt 0.853749 0.897733
vt 0.853456 0.900922
vt 0.853864 0.905197
vt 0.879039 0.891159
vt 0.880310 0.889539
vt 0.881968 0.890749
vt 0.880566 0.892000
vt 0.883430 0.893294
vt 0.881326 0.894123
vt 0.880830 0.887429
vt 0.883909 0.889189
vt 0.885752 0.893460
vt 0.857348 0.904565
vt 0.856563 0.903211
vt 0.856717 0.900667
vt 0.857860 0.907313
vt 0.858285 0.909560
vt 0.856867 0.897567
vt 0.859064 0.911654
vt 0.861104 0.903891
vt 0.860175 0.902668
vt 0.860220 0.899821
vt 0.862026 0.906133
vt 0.862973 0.908377
vt 0.859918 0.896802
vt 0.864182 0.910512
vt 0.865371 0.901635
vt 0.864229 0.900048
vt 0.863534 0.897925
vt 0.866864 0.895721
vt 0.867919 0.897725
vt 0.866128 0.904705
vt 0.867039 0.907142
vt 0.865319 0.893206
vt 0.862467 0.895260
vt 0.868269 0.909489
vt 0.869167 0.899791
vt 0.870967 0.902666
vt 0.872287 0.905080
vt 0.874202 0.907241
vt 0.873034 0.897638
vt 0.871475 0.895109
vt 0.870278 0.892934
vt 0.875275 0.900405
vt 0.876780 0.902682
vt 0.868865 0.890581
vt 0.878607 0.904773
vt 0.875503 0.892509
vt 0.877945 0.891440
vt 0.879411 0.892875
vt 0.876902 0.894912
vt 0.874477 0.890223
vt 0.878543 0.889215
vt 0.880990 0.895366
vt 0.879346 0.897308
vt 0.883359 0.895484
vt 0.881203 0.898998
vt 0.878417 0.886862
vt 0.873852 0.887650
vt 0.885599 0.896443
vt 0.883526 0.900408
vt 0.695084 0.944900
vt 0.693237 0.944689
vt 0.694696 0.941612
vt 0.696351 0.942972
vt 0.717475 0.953015
vt 0.717360 0.954776
vt 0.712952 0.954081
vt 0.713342 0.952329
vt 0.717087 0.958798
vt 0.711765 0.958080
vt 0.718528 0.944877
vt 0.718049 0.949059
vt 0.714210 0.948152
vt 0.714922 0.943762
vt 0.717704 0.950829
vt 0.714161 0.950194
vt 0.695409 0.945441
vt 0.693650 0.945793
vt 0.689754 0.946450
vt 0.689545 0.944289
vt 0.694767 0.937965
vt 0.696072 0.941239
vt 0.692861 0.938803
vt 0.697089 0.942922
vt 0.721740 0.949916
vt 0.721827 0.945547
vt 0.725341 0.945855
vt 0.725337 0.950107
vt 0.721386 0.951644
vt 0.725335 0.951829
vt 0.721462 0.953541
vt 0.725333 0.953738
vt 0.721362 0.955222
vt 0.725332 0.955373
vt 0.721213 0.959098
vt 0.725328 0.959182
vt 0.707156 0.957237
vt 0.708454 0.953100
vt 0.708641 0.951176
vt 0.709820 0.948572
vt 0.710300 0.946624
vt 0.711690 0.942373
vt 0.702281 0.956021
vt 0.703831 0.952003
vt 0.704483 0.950108
vt 0.706095 0.946883
vt 0.706882 0.944968
vt 0.708315 0.940758
vt 0.695062 0.947695
vt 0.696759 0.946496
vt 0.700498 0.948473
vt 0.699411 0.950364
vt 0.691660 0.949937
vt 0.697072 0.953982
vt 0.698379 0.941527
vt 0.698177 0.937346
vt 0.703931 0.938836
vt 0.702866 0.943040
vt 0.698596 0.943487
vt 0.702270 0.945024
vt 0.755600 0.944962
vt 0.754339 0.943032
vt 0.755997 0.941675
vt 0.757448 0.944756
vt 0.733193 0.953030
vt 0.737328 0.952352
vt 0.737713 0.954105
vt 0.733305 0.954791
vt 0.738893 0.958106
vt 0.733570 0.958813
vt 0.732156 0.944889
vt 0.735764 0.943782
vt 0.736468 0.948174
vt 0.732627 0.949073
vt 0.736513 0.950215
vt 0.732968 0.950843
vt 0.755275 0.945503
vt 0.757033 0.945859
vt 0.761141 0.944365
vt 0.760928 0.946525
vt 0.755935 0.938028
vt 0.757839 0.938871
vt 0.754622 0.941299
vt 0.753601 0.942979
vt 0.728934 0.949923
vt 0.728856 0.945554
vt 0.729285 0.951651
vt 0.729205 0.953548
vt 0.729301 0.955230
vt 0.729444 0.959106
vt 0.743503 0.957272
vt 0.742214 0.953133
vt 0.742030 0.951209
vt 0.740857 0.948602
vt 0.740381 0.946653
vt 0.738999 0.942399
vt 0.746838 0.952046
vt 0.748380 0.956067
vt 0.746191 0.950149
vt 0.744585 0.946921
vt 0.743802 0.945004
vt 0.742379 0.940791
vt 0.755617 0.947757
vt 0.751261 0.950416
vt 0.750179 0.948523
vt 0.753923 0.946555
vt 0.759014 0.950007
vt 0.753593 0.954040
vt 0.752314 0.941581
vt 0.747823 0.943085
vt 0.746767 0.938878
vt 0.752525 0.937402
vt 0.752092 0.943542
vt 0.748414 0.945070
vt 0.847791 0.902976
vt 0.853820 0.903192
vn -0.000063 0.699303 0.714826
vn 0.000038 -0.222616 0.974906
vn 0.212143 -0.168625 0.962581
vn 0.178069 0.700827 0.690748
vn 0.000041 -0.200953 0.979601
vn 0.197793 -0.177463 0.964046
vn -0.651233 0.671557 -0.353420
vn 0.045890 0.734076 -0.677514
vn 0.027558 0.146817 -0.988780
vn -0.712764 0.084385 -0.696310
vn 0.466572 0.745220 -0.476401
vn 0.551138 0.130728 -0.824110
vn 0.055147 -0.171244 -0.983684
vn -0.777893 -0.149833 -0.610272
vn 0.604761 -0.086820 -0.791661
vn 0.502329 -0.086722 0.860317
vn 0.375613 0.700800 0.606461
vn 0.519362 -0.113441 0.846991
vn 0.658018 -0.019641 0.752746
vn 0.473153 0.704383 0.529123
vn 0.642979 -0.038626 0.764909
vn -0.065449 0.997700 -0.017647
vn -0.641908 0.703771 -0.304401
vn -0.401841 0.786986 -0.468164
vn -0.035795 0.998801 -0.033410
vn -0.873718 0.162744 -0.458401
vn -0.679123 0.717528 -0.154742
vn -0.954791 0.051504 -0.292783
vn 0.525718 0.759456 0.383206
vn 0.798852 0.086424 0.595286
vn -0.948435 0.075377 -0.307878
vn -0.862156 0.149308 -0.484142
vn 0.804992 0.044579 0.591609
vn -0.067340 0.997130 0.034592
vn 0.564816 0.776595 0.279077
vn 0.905897 0.138576 0.400185
vn 0.921992 0.093313 0.375797
vn -0.046129 0.992652 0.111865
vn -0.691128 0.721524 0.041779
vn -0.997100 0.029798 -0.070023
vn 0.587534 0.788147 0.183379
vn 0.971494 0.150036 0.183547
vn -0.993738 0.092302 -0.062976
vn 0.975433 0.134091 0.174784
vn -0.682480 0.725125 0.091728
vn -0.017710 0.988048 0.153129
vn 0.005135 0.987060 0.160267
vn -0.687393 0.723758 0.060542
vn -0.998744 0.036192 -0.034657
vn -0.993243 0.015731 -0.114981
vn 0.561453 0.814036 0.148716
vn 0.612201 0.790281 0.025792
vn 0.989547 0.129891 0.062656
vn 0.968602 0.102415 -0.226542
vn -0.989504 0.046755 -0.136731
vn -0.994296 0.104414 -0.021768
vn 0.988883 0.140248 0.049400
vn 0.980333 0.085763 -0.177742
vn -0.664446 0.351692 -0.659412
vn -0.661227 0.357702 -0.659415
vn -0.212117 -0.168612 0.962588
vn -0.197883 -0.177430 0.964034
vn 0.650294 0.672544 -0.353273
vn 0.712598 0.084570 -0.696457
vn -0.027604 0.146808 -0.988780
vn -0.046357 0.734100 -0.677458
vn -0.551188 0.130800 -0.824065
vn -0.466925 0.744925 -0.476516
vn 0.777568 -0.149920 -0.610665
vn -0.054813 -0.171355 -0.983683
vn -0.604803 -0.086930 -0.791617
vn -0.502337 -0.086685 0.860316
vn -0.519403 -0.113338 0.846980
vn -0.658041 -0.019615 0.752727
vn -0.642955 -0.038638 0.764928
vn 0.064717 0.997754 -0.017266
vn 0.034951 0.998862 -0.032464
vn 0.402797 0.786717 -0.467794
vn 0.641998 0.703568 -0.304681
vn 0.874037 0.161430 -0.458257
vn 0.954853 0.051056 -0.292658
vn 0.679234 0.717320 -0.155221
vn -0.526777 0.758420 0.383804
vn -0.473765 0.703704 0.529479
vn -0.798838 0.086458 0.595301
vn 0.948499 0.074601 -0.307871
vn 0.862619 0.147208 -0.483960
vn -0.804983 0.044629 0.591617
vn 0.067383 0.997127 0.034612
vn -0.565304 0.776094 0.279479
vn -0.905883 0.138583 0.400214
vn -0.921994 0.093360 0.375780
vn 0.046391 0.992637 0.111892
vn 0.691372 0.721282 0.041902
vn 0.997101 0.029807 -0.070008
vn -0.587577 0.788125 0.183338
vn -0.971483 0.150028 0.183610
vn 0.993726 0.092290 -0.063183
vn -0.975424 0.134087 0.174840
vn 0.682157 0.725366 0.092225
vn 0.687074 0.724041 0.060779
vn -0.005834 0.987032 0.160416
vn 0.017471 0.988007 0.153418
vn 0.998742 0.036293 -0.034590
vn 0.993254 0.015751 -0.114886
vn -0.612400 0.790118 0.026091
vn -0.562096 0.813594 0.148704
vn -0.968610 0.102399 -0.226516
vn -0.989543 0.129922 0.062646
vn 0.989517 0.046717 -0.136651
vn 0.994263 0.104758 -0.021595
vn -0.980357 0.085772 -0.177603
vn -0.988881 0.140256 0.049419
vn 0.663364 0.354678 -0.658902
vn 0.667069 0.347295 -0.659094
vn 0.143999 0.854921 -0.498372
vn 0.256769 0.325375 -0.910055
vn -0.255671 0.359333 -0.897503
vn -0.214591 0.854129 -0.473723
vn 0.353729 0.731257 0.583214
vn 0.546986 -0.007236 0.837110
vn 0.706649 0.012512 0.707454
vn 0.447880 0.755617 0.477961
vn 0.544923 -0.041466 0.837460
vn 0.713309 -0.011822 0.700750
vn -0.569740 0.261499 -0.779111
vn -0.559632 0.279658 -0.780130
vn -0.745398 0.233028 -0.624563
vn -0.757464 0.196696 -0.622543
vn -0.320974 0.861201 -0.394092
vn -0.337600 0.906975 -0.251838
vn 0.490246 0.868571 0.072412
vn 0.989158 0.122370 -0.081194
vn 0.995343 -0.020089 -0.094282
vn 0.268145 0.139256 -0.953261
vn -0.980930 0.165669 -0.101634
vn -0.966130 0.232584 -0.111788
vn -0.317667 0.197339 -0.927440
vn -0.481685 0.874988 0.048744
vn -0.330042 0.329181 -0.884710
vn -0.340108 0.340724 -0.876489
vn -0.000001 0.383701 -0.923457
vn -0.000001 0.354833 -0.934930
vn -0.193921 0.885821 -0.421564
vn -0.000000 0.878426 -0.477879
vn 0.214801 0.714366 0.665989
vn -0.000000 0.708818 0.705391
vn 0.300411 -0.021073 0.953577
vn 0.000000 -0.036663 0.999328
vn 0.289658 -0.065053 0.954917
vn 0.000000 -0.076866 0.997042
vn 0.844605 -0.009805 0.535300
vn 0.840752 0.040386 0.539913
vn 0.451587 0.827089 0.334652
vn -0.416053 0.900134 -0.129071
vn -0.899960 0.168492 -0.402097
vn -0.902464 0.126148 -0.411880
vn 0.931465 -0.036125 0.362033
vn 0.930400 0.058799 0.361799
vn 0.442543 0.865241 0.235614
vn -0.414071 0.910155 -0.012753
vn -0.973388 0.127393 -0.190489
vn -0.978527 0.072226 -0.193051
vn 0.991434 0.103829 0.079237
vn 0.432229 0.890770 0.140382
vn 0.409613 0.897646 0.162630
vn 0.979304 0.087562 0.182475
vn 0.997443 -0.029268 0.065201
vn 0.983281 -0.038419 0.177997
vn -0.986198 0.164830 -0.015606
vn -0.993255 0.115077 -0.014235
vn -0.994213 0.083073 -0.068109
vn -0.987630 0.140950 -0.068704
vn -0.415765 0.905902 0.080501
vn -0.414714 0.908489 0.051580
vn -0.143999 0.854922 -0.498370
vn 0.214589 0.854128 -0.473727
vn 0.255672 0.359335 -0.897502
vn -0.256770 0.325377 -0.910054
vn -0.353729 0.731258 0.583213
vn -0.447907 0.755598 0.477965
vn -0.706664 0.012523 0.707439
vn -0.546983 -0.007229 0.837112
vn -0.713322 -0.011785 0.700737
vn -0.544920 -0.041457 0.837462
vn 0.569742 0.261500 -0.779110
vn 0.757463 0.196695 -0.622544
vn 0.745398 0.233028 -0.624563
vn 0.559637 0.279660 -0.780126
vn 0.337600 0.906975 -0.251837
vn 0.320978 0.861202 -0.394087
vn -0.490245 0.868571 0.072412
vn -0.989158 0.122370 -0.081194
vn -0.268147 0.139257 -0.953260
vn -0.995343 -0.020089 -0.094282
vn 0.980931 0.165669 -0.101631
vn 0.317670 0.197341 -0.927438
vn 0.966130 0.232584 -0.111789
vn 0.481684 0.874988 0.048743
vn 0.330044 0.329182 -0.884709
vn 0.340108 0.340724 -0.876489
vn 0.193924 0.885823 -0.421557
vn -0.214801 0.714365 0.665991
vn -0.300410 -0.021073 0.953577
vn -0.289657 -0.065053 0.954917
vn -0.844601 -0.009763 0.535307
vn -0.840755 0.040393 0.539907
vn -0.451601 0.827075 0.334670
vn 0.416053 0.900134 -0.129071
vn 0.899961 0.168493 -0.402094
vn 0.902466 0.126151 -0.411876
vn -0.930396 0.058800 0.361809
vn -0.931461 -0.036112 0.362045
vn -0.442541 0.865240 0.235622
vn 0.414071 0.910155 -0.012750
vn 0.973388 0.127396 -0.190490
vn 0.978527 0.072230 -0.193047
vn -0.991434 0.103829 0.079237
vn -0.979304 0.087562 0.182476
vn -0.409613 0.897645 0.162634
vn -0.432229 0.890770 0.140385
vn -0.997443 -0.029268 0.065201
vn -0.983281 -0.038419 0.177998
vn 0.986199 0.164830 -0.015605
vn 0.987630 0.140952 -0.068704
vn 0.994213 0.083075 -0.068109
vn 0.993255 0.115077 -0.014235
vn 0.415765 0.905902 0.080504
vn 0.414715 0.908488 0.051584
vn -0.146869 0.477420 -0.866314
vn -0.131461 0.598323 -0.790397
vn -0.010096 0.618917 -0.785391
vn -0.007916 0.486338 -0.873735
vn -0.002668 0.829288 -0.558815
vn -0.118489 0.758505 -0.640804
vn 0.000025 0.999670 -0.025684
vn 0.004947 0.999716 -0.023307
vn -0.002533 0.999536 -0.030370
vn -0.211830 0.760620 -0.613665
vn -0.313982 0.466789 -0.826755
vn -0.325090 0.528689 -0.784094
vn -0.178144 0.700738 0.690820
vn 0.129595 0.598023 -0.790932
vn 0.144334 0.470858 -0.870322
vn 0.119346 0.755000 -0.644773
vn -0.005129 0.999731 -0.022623
vn 0.216864 0.757712 -0.615503
vn 0.002105 0.999566 -0.029381
vn 0.321261 0.461777 -0.826773
vn -0.375578 0.700740 0.606552
vn 0.332917 0.524323 -0.783743
s 1
g Woman14 Mouth Teeth_Down
usemtl lambert2SG
f 421/426/418 420/427/419 478/428/420 479/429/421
f 420/427/419 419/430/422 477/431/423 478/428/420
f 425/439/424 426/440/425 427/441/426 428/442/427
f 426/440/425 429/443/428 430/444/429 427/441/426
f 428/442/427 427/441/426 431/445/430 432/446/431
f 427/441/426 430/444/429 433/447/432 431/445/430
f 470/452/433 471/451/434 479/429/421 478/428/420
f 477/431/423 469/454/435 470/452/433 478/428/420
f 463/459/436 464/458/437 471/451/434 470/452/433
f 469/454/435 462/461/438 463/459/436 470/452/433
f 437/462/439 443/463/440 466/456/441 465/455/442
f 452/464/443 443/463/440 442/465/444 453/466/445
f 436/467/446 437/462/439 465/455/442 464/458/437
f 435/468/447 436/467/446 464/458/437 463/459/436
f 454/469/448 451/470/449 452/464/443 453/466/445
f 462/461/438 434/471/450 435/468/447 463/459/436
f 441/472/451 442/465/444 443/463/440 437/462/439
f 440/473/452 441/472/451 437/462/439 436/467/446
f 439/474/453 440/473/452 436/467/446 435/468/447
f 434/471/450 438/475/454 439/474/453 435/468/447
f 447/476/455 448/477/456 442/465/444 441/472/451
f 449/478/457 453/466/445 442/465/444 448/477/456
f 446/479/458 447/476/455 441/472/451 440/473/452
f 445/480/459 446/479/458 440/473/452 439/474/453
f 449/478/457 450/481/460 454/469/448 453/466/445
f 438/475/454 444/482/461 445/480/459 439/474/453
f 460/483/462 461/484/463 485/485/464 486/486/465
f 459/487/466 460/483/462 486/486/465 487/488/467
f 461/484/463 455/489/468 484/490/469 485/485/464
f 455/489/468 456/491/470 483/492/471 484/490/469
f 488/493/472 458/494/473 459/487/466 487/488/467
f 456/491/470 457/495/474 482/496/475 483/492/471
f 445/480/459 444/482/461 457/495/474 456/491/470
f 446/479/458 445/480/459 456/491/470 455/489/468
f 447/476/455 446/479/458 455/489/468 461/484/463
f 448/477/456 447/476/455 461/484/463 460/483/462
f 458/494/473 450/481/460 449/478/457 459/487/466
f 452/464/443 451/470/449 468/460/476 467/457/477
f 443/463/440 452/464/443 467/457/477 466/456/441
f 449/478/457 448/477/456 460/483/462 459/487/466
f 483/492/471 482/496/475 433/447/432 430/444/429
f 484/490/469 483/492/471 430/444/429 429/443/428
f 485/485/464 484/490/469 429/443/428 426/440/425
f 486/486/465 485/485/464 426/440/425 425/439/424
f 487/488/467 486/486/465 425/439/424 428/442/427
f 432/446/431 488/493/472 487/488/467 428/442/427
f 420/427/419 489/498/478 491/499/479 419/430/422
f 495/503/480 498/504/481 497/505/482 496/506/483
f 496/506/483 497/505/482 500/507/484 499/508/485
f 498/504/481 502/509/486 501/510/487 497/505/482
f 497/505/482 501/510/487 503/511/488 500/507/484
f 491/499/479 489/498/478 508/516/489 510/518/490
f 510/518/490 508/516/489 515/523/491 517/525/492
f 518/526/493 511/519/494 512/520/495 519/527/496
f 520/528/497 522/529/498 521/530/499 519/527/496
f 523/531/500 514/522/501 511/519/494 518/526/493
f 524/532/502 515/523/491 514/522/501 523/531/500
f 525/533/503 522/529/498 520/528/497 526/534/504
f 517/525/492 515/523/491 524/532/502 527/535/505
f 528/536/506 518/526/493 519/527/496 521/530/499
f 529/537/507 523/531/500 518/526/493 528/536/506
f 530/538/508 524/532/502 523/531/500 529/537/507
f 527/535/505 524/532/502 530/538/508 531/539/509
f 532/540/510 528/536/506 521/530/499 533/541/511
f 534/542/512 533/541/511 521/530/499 522/529/498
f 535/543/513 529/537/507 528/536/506 532/540/510
f 536/544/514 530/538/508 529/537/507 535/543/513
f 534/542/512 522/529/498 525/533/503 537/545/515
f 531/539/509 530/538/508 536/544/514 538/546/516
f 539/547/517 542/548/518 541/549/519 540/550/520
f 543/551/521 544/552/522 542/548/518 539/547/517
f 540/550/520 541/549/519 546/553/523 545/554/524
f 545/554/524 546/553/523 548/555/525 547/556/526
f 549/557/527 544/552/522 543/551/521 550/558/528
f 547/556/526 548/555/525 552/559/529 551/560/530
f 536/544/514 547/556/526 551/560/530 538/546/516
f 535/543/513 545/554/524 547/556/526 536/544/514
f 532/540/510 540/550/520 545/554/524 535/543/513
f 533/541/511 539/547/517 540/550/520 532/540/510
f 550/558/528 543/551/521 534/542/512 537/545/515
f 520/528/497 513/521/531 516/524/532 526/534/504
f 519/527/496 512/520/495 513/521/531 520/528/497
f 534/542/512 543/551/521 539/547/517 533/541/511
f 548/555/525 500/507/484 503/511/488 552/559/529
f 546/553/523 499/508/485 500/507/484 548/555/525
f 541/549/519 496/506/483 499/508/485 546/553/523
f 542/548/518 495/503/480 496/506/483 541/549/519
f 544/552/522 498/504/481 495/503/480 542/548/518
f 502/509/486 498/504/481 544/552/522 549/557/527
s 8
f 559/561/533 560/562/534 568/563/535 570/564/536
f 553/565/537 554/566/538 577/567/539 579/568/540
f 554/566/538 555/569/541 578/570/542 577/567/539
f 556/571/543 557/572/544 581/573/545 582/574/546
f 557/572/544 558/575/547 580/576/548 581/573/545
f 558/575/547 553/565/537 579/568/540 580/576/548
f 561/577/549 562/578/550 560/562/534 559/561/533
f 562/578/550 563/579/551 564/580/552 560/562/534
f 565/581/553 567/582/554 568/563/535 566/583/555
f 567/582/554 569/584/556 570/564/536 568/563/535
f 559/561/533 570/564/536 569/584/556 561/577/549
f 560/562/534 564/580/552 566/583/555 568/563/535
f 572/585/557 571/586/558 598/587/559 599/588/560
f 573/589/561 572/585/557 599/588/560 600/590/562
f 574/591/563 573/589/561 600/590/562 595/592/564
f 575/593/565 574/591/563 595/592/564 596/594/566
f 576/595/567 575/593/565 596/594/566 597/596/568
f 584/597/569 583/598/570 577/567/539 578/570/542
f 583/598/570 585/599/571 579/568/540 577/567/539
f 580/576/548 579/568/540 585/599/571 586/600/572
f 586/600/572 587/601/573 581/573/545 580/576/548
f 587/601/573 588/602/574 582/574/546 581/573/545
f 571/586/558 572/585/557 557/572/544 556/571/543
f 572/585/557 573/589/561 558/575/547 557/572/544
f 558/575/547 573/589/561 574/591/563 553/565/537
f 574/591/563 575/593/565 554/566/538 553/565/537
f 575/593/565 576/595/567 555/569/541 554/566/538
f 583/598/570 584/597/569 589/603/575 594/604/576
f 585/599/571 583/598/570 594/604/576 593/605/577
f 586/600/572 585/599/571 593/605/577 592/606/578
f 587/601/573 586/600/572 592/606/578 591/607/579
f 588/602/574 587/601/573 591/607/579 590/608/580
f 607/609/581 608/610/582 606/611/583 601/612/584
f 612/613/585 607/609/581 601/612/584 602/614/586
f 610/615/587 611/616/588 603/617/589 604/618/590
f 609/619/591 610/615/587 604/618/590 605/620/592
f 608/610/582 609/619/591 605/620/592 606/611/583
f 589/603/575 602/614/586 601/612/584 594/604/576
f 591/607/579 604/618/590 603/617/589 590/608/580
f 592/606/578 605/620/592 604/618/590 591/607/579
f 593/605/577 606/611/583 605/620/592 592/606/578
f 594/604/576 601/612/584 606/611/583 593/605/577
f 562/578/550 561/577/549 608/610/582 607/609/581
f 561/577/549 569/584/556 609/619/591 608/610/582
f 569/584/556 567/582/554 610/615/587 609/619/591
f 567/582/554 565/581/553 611/616/588 610/615/587
f 563/579/551 562/578/550 607/609/581 612/613/585
f 613/621/593 616/622/594 615/623/595 614/624/596
f 617/625/597 620/626/598 619/627/599 618/628/600
f 618/628/600 619/627/599 622/629/601 621/630/602
f 623/631/603 624/632/604 626/633/605 625/634/606
f 625/634/606 626/633/605 628/635/607 627/636/608
f 627/636/608 628/635/607 620/626/598 617/625/597
f 629/637/609 613/621/593 614/624/596 630/638/610
f 630/638/610 614/624/596 632/639/611 631/640/612
f 633/641/613 634/642/614 615/623/595 635/643/615
f 635/643/615 615/623/595 616/622/594 636/644/616
f 613/621/593 629/637/609 636/644/616 616/622/594
f 614/624/596 615/623/595 634/642/614 632/639/611
f 637/645/617 599/588/560 598/587/559 638/646/618
f 639/647/619 600/590/562 599/588/560 637/645/617
f 640/648/620 595/592/564 600/590/562 639/647/619
f 641/649/621 596/594/566 595/592/564 640/648/620
f 642/650/622 597/596/568 596/594/566 641/649/621
f 643/651/623 622/629/601 619/627/599 644/652/624
f 644/652/624 619/627/599 620/626/598 645/653/625
f 628/635/607 646/654/626 645/653/625 620/626/598
f 646/654/626 628/635/607 626/633/605 647/655/627
f 647/655/627 626/633/605 624/632/604 648/656/628
f 638/646/618 623/631/603 625/634/606 637/645/617
f 637/645/617 625/634/606 627/636/608 639/647/619
f 627/636/608 617/625/597 640/648/620 639/647/619
f 640/648/620 617/625/597 618/628/600 641/649/621
f 641/649/621 618/628/600 621/630/602 642/650/622
f 644/652/624 650/657/629 649/658/630 643/651/623
f 645/653/625 651/659/631 650/657/629 644/652/624
f 646/654/626 652/660/632 651/659/631 645/653/625
f 647/655/627 653/661/633 652/660/632 646/654/626
f 648/656/628 654/662/634 653/661/633 647/655/627
f 655/663/635 658/664/636 657/665/637 656/666/638
f 659/667/639 660/668/640 658/664/636 655/663/635
f 663/669/641 664/670/642 662/671/643 661/672/644
f 665/673/645 666/674/646 664/670/642 663/669/641
f 656/666/638 657/665/637 666/674/646 665/673/645
f 649/658/630 650/657/629 658/664/636 660/668/640
f 653/661/633 654/662/634 662/671/643 664/670/642
f 652/660/632 653/661/633 664/670/642 666/674/646
f 651/659/631 652/660/632 666/674/646 657/665/637
f 650/657/629 651/659/631 657/665/637 658/664/636
f 630/638/610 655/663/635 656/666/638 629/637/609
f 629/637/609 656/666/638 665/673/645 636/644/616
f 636/644/616 665/673/645 663/669/641 635/643/615
f 635/643/615 663/669/641 661/672/644 633/641/613
f 631/640/612 659/667/639 655/663/635 630/638/610
s 1
f 481/435/647 476/432/648 418/433/649 424/434/650
f 481/435/647 424/434/650 423/436/651 667/675/652
f 423/436/651 422/437/653 480/438/654 667/675/652
f 422/437/653 421/426/418 479/429/421 480/438/654
f 480/438/654 472/448/655 473/449/656 667/675/652
f 473/449/656 474/450/657 481/435/647 667/675/652
f 471/451/434 472/448/655 480/438/654 479/429/421
f 474/450/657 475/453/658 476/432/648 481/435/647
f 472/448/655 465/455/442 466/456/441 473/449/656
f 466/456/441 467/457/477 474/450/657 473/449/656
f 464/458/437 465/455/442 472/448/655 471/451/434
f 467/457/477 468/460/476 475/453/658 474/450/657
f 420/427/419 421/426/418 490/497/659 489/498/478
f 418/433/649 492/500/660 493/501/661 424/434/650
f 423/436/651 424/434/650 493/501/661 668/676/662
f 494/502/663 422/437/653 423/436/651 668/676/662
f 422/437/653 494/502/663 490/497/659 421/426/418
f 505/513/664 504/512/665 494/502/663 668/676/662
f 668/676/662 493/501/661 506/514/666 505/513/664
f 507/515/667 490/497/659 494/502/663 504/512/665
f 507/515/667 508/516/489 489/498/478 490/497/659
f 506/514/666 493/501/661 492/500/660 509/517/668
f 512/520/495 511/519/494 504/512/665 505/513/664
f 512/520/495 505/513/664 506/514/666 513/521/531
f 514/522/501 507/515/667 504/512/665 511/519/494
f 514/522/501 515/523/491 508/516/489 507/515/667
f 513/521/531 506/514/666 509/517/668 516/524/532
g default
v 2.075388 38.703094 2.365167
v 1.748156 39.104790 2.456114
v 1.263211 39.284569 2.552123
v 0.750494 39.194267 2.627468
v 0.355694 38.857437 2.663960
v 0.170209 38.365437 2.648358
v 0.252047 37.849464 2.586843
v 0.570971 37.448402 2.493899
v 1.055916 37.268623 2.397889
v 1.568633 37.358929 2.322544
v 1.971741 37.695122 2.288050
v 2.157226 38.187119 2.303651
v 2.086415 38.664444 2.627390
v 1.770333 39.052452 2.715238
v 1.301912 39.226105 2.807976
v 0.806666 39.138878 2.880754
v 0.425601 38.813499 2.916070
v 0.246437 38.338268 2.901000
v 0.325486 37.839874 2.841581
v 0.633260 37.452507 2.751736
v 1.101681 37.278851 2.658998
v 1.596927 37.366081 2.586220
v 1.986299 37.690815 2.552902
v 2.165464 38.166050 2.567971
v 2.034278 38.599358 2.879230
v 1.750887 38.947243 2.957992
v 1.330912 39.102936 3.041138
v 0.886886 39.024727 3.106389
v 0.537785 38.733578 3.136261
v 0.377150 38.307495 3.122751
v 0.448023 37.860649 3.069477
v 0.731415 37.512772 2.990714
v 1.151389 37.357075 2.907568
v 1.595416 37.435280 2.842317
v 1.944517 37.726433 2.812444
v 2.105152 38.152515 2.825955
v 1.922531 38.512283 3.103521
v 1.691143 38.796326 3.167830
v 1.348236 38.923450 3.235719
v 0.985690 38.859596 3.288997
v 0.700650 38.621872 3.313387
v 0.569492 38.273975 3.302356
v 0.627360 37.909126 3.258857
v 0.858748 37.625084 3.194548
v 1.201656 37.497963 3.126660
v 1.564201 37.561813 3.073382
v 1.849241 37.799538 3.048991
v 1.980399 38.147430 3.060023
v 1.758789 38.409142 3.284981
v 1.595173 38.609993 3.330454
v 1.352701 38.699883 3.378458
v 1.096342 38.654728 3.416131
v 0.894789 38.486633 3.433378
v 0.802046 38.240635 3.425577
v 0.842965 37.982651 3.394820
v 1.006581 37.781799 3.349347
v 1.249053 37.691910 3.301342
v 1.505412 37.737064 3.263669
v 1.706965 37.905159 3.246422
v 1.799708 38.151157 3.254223
v 1.554211 38.296974 3.411242
v 1.469517 38.400940 3.434781
v 1.344004 38.447472 3.459630
v 1.211303 38.424099 3.479130
v 1.106971 38.337086 3.488058
v 1.058964 38.209747 3.484020
v 1.080145 38.076202 3.468099
v 1.164839 37.972237 3.444560
v 1.290352 37.925705 3.419711
v 1.423053 37.949078 3.400210
v 1.527385 38.036087 3.391283
v 1.575392 38.163429 3.395320
v 1.322738 38.183411 3.473700
v -2.075388 38.703094 2.365167
v -1.748156 39.104790 2.456114
v -1.263211 39.284569 2.552123
v -0.750494 39.194267 2.627468
v -0.355694 38.857437 2.663960
v -0.170209 38.365437 2.648358
v -0.252047 37.849464 2.586843
v -0.570971 37.448402 2.493899
v -1.055916 37.268623 2.397889
v -1.568633 37.358929 2.322544
v -1.971741 37.695122 2.288050
v -2.157226 38.187119 2.303651
v -2.086415 38.664444 2.627390
v -1.770333 39.052452 2.715238
v -1.301912 39.226105 2.807976
v -0.806666 39.138878 2.880754
v -0.425601 38.813499 2.916070
v -0.246437 38.338268 2.901000
v -0.325486 37.839874 2.841581
v -0.633260 37.452507 2.751736
v -1.101681 37.278851 2.658998
v -1.596927 37.366081 2.586220
v -1.986299 37.690815 2.552902
v -2.165464 38.166050 2.567971
v -2.034278 38.599358 2.879230
v -1.750887 38.947243 2.957992
v -1.330912 39.102936 3.041138
v -0.886886 39.024727 3.106389
v -0.537785 38.733578 3.136261
v -0.377150 38.307495 3.122751
v -0.448023 37.860649 3.069477
v -0.731415 37.512772 2.990714
v -1.151389 37.357075 2.907568
v -1.595416 37.435280 2.842317
v -1.944517 37.726433 2.812444
v -2.105152 38.152515 2.825955
v -1.922531 38.512283 3.103521
v -1.691143 38.796326 3.167830
v -1.348236 38.923450 3.235719
v -0.985690 38.859596 3.288997
v -0.700650 38.621872 3.313387
v -0.569492 38.273975 3.302356
v -0.627360 37.909126 3.258857
v -0.858748 37.625084 3.194548
v -1.201656 37.497963 3.126660
v -1.564201 37.561813 3.073382
v -1.849241 37.799538 3.048991
v -1.980399 38.147430 3.060023
v -1.758789 38.409142 3.284981
v -1.595173 38.609993 3.330454
v -1.352701 38.699883 3.378458
v -1.096342 38.654728 3.416131
v -0.894789 38.486633 3.433378
v -0.802046 38.240635 3.425577
v -0.842965 37.982651 3.394820
v -1.006581 37.781799 3.349347
v -1.249053 37.691910 3.301342
v -1.505412 37.737064 3.263669
v -1.706965 37.905159 3.246422
v -1.799708 38.151157 3.254223
v -1.554211 38.296974 3.411242
v -1.469517 38.400940 3.434781
v -1.344004 38.447472 3.459630
v -1.211303 38.424099 3.479130
v -1.106971 38.337086 3.488058
v -1.058964 38.209747 3.484020
v -1.080145 38.076202 3.468099
v -1.164839 37.972237 3.444560
v -1.290352 37.925705 3.419711
v -1.423053 37.949078 3.400210
v -1.527385 38.036087 3.391283
v -1.575392 38.163429 3.395320
v -1.322738 38.183411 3.473700
vt 0.423900 0.939081
vt 0.412331 0.948319
vt 0.410182 0.943648
vt 0.419702 0.936107
vt 0.397661 0.950537
vt 0.398139 0.945419
vt 0.383819 0.945100
vt 0.386800 0.940911
vt 0.374673 0.933464
vt 0.379358 0.931362
vt 0.372459 0.918615
vt 0.377557 0.919203
vt 0.378096 0.904648
vt 0.382362 0.907978
vt 0.389965 0.895983
vt 0.391764 0.900554
vt 0.404342 0.893840
vt 0.403747 0.898932
vt 0.417947 0.899236
vt 0.414933 0.903408
vt 0.427097 0.910744
vt 0.422412 0.912877
vt 0.429292 0.925324
vt 0.424168 0.924842
vt 0.408139 0.939195
vt 0.415703 0.933270
vt 0.398604 0.940546
vt 0.389655 0.936937
vt 0.383718 0.929341
vt 0.382502 0.919839
vt 0.386047 0.910968
vt 0.393587 0.904961
vt 0.403170 0.903772
vt 0.412047 0.907373
vt 0.417940 0.914902
vt 0.419284 0.924376
vt 0.406189 0.934865
vt 0.411845 0.930493
vt 0.399092 0.935827
vt 0.392458 0.933109
vt 0.388087 0.927445
vt 0.387181 0.920358
vt 0.389878 0.913754
vt 0.395513 0.909367
vt 0.402623 0.908476
vt 0.409229 0.911199
vt 0.413590 0.916833
vt 0.414549 0.923892
vt 0.404329 0.930606
vt 0.408098 0.927732
vt 0.399621 0.931213
vt 0.395239 0.929385
vt 0.392365 0.925614
vt 0.391776 0.920910
vt 0.393599 0.916539
vt 0.397358 0.913667
vt 0.402065 0.913086
vt 0.406439 0.914918
vt 0.409313 0.918677
vt 0.409921 0.923365
vt 0.402552 0.926380
vt 0.404441 0.924958
vt 0.400203 0.926668
vt 0.398024 0.925744
vt 0.396600 0.923855
vt 0.396315 0.921508
vt 0.397239 0.919333
vt 0.399125 0.917914
vt 0.401473 0.917631
vt 0.403650 0.918557
vt 0.405074 0.920442
vt 0.405364 0.922785
vt 0.400835 0.922151
vt 0.488976 0.896275
vt 0.487274 0.901129
vt 0.475147 0.900492
vt 0.474195 0.895438
vt 0.464302 0.906018
vt 0.460949 0.902122
vt 0.457665 0.916258
vt 0.452809 0.914568
vt 0.457125 0.928352
vt 0.452088 0.929351
vt 0.462694 0.939310
vt 0.458877 0.942741
vt 0.473110 0.945682
vt 0.471559 0.950866
vt 0.485074 0.946293
vt 0.486253 0.951061
vt 0.495785 0.940678
vt 0.499217 0.944486
vt 0.502315 0.930553
vt 0.507187 0.932210
vt 0.502932 0.918502
vt 0.507986 0.917530
vt 0.497438 0.907730
vt 0.501336 0.904371
vt 0.485656 0.905757
vt 0.476058 0.905305
vt 0.467502 0.909723
vt 0.462293 0.917846
vt 0.461849 0.927476
vt 0.466358 0.935928
vt 0.474384 0.941110
vt 0.484010 0.941644
vt 0.492513 0.937066
vt 0.497666 0.928990
vt 0.498113 0.919440
vt 0.493724 0.910937
vt 0.484118 0.910256
vt 0.476975 0.909964
vt 0.470631 0.913289
vt 0.466795 0.919345
vt 0.466510 0.926494
vt 0.469873 0.932797
vt 0.475896 0.936621
vt 0.483030 0.936936
vt 0.489343 0.933547
vt 0.493153 0.927503
vt 0.493448 0.920384
vt 0.490145 0.914073
vt 0.482661 0.914676
vt 0.477924 0.914514
vt 0.473733 0.916745
vt 0.471218 0.920772
vt 0.471058 0.925510
vt 0.473300 0.929687
vt 0.477317 0.932196
vt 0.482045 0.932361
vt 0.486220 0.930110
vt 0.488726 0.926084
vt 0.488893 0.921356
vt 0.486675 0.917181
vt 0.481284 0.919055
vt 0.478921 0.918989
vt 0.476839 0.920114
vt 0.475597 0.922129
vt 0.475530 0.924493
vt 0.476655 0.926572
vt 0.478668 0.927811
vt 0.481028 0.927876
vt 0.483105 0.926747
vt 0.484345 0.924732
vt 0.484415 0.922371
vt 0.483295 0.920293
vt 0.479969 0.923430
vn 0.914458 0.404130 0.021114
vn 0.595202 0.796033 0.109846
vn 0.600936 0.766521 0.226542
vn 0.912818 0.383671 0.139858
vn 0.122078 0.971431 0.203518
vn 0.138738 0.937867 0.318051
vn -0.380380 0.882229 0.277459
vn -0.352096 0.851628 0.388276
vn -0.774665 0.550824 0.310623
vn -0.738430 0.530645 0.416097
vn -0.952382 0.075328 0.295455
vn -0.915542 0.063867 0.397120
vn -0.874955 -0.422716 0.236145
vn -0.837212 -0.426319 0.342531
vn -0.555756 -0.818162 0.147465
vn -0.523546 -0.811061 0.260923
vn -0.080158 -0.995370 0.053033
vn -0.058827 -0.983504 0.171053
vn 0.420057 -0.907267 -0.020471
vn 0.429837 -0.897436 0.099242
vn 0.813337 -0.579271 -0.054118
vn 0.814031 -0.577018 0.066363
vn 0.994300 -0.099266 -0.038903
vn 0.990816 -0.108098 0.081230
vn 0.584901 0.669953 0.457225
vn 0.867069 0.323576 0.378801
vn 0.166736 0.824978 0.540010
vn -0.276013 0.747773 0.603865
vn -0.628231 0.457851 0.629046
vn -0.789966 0.034275 0.612192
vn -0.717763 -0.410778 0.562208
vn -0.431168 -0.758636 0.488433
vn -0.012007 -0.913338 0.407025
vn 0.430100 -0.835473 0.342050
vn 0.777695 -0.545581 0.312300
vn 0.937636 -0.121336 0.325756
vn 0.532399 0.531902 0.658507
vn 0.767338 0.243500 0.593212
vn 0.184223 0.660986 0.727433
vn -0.183893 0.596151 0.781529
vn -0.473307 0.354772 0.806298
vn -0.606479 0.001532 0.795098
vn -0.547727 -0.368922 0.750927
vn -0.312783 -0.657325 0.685632
vn 0.035392 -0.786402 0.616701
vn 0.403506 -0.721569 0.562603
vn 0.692925 -0.480193 0.537838
vn 0.826097 -0.126954 0.549042
vn 0.448147 0.363333 0.816794
vn 0.622189 0.149685 0.768424
vn 0.190221 0.458953 0.867859
vn -0.082472 0.410919 0.907934
vn -0.296869 0.232113 0.926279
vn -0.395523 -0.029562 0.917980
vn -0.351997 -0.303987 0.885262
vn -0.177954 -0.517632 0.836893
vn 0.079972 -0.613251 0.785829
vn 0.352663 -0.565222 0.745756
vn 0.567059 -0.386415 0.727411
vn 0.665714 -0.124739 0.735707
vn 0.345108 0.186265 0.919894
vn 0.452847 0.054009 0.889951
vn 0.185440 0.245459 0.951505
vn 0.016631 0.215725 0.976313
vn -0.116091 0.105036 0.987669
vn -0.177164 -0.056953 0.982532
vn -0.150219 -0.226836 0.962278
vn -0.042477 -0.359088 0.932337
vn 0.117192 -0.418281 0.900726
vn 0.285999 -0.388555 0.875916
vn 0.418721 -0.277865 0.864560
vn 0.479789 -0.115872 0.869699
vn 0.160572 -0.091699 0.982755
vn -0.914458 0.404130 0.021115
vn -0.912818 0.383672 0.139857
vn -0.600937 0.766521 0.226539
vn -0.595202 0.796034 0.109840
vn -0.138738 0.937868 0.318050
vn -0.122079 0.971431 0.203514
vn 0.352096 0.851627 0.388277
vn 0.380380 0.882228 0.277461
vn 0.738431 0.530645 0.416096
vn 0.774666 0.550825 0.310621
vn 0.915543 0.063867 0.397118
vn 0.952383 0.075328 0.295453
vn 0.837212 -0.426319 0.342531
vn 0.874955 -0.422716 0.236146
vn 0.523546 -0.811061 0.260921
vn 0.555756 -0.818162 0.147463
vn 0.058827 -0.983505 0.171050
vn 0.080158 -0.995370 0.053032
vn -0.429837 -0.897436 0.099241
vn -0.420057 -0.907267 -0.020470
vn -0.814031 -0.577018 0.066364
vn -0.813337 -0.579270 -0.054119
vn -0.990816 -0.108098 0.081231
vn -0.994300 -0.099266 -0.038902
vn -0.867069 0.323576 0.378800
vn -0.584900 0.669951 0.457227
vn -0.166736 0.824976 0.540013
vn 0.276012 0.747772 0.603866
vn 0.628231 0.457851 0.629046
vn 0.789966 0.034275 0.612192
vn 0.717763 -0.410777 0.562209
vn 0.431167 -0.758637 0.488431
vn 0.012008 -0.913340 0.407020
vn -0.430100 -0.835473 0.342050
vn -0.777695 -0.545580 0.312303
vn -0.937635 -0.121336 0.325757
vn -0.767337 0.243500 0.593213
vn -0.532397 0.531900 0.658511
vn -0.184223 0.660983 0.727436
vn 0.183892 0.596149 0.781530
vn 0.473307 0.354772 0.806299
vn 0.606479 0.001533 0.795098
vn 0.547724 -0.368920 0.750930
vn 0.312782 -0.657325 0.685632
vn -0.035392 -0.786404 0.616698
vn -0.403505 -0.721568 0.562604
vn -0.692924 -0.480193 0.537839
vn -0.826098 -0.126954 0.549041
vn -0.622188 0.149684 0.768425
vn -0.448148 0.363334 0.816794
vn -0.190222 0.458954 0.867858
vn 0.082472 0.410920 0.907933
vn 0.296869 0.232114 0.926278
vn 0.395523 -0.029561 0.917980
vn 0.351995 -0.303985 0.885264
vn 0.177953 -0.517630 0.836894
vn -0.079972 -0.613251 0.785829
vn -0.352662 -0.565221 0.745757
vn -0.567060 -0.386415 0.727411
vn -0.665716 -0.124740 0.735705
vn -0.452848 0.054009 0.889951
vn -0.345109 0.186266 0.919894
vn -0.185441 0.245460 0.951505
vn -0.016631 0.215726 0.976312
vn 0.116091 0.105036 0.987669
vn 0.177163 -0.056951 0.982532
vn 0.150217 -0.226836 0.962279
vn 0.042476 -0.359087 0.932337
vn -0.117192 -0.418280 0.900726
vn -0.286000 -0.388556 0.875915
vn -0.418724 -0.277866 0.864558
vn -0.479792 -0.115873 0.869697
vn -0.160572 -0.091699 0.982755
s 1
g Woman14 Eyes
usemtl lambert2SG
f 669/677/669 670/678/670 682/679/671 681/680/672
f 670/678/670 671/681/673 683/682/674 682/679/671
f 671/681/673 672/683/675 684/684/676 683/682/674
f 672/683/675 673/685/677 685/686/678 684/684/676
f 673/685/677 674/687/679 686/688/680 685/686/678
f 674/687/679 675/689/681 687/690/682 686/688/680
f 675/689/681 676/691/683 688/692/684 687/690/682
f 676/691/683 677/693/685 689/694/686 688/692/684
f 677/693/685 678/695/687 690/696/688 689/694/686
f 678/695/687 679/697/689 691/698/690 690/696/688
f 679/697/689 680/699/691 692/700/692 691/698/690
f 680/699/691 669/677/669 681/680/672 692/700/692
f 681/680/672 682/679/671 694/701/693 693/702/694
f 682/679/671 683/682/674 695/703/695 694/701/693
f 683/682/674 684/684/676 696/704/696 695/703/695
f 684/684/676 685/686/678 697/705/697 696/704/696
f 685/686/678 686/688/680 698/706/698 697/705/697
f 686/688/680 687/690/682 699/707/699 698/706/698
f 687/690/682 688/692/684 700/708/700 699/707/699
f 688/692/684 689/694/686 701/709/701 700/708/700
f 689/694/686 690/696/688 702/710/702 701/709/701
f 690/696/688 691/698/690 703/711/703 702/710/702
f 691/698/690 692/700/692 704/712/704 703/711/703
f 692/700/692 681/680/672 693/702/694 704/712/704
f 693/702/694 694/701/693 706/713/705 705/714/706
f 694/701/693 695/703/695 707/715/707 706/713/705
f 695/703/695 696/704/696 708/716/708 707/715/707
f 696/704/696 697/705/697 709/717/709 708/716/708
f 697/705/697 698/706/698 710/718/710 709/717/709
f 698/706/698 699/707/699 711/719/711 710/718/710
f 699/707/699 700/708/700 712/720/712 711/719/711
f 700/708/700 701/709/701 713/721/713 712/720/712
f 701/709/701 702/710/702 714/722/714 713/721/713
f 702/710/702 703/711/703 715/723/715 714/722/714
f 703/711/703 704/712/704 716/724/716 715/723/715
f 704/712/704 693/702/694 705/714/706 716/724/716
f 705/714/706 706/713/705 718/725/717 717/726/718
f 706/713/705 707/715/707 719/727/719 718/725/717
f 707/715/707 708/716/708 720/728/720 719/727/719
f 708/716/708 709/717/709 721/729/721 720/728/720
f 709/717/709 710/718/710 722/730/722 721/729/721
f 710/718/710 711/719/711 723/731/723 722/730/722
f 711/719/711 712/720/712 724/732/724 723/731/723
f 712/720/712 713/721/713 725/733/725 724/732/724
f 713/721/713 714/722/714 726/734/726 725/733/725
f 714/722/714 715/723/715 727/735/727 726/734/726
f 715/723/715 716/724/716 728/736/728 727/735/727
f 716/724/716 705/714/706 717/726/718 728/736/728
f 717/726/718 718/725/717 730/737/729 729/738/730
f 718/725/717 719/727/719 731/739/731 730/737/729
f 719/727/719 720/728/720 732/740/732 731/739/731
f 720/728/720 721/729/721 733/741/733 732/740/732
f 721/729/721 722/730/722 734/742/734 733/741/733
f 722/730/722 723/731/723 735/743/735 734/742/734
f 723/731/723 724/732/724 736/744/736 735/743/735
f 724/732/724 725/733/725 737/745/737 736/744/736
f 725/733/725 726/734/726 738/746/738 737/745/737
f 726/734/726 727/735/727 739/747/739 738/746/738
f 727/735/727 728/736/728 740/748/740 739/747/739
f 728/736/728 717/726/718 729/738/730 740/748/740
f 729/738/730 730/737/729 741/749/741
f 730/737/729 731/739/731 741/749/741
f 731/739/731 732/740/732 741/749/741
f 732/740/732 733/741/733 741/749/741
f 733/741/733 734/742/734 741/749/741
f 734/742/734 735/743/735 741/749/741
f 735/743/735 736/744/736 741/749/741
f 736/744/736 737/745/737 741/749/741
f 737/745/737 738/746/738 741/749/741
f 738/746/738 739/747/739 741/749/741
f 739/747/739 740/748/740 741/749/741
f 740/748/740 729/738/730 741/749/741
s 2
f 742/750/742 754/751/743 755/752/744 743/753/745
f 743/753/745 755/752/744 756/754/746 744/755/747
f 744/755/747 756/754/746 757/756/748 745/757/749
f 745/757/749 757/756/748 758/758/750 746/759/751
f 746/759/751 758/758/750 759/760/752 747/761/753
f 747/761/753 759/760/752 760/762/754 748/763/755
f 748/763/755 760/762/754 761/764/756 749/765/757
f 749/765/757 761/764/756 762/766/758 750/767/759
f 750/767/759 762/766/758 763/768/760 751/769/761
f 751/769/761 763/768/760 764/770/762 752/771/763
f 752/771/763 764/770/762 765/772/764 753/773/765
f 753/773/765 765/772/764 754/751/743 742/750/742
f 754/751/743 766/774/766 767/775/767 755/752/744
f 755/752/744 767/775/767 768/776/768 756/754/746
f 756/754/746 768/776/768 769/777/769 757/756/748
f 757/756/748 769/777/769 770/778/770 758/758/750
f 758/758/750 770/778/770 771/779/771 759/760/752
f 759/760/752 771/779/771 772/780/772 760/762/754
f 760/762/754 772/780/772 773/781/773 761/764/756
f 761/764/756 773/781/773 774/782/774 762/766/758
f 762/766/758 774/782/774 775/783/775 763/768/760
f 763/768/760 775/783/775 776/784/776 764/770/762
f 764/770/762 776/784/776 777/785/777 765/772/764
f 765/772/764 777/785/777 766/774/766 754/751/743
f 766/774/766 778/786/778 779/787/779 767/775/767
f 767/775/767 779/787/779 780/788/780 768/776/768
f 768/776/768 780/788/780 781/789/781 769/777/769
f 769/777/769 781/789/781 782/790/782 770/778/770
f 770/778/770 782/790/782 783/791/783 771/779/771
f 771/779/771 783/791/783 784/792/784 772/780/772
f 772/780/772 784/792/784 785/793/785 773/781/773
f 773/781/773 785/793/785 786/794/786 774/782/774
f 774/782/774 786/794/786 787/795/787 775/783/775
f 775/783/775 787/795/787 788/796/788 776/784/776
f 776/784/776 788/796/788 789/797/789 777/785/777
f 777/785/777 789/797/789 778/786/778 766/774/766
f 778/786/778 790/798/790 791/799/791 779/787/779
f 779/787/779 791/799/791 792/800/792 780/788/780
f 780/788/780 792/800/792 793/801/793 781/789/781
f 781/789/781 793/801/793 794/802/794 782/790/782
f 782/790/782 794/802/794 795/803/795 783/791/783
f 783/791/783 795/803/795 796/804/796 784/792/784
f 784/792/784 796/804/796 797/805/797 785/793/785
f 785/793/785 797/805/797 798/806/798 786/794/786
f 786/794/786 798/806/798 799/807/799 787/795/787
f 787/795/787 799/807/799 800/808/800 788/796/788
f 788/796/788 800/808/800 801/809/801 789/797/789
f 789/797/789 801/809/801 790/798/790 778/786/778
f 790/798/790 802/810/802 803/811/803 791/799/791
f 791/799/791 803/811/803 804/812/804 792/800/792
f 792/800/792 804/812/804 805/813/805 793/801/793
f 793/801/793 805/813/805 806/814/806 794/802/794
f 794/802/794 806/814/806 807/815/807 795/803/795
f 795/803/795 807/815/807 808/816/808 796/804/796
f 796/804/796 808/816/808 809/817/809 797/805/797
f 797/805/797 809/817/809 810/818/810 798/806/798
f 798/806/798 810/818/810 811/819/811 799/807/799
f 799/807/799 811/819/811 812/820/812 800/808/800
f 800/808/800 812/820/812 813/821/813 801/809/801
f 801/809/801 813/821/813 802/810/802 790/798/790
f 802/810/802 814/822/814 803/811/803
f 803/811/803 814/822/814 804/812/804
f 804/812/804 814/822/814 805/813/805
f 805/813/805 814/822/814 806/814/806
f 806/814/806 814/822/814 807/815/807
f 807/815/807 814/822/814 808/816/808
f 808/816/808 814/822/814 809/817/809
f 809/817/809 814/822/814 810/818/810
f 810/818/810 814/822/814 811/819/811
f 811/819/811 814/822/814 812/820/812
f 812/820/812 814/822/814 813/821/813
f 813/821/813 814/822/814 802/810/802
g default
v 1.455031 38.566933 3.590644
v 1.811855 38.535980 3.461735
v 1.118196 38.512333 3.603352
v 0.836204 38.378677 3.539699
v 0.634784 38.217381 3.433255
v 0.521839 38.036980 3.335783
v 2.051448 38.469612 3.313959
v 2.228092 38.395050 3.179600
v 1.482770 38.616081 3.757377
v 1.846414 38.596954 3.652375
v 1.116836 38.558861 3.761561
v 0.834912 38.406319 3.675664
v 0.633088 38.232235 3.540943
v 0.536096 38.057983 3.388461
v 2.171875 38.538460 3.493747
v 2.453440 38.477032 3.334983
v 1.440102 38.546730 3.403440
v 1.757161 38.526283 3.229192
v 1.107334 38.488194 3.477963
v 0.846058 38.365101 3.445328
v 0.644947 38.208878 3.368991
v 0.517373 38.029118 3.300328
v 1.948356 38.467789 3.059608
v 2.060906 38.406364 2.952890
v -1.455031 38.566933 3.590644
v -1.811855 38.535980 3.461735
v -1.118196 38.512333 3.603352
v -0.836204 38.378677 3.539699
v -0.634784 38.217381 3.433255
v -0.521839 38.036980 3.335783
v -2.051448 38.469612 3.313959
v -2.228092 38.395050 3.179600
v -1.482770 38.616081 3.757377
v -1.846414 38.596954 3.652375
v -1.116836 38.558861 3.761561
v -0.834912 38.406319 3.675664
v -0.633088 38.232235 3.540943
v -0.536096 38.057983 3.388461
v -2.171875 38.538460 3.493747
v -2.453440 38.477032 3.334983
v -1.440102 38.546730 3.403440
v -1.757161 38.526283 3.229192
v -1.107334 38.488194 3.477963
v -0.846058 38.365101 3.445328
v -0.644947 38.208878 3.368991
v -0.517373 38.029118 3.300328
v -1.948356 38.467789 3.059608
v -2.060906 38.406364 2.952890
vt 0.275278 0.900555
vt 0.282247 0.899092
vt 0.281968 0.903807
vt 0.274427 0.904186
vt 0.268516 0.899753
vt 0.267954 0.902219
vt 0.263493 0.896994
vt 0.262715 0.898721
vt 0.259529 0.893546
vt 0.258949 0.894703
vt 0.256252 0.890365
vt 0.256094 0.891070
vt 0.286900 0.896886
vt 0.287503 0.902283
vt 0.289840 0.895405
vt 0.291817 0.900595
vt 0.281402 0.907779
vt 0.273946 0.907633
vt 0.267027 0.905338
vt 0.261869 0.901324
vt 0.258190 0.896710
vt 0.256063 0.892225
vt 0.288522 0.906648
vt 0.294880 0.905328
vt 0.202402 0.898666
vt 0.195607 0.896536
vt 0.195429 0.901256
vt 0.202898 0.902363
vt 0.209210 0.898522
vt 0.209530 0.901031
vt 0.214477 0.896262
vt 0.215084 0.898056
vt 0.218755 0.893214
vt 0.219220 0.894422
vt 0.222324 0.890365
vt 0.222413 0.891082
vt 0.191189 0.893890
vt 0.190067 0.899203
vt 0.188407 0.892131
vt 0.185937 0.897106
vt 0.195608 0.905264
vt 0.203043 0.905840
vt 0.210151 0.904226
vt 0.215674 0.900729
vt 0.219781 0.896493
vt 0.222333 0.892235
vt 0.188630 0.903449
vt 0.182430 0.901520
vn 0.034778 -0.994977 0.093865
vn -0.142100 -0.986061 0.086550
vn -0.053422 -0.976425 0.209143
vn 0.075373 -0.976575 0.201544
vn 0.270665 -0.952975 0.136310
vn 0.263639 -0.943221 0.202063
vn 0.470782 -0.866288 0.167061
vn 0.474335 -0.862202 0.177803
vn 0.662609 -0.729786 0.168411
vn 0.672257 -0.727486 0.137238
vn 0.791411 -0.594369 0.142806
vn 0.807511 -0.578169 0.116821
vn -0.268461 -0.954726 0.128167
vn -0.123534 -0.956379 0.264722
vn -0.310754 -0.937586 0.156093
vn -0.132729 -0.939790 0.314925
vn 0.006140 -0.950424 0.310897
vn 0.085990 -0.956041 0.280342
vn 0.245206 -0.935432 0.254638
vn 0.441479 -0.872692 0.208578
vn 0.624450 -0.769432 0.134298
vn 0.842129 -0.536563 0.054034
vn -0.013897 -0.925304 0.378971
vn -0.004884 -0.910013 0.414551
vn -0.034778 -0.994977 0.093870
vn -0.075373 -0.976574 0.201552
vn 0.053422 -0.976424 0.209147
vn 0.142100 -0.986061 0.086554
vn -0.270664 -0.952974 0.136316
vn -0.263639 -0.943220 0.202064
vn -0.470781 -0.866286 0.167071
vn -0.474335 -0.862202 0.177804
vn -0.662613 -0.729787 0.168389
vn -0.672258 -0.727485 0.137236
vn -0.791419 -0.594375 0.142739
vn -0.807515 -0.578172 0.116776
vn 0.123534 -0.956380 0.264719
vn 0.268461 -0.954726 0.128166
vn 0.132729 -0.939792 0.314919
vn 0.310754 -0.937586 0.156089
vn -0.085990 -0.956038 0.280351
vn -0.006140 -0.950422 0.310902
vn -0.245206 -0.935432 0.254638
vn -0.441480 -0.872693 0.208572
vn -0.624452 -0.769432 0.134295
vn -0.842128 -0.536563 0.054043
vn 0.013897 -0.925306 0.378965
vn 0.004884 -0.910016 0.414545
s 1
g Woman14 EL
usemtl lambert2SG
f 831/823/815 832/824/816 816/825/817 815/826/818
f 833/827/819 831/823/815 815/826/818 817/828/820
f 834/829/821 833/827/819 817/828/820 818/830/822
f 835/831/823 834/829/821 818/830/822 819/832/824
f 836/833/825 835/831/823 819/832/824 820/834/826
f 832/824/816 837/835/827 821/836/828 816/825/817
f 837/835/827 838/837/829 822/838/830 821/836/828
f 815/826/818 816/825/817 824/839/831 823/840/832
f 817/828/820 815/826/818 823/840/832 825/841/833
f 818/830/822 817/828/820 825/841/833 826/842/834
f 819/832/824 818/830/822 826/842/834 827/843/835
f 820/834/826 819/832/824 827/843/835 828/844/836
f 816/825/817 821/836/828 829/845/837 824/839/831
f 821/836/828 822/838/830 830/846/838 829/845/837
s 2
f 855/847/839 839/850/840 840/849/841 856/848/842
f 857/851/843 841/852/844 839/850/840 855/847/839
f 858/853/845 842/854/846 841/852/844 857/851/843
f 859/855/847 843/856/848 842/854/846 858/853/845
f 860/857/849 844/858/850 843/856/848 859/855/847
f 856/848/842 840/849/841 845/860/851 861/859/852
f 861/859/852 845/860/851 846/862/853 862/861/854
f 839/850/840 847/864/855 848/863/856 840/849/841
f 841/852/844 849/865/857 847/864/855 839/850/840
f 842/854/846 850/866/858 849/865/857 841/852/844
f 843/856/848 851/867/859 850/866/858 842/854/846
f 844/858/850 852/868/860 851/867/859 843/856/848
f 840/849/841 848/863/856 853/869/861 845/860/851
f 845/860/851 853/869/861 854/870/862 846/862/853
g default
v -1.463174 38.869438 3.469434
v -1.452648 38.577576 3.457337
v -1.797553 38.555336 3.267842
v -1.831079 38.774960 3.286901
v -1.078609 38.828434 3.580502
v -1.090654 38.513897 3.535079
v -0.806431 38.379997 3.499579
v -0.779525 38.646389 3.565585
v -0.516162 38.444626 3.489275
v -0.587658 38.210052 3.416537
v -0.340589 38.027100 3.389194
v -0.448880 38.014503 3.341844
v -2.005539 38.491703 3.081383
v -2.065057 38.626564 3.076689
v -2.261744 38.395000 2.824871
v -2.167096 38.112083 2.976881
v -2.026180 38.161827 3.076632
v -1.850984 37.983627 3.258263
v -2.007823 37.832401 3.227811
v -1.585996 37.873718 3.438104
v -1.677601 37.656261 3.485469
v -1.342072 37.819126 3.539402
v -1.355177 37.582756 3.622019
v -0.950723 37.813496 3.528652
v -0.948525 37.592785 3.635841
v -0.656708 37.845173 3.445250
v -0.583040 37.660728 3.548878
v -0.452550 37.939144 3.350237
v -0.373802 37.872143 3.409575
v -1.069923 39.097599 3.486962
v -1.485071 39.112782 3.368568
v -0.745336 38.904427 3.483448
v -0.464178 38.597618 3.442530
v -0.280298 38.036549 3.520804
v -0.304704 37.763065 3.599768
v -0.526841 37.470917 3.661285
v -0.941272 37.395966 3.713252
v -1.325341 37.334465 3.712854
v -1.725503 37.369186 3.566521
v -2.132674 37.570457 3.238637
v -2.316353 38.023724 2.851974
v -1.901934 38.943733 3.137748
v -2.125942 38.726311 2.952444
v -2.300447 38.394257 2.763268
v -1.937797 39.001266 3.207031
v -2.167286 38.781662 2.958309
v -1.489120 39.181839 3.471208
v -1.056866 39.163769 3.588778
v -0.709183 38.958527 3.593815
v -0.415641 38.649582 3.564728
v -0.179450 38.090343 3.768707
v -0.223308 38.679802 3.732852
v 0.000000 38.682484 3.757039
v 0.000000 38.112030 3.808139
v 0.000000 37.749851 3.991008
v -0.163352 37.755154 3.930237
v -0.175801 37.388535 4.166401
v -0.324405 37.333885 3.925629
v 0.000000 37.397697 4.243186
v -0.375002 39.210945 3.839927
v 0.000000 39.272774 3.881078
v -0.935778 39.396530 3.743098
v -0.574118 40.355293 3.857431
v 0.000000 40.376907 3.918754
v -1.208476 40.335266 3.647558
v -1.523591 39.449894 3.488981
v -1.782781 40.184875 3.243581
v -2.036201 39.277756 3.116692
v -2.304287 38.966755 2.695455
v -2.455084 38.421387 2.377139
v -2.436198 37.796616 2.524907
v -0.524260 37.141968 3.821596
v -0.873043 37.059448 3.814000
v -1.260745 36.972824 3.779460
v -1.725036 36.914795 3.666990
v -2.308366 36.910561 3.085371
v 0.000000 37.047287 4.562005
v -0.187645 37.083439 4.419123
v -0.309947 37.100342 4.148506
v 0.000000 36.826328 4.644959
v -0.181503 36.833344 4.557697
v -0.473671 36.774330 4.107544
v -0.548382 36.823311 3.918491
v 0.000000 36.647579 4.496627
v -0.464158 36.603245 3.992899
v 0.000000 36.517212 4.029302
v -0.173131 36.548832 4.023432
v -0.757043 36.712769 3.865061
v -0.596614 36.443321 3.937017
v 0.000000 36.205807 4.051925
v -0.253636 36.236038 4.051466
v -0.669809 36.127354 3.920443
v -0.887143 36.028114 3.781012
v -1.044881 35.844200 3.617076
v 0.000000 35.256649 3.786138
v -0.310474 35.297787 3.752516
v -0.579634 35.407452 3.655226
v -0.843255 35.630821 3.599309
v -0.854774 36.306736 3.875612
v -1.113875 36.142693 3.758183
v -1.373218 35.809574 3.533013
v -0.431621 34.694832 3.837215
v 0.000000 34.649055 3.919273
v -0.822541 35.048183 3.465130
v -1.160509 35.428822 3.421403
v -1.089659 36.581253 3.828258
v -1.466944 36.382828 3.710737
v -1.915118 36.028625 3.181771
v 0.000000 34.362259 3.587055
v -0.502404 34.460392 3.491509
v -1.016479 34.930794 3.141035
v -1.508729 35.381878 3.018907
v -2.370862 36.913605 2.047599
v -2.049306 36.064289 2.105209
v -1.631170 35.390366 2.163143
v 0.000000 34.340336 2.937813
v -0.605866 34.495304 2.765080
v -1.152837 34.928577 2.393911
v -2.521179 37.769196 1.844008
v -2.564547 38.510994 1.806454
v -2.477980 39.193974 2.019586
v -2.278107 39.771137 2.640218
v -0.761780 41.655663 3.209705
v 0.000000 41.670513 3.294273
v -1.458461 41.516998 2.843647
v -2.056434 41.031631 2.388227
v -2.472228 40.324825 1.771268
v -2.651256 39.414116 1.112863
v -2.610685 38.627270 0.978633
v -1.451458 42.448364 1.245180
v 0.000000 42.833580 1.178204
v -2.155852 41.731819 0.820875
v -2.661603 40.685303 0.320398
v -2.785575 39.744667 -0.110941
v -2.659084 38.701191 -0.334558
v 0.000000 42.405151 2.256623
v -0.728321 42.193874 2.249051
v -0.628777 34.614334 1.866100
v -1.139871 35.049026 1.444829
v 0.000000 34.448566 2.030880
v -1.504744 35.521843 1.171037
v -1.927826 36.160732 1.025066
v -2.341146 37.047840 1.156246
v -2.519932 37.868439 1.112889
v 0.000000 34.038033 0.837340
v -0.565489 34.092232 0.621920
v -0.536058 34.463173 0.682854
v 0.000000 34.375717 0.880941
v -0.747216 34.676590 -0.267474
v -0.760732 34.210869 -0.273629
v 0.000000 34.130039 -1.226486
v 0.000000 34.827766 -1.195145
v -0.552197 34.616539 1.054740
v 0.000000 34.470322 1.227508
v -0.994345 35.071751 0.539293
v -0.905262 35.202785 -0.527341
v 0.000000 35.263981 -1.362529
v -1.112398 35.726570 -0.890127
v -1.783780 36.187374 0.056249
v -2.191552 37.245445 -0.446214
v -2.504462 38.055962 -0.571712
v -1.933182 36.473248 -1.298964
v -2.675460 38.656082 -2.054438
v -2.485577 37.618256 -1.826321
v -2.663960 39.827820 -1.983055
v -2.420195 40.800224 -1.623603
v -1.977683 41.818989 -1.145525
v -1.140975 42.634453 -0.390563
v 0.000000 42.920715 -0.305447
v 0.000000 35.671108 -1.827416
v 0.000000 36.438541 -2.709652
v -0.593364 34.183266 -1.146523
v -0.556189 34.816399 -1.079941
v -0.567859 35.286583 -1.225560
v -0.660388 35.690926 -1.611465
v -1.198608 36.437424 -2.344738
v 0.000000 37.403873 -3.377174
v -1.573242 37.427040 -2.973790
v 0.000000 38.589569 -3.736743
v -1.763283 38.591820 -3.294938
v -1.679585 39.832321 -3.216011
v 0.000000 39.852993 -3.621618
v -1.521871 40.847500 -2.927839
v 0.000000 40.890583 -3.293966
v -1.213357 41.674458 -2.430627
v 0.000000 41.799702 -2.717259
v 0.000000 42.516064 -1.647494
v -0.694224 42.284939 -1.605768
v 0.000000 35.979160 4.122577
v -0.131050 36.215622 4.080246
v -0.082839 36.526672 4.048697
v -0.122106 36.652943 4.472682
v -0.192376 36.048519 4.117193
v -0.150973 36.602501 4.332199
v -0.299752 36.692486 4.183208
v -0.190136 36.568775 4.086735
v -0.297282 36.631577 4.064079
v -0.085209 36.553619 4.187840
v -0.207858 36.785934 4.028323
v -0.458927 36.592163 3.961058
v -0.553894 36.840115 3.865182
v -0.435899 37.040356 3.926115
v -0.518977 37.007408 3.961151
v -0.288429 36.824272 4.366344
v -1.440103 38.546730 3.403440
v -1.757161 38.526287 3.229193
v -1.107334 38.488197 3.477963
v -0.846058 38.365101 3.445328
v -0.644947 38.208878 3.368991
v -0.517373 38.029114 3.300328
v -1.948356 38.467796 3.059608
v -1.967330 38.164547 3.056528
v -1.806279 38.000736 3.223495
v -1.562684 37.899700 3.388817
v -1.338453 37.849518 3.481937
v -0.978700 37.844341 3.472055
v -0.708422 37.873463 3.395386
v -0.520747 37.959846 3.308044
v -1.387827 38.418213 2.785732
v -1.588857 38.405247 2.674105
v -1.176836 38.381096 2.833103
v -1.011174 38.303047 2.812412
v -0.883660 38.203999 2.764009
v -0.802772 38.090019 2.720474
v -1.710084 38.368164 2.567846
v -1.722114 38.175888 2.565893
v -1.620000 38.072021 2.671758
v -1.465550 38.007961 2.776581
v -1.323376 37.976143 2.835622
v -1.095276 37.972862 2.829357
v -0.923906 37.991325 2.780745
v -0.804911 38.046097 2.725366
v 0.000000 36.542061 4.193711
v 0.000000 35.618137 4.054930
v -0.258175 35.647381 4.028204
v -0.492667 35.703365 3.928692
v -0.699967 35.798977 3.786711
v -0.829419 35.875473 3.662652
v -0.710445 35.866745 3.791560
v -0.517260 35.856949 3.946128
v -0.267878 35.857018 4.093849
v 0.000000 35.816502 4.125918
v 0.000000 35.901047 4.174203
v 0.000000 35.910583 4.173032
v -0.326670 36.045425 4.138088
v -0.324864 36.035774 4.138381
v -0.570254 35.933815 3.957360
v -0.565433 35.925701 3.957465
v -0.738446 35.901627 3.790216
v -0.732305 35.893951 3.790069
v -0.864114 35.882675 3.672429
v -0.846382 35.877491 3.680051
v -0.287981 35.503551 3.994505
v -0.286614 35.511631 3.999362
v 0.000000 35.480751 4.028605
v 0.000000 35.489037 4.033087
v -0.514637 35.585899 3.899182
v -0.512667 35.593475 3.904316
v -0.724648 35.748070 3.774193
v -0.719903 35.754642 3.778963
v 0.000000 36.579372 4.337369
v -2.482303 38.002399 0.446927
v -2.265188 37.264515 0.551029
v -1.973014 36.619370 -0.035098
v -3.116305 37.218735 -1.008150
v -2.882268 36.833347 -0.763394
v -3.296239 37.627449 -1.073555
v -3.373078 38.096695 -1.019257
v -2.991528 38.811985 -0.539903
v -2.728434 38.046524 -0.717348
v -2.407801 37.117275 -0.591869
v -2.209885 36.429470 -0.217305
v -3.287861 38.551914 -0.799595
v -3.045739 37.868965 -0.943029
v -2.746620 37.103683 -0.814953
v -2.519530 36.565327 -0.502395
v -2.215768 37.407654 0.212096
v -2.067747 36.942188 0.205660
v -2.382598 37.922802 0.160599
v -2.481822 38.344070 0.028555
v -2.058585 37.459267 -0.008454
v -2.049725 37.259506 0.001978
v -2.125851 37.203270 -0.150181
v -2.017923 37.480297 -0.175965
v -2.185184 37.855270 -0.043888
v -2.120859 37.803463 -0.209105
v -2.307888 38.077133 -0.054224
v -2.302981 38.104225 -0.218363
v -2.139376 37.464134 -0.289343
v -2.237539 37.731808 -0.325398
v -2.472076 37.976521 -0.362497
v -2.240979 37.245544 -0.261880
v -2.445313 37.452446 -0.411289
v -2.502375 37.640373 -0.449317
v -2.534603 37.808674 -0.445722
v -2.369255 37.335640 -0.340871
v -2.645430 38.430012 -0.214946
v -2.675822 38.464386 -0.066147
v -2.914760 38.369381 -0.321596
v -2.872233 38.346241 -0.457188
v -2.213535 36.822685 0.007454
v -2.221022 36.812893 0.101143
v -2.432506 36.868004 -0.099833
v -2.412126 36.915344 -0.147395
v -2.854387 37.347393 -0.483106
v -2.807555 37.365311 -0.527767
v -2.982525 37.637386 -0.556305
v -2.930990 37.638702 -0.654170
v -3.034761 37.966999 -0.507593
v -2.985000 37.951538 -0.633852
v -2.684845 37.063271 -0.326383
v -2.648221 37.099136 -0.386157
v -2.642487 38.684662 0.187040
v -2.025271 36.630413 0.396429
v -2.016388 36.606426 0.442014
v -2.237970 36.430042 0.112284
v -2.239601 36.470036 0.151004
v -3.116306 37.234356 -0.624335
v -3.093902 37.244583 -0.588025
v -2.882468 36.841629 -0.432592
v -2.864133 36.862255 -0.397161
v -3.295577 37.639496 -0.697414
v -3.270648 37.640244 -0.662026
v -2.624055 38.645115 0.231400
v -2.932286 38.751728 -0.095901
v -2.929745 38.721821 -0.062449
v -3.373077 38.101822 -0.659720
v -3.349667 38.092308 -0.624563
v -3.274096 38.528366 -0.427554
v -3.244608 38.513321 -0.390948
v -2.533330 36.568569 -0.126145
v -2.524399 36.598190 -0.095513
v -2.136318 38.395493 2.957246
v -2.130008 38.423771 2.962120
v -2.068060 38.378258 2.947340
v -2.060906 38.406364 2.952891
v -1.782606 38.304226 2.500323
v -1.775407 38.332508 2.505908
v -8.335225 31.867580 -0.044610
v -8.296028 32.632568 -0.657104
v -8.295407 32.173912 -0.559498
v -8.291132 33.100941 -0.517359
v -8.962658 32.235481 -0.664078
v -8.942684 32.613537 -0.904987
v -8.981863 32.041843 -0.272661
v -8.948246 33.013054 -0.750596
v -9.341181 32.582718 -0.976929
v -9.372405 32.300972 -0.725240
v -8.340895 32.180237 0.482582
v -9.003066 31.939754 0.249317
v -9.413284 32.098160 -0.318696
v -9.315511 33.010704 -0.721335
v -9.710630 32.596054 -1.004076
v -9.796718 32.249126 -0.730297
v -9.424682 32.008991 0.280459
v -8.328810 32.542439 0.582876
v -8.933727 33.216427 -0.431086
v -8.345670 33.292431 -0.081467
v -8.991772 32.093422 0.555295
v -9.841131 32.042770 -0.396587
v -10.122931 32.633297 -0.989280
v -10.201578 32.223988 -0.724773
v -9.863242 31.977180 0.251501
v -9.726189 33.083908 -0.716578
v -10.225417 32.025848 -0.479684
v -8.342635 33.204163 0.334056
v -9.370660 32.180744 0.527271
v -9.303120 33.233418 -0.409849
v -8.943918 33.366032 0.015837
v -10.534536 32.230869 -0.725515
v -10.225630 31.951935 0.222912
v -10.472726 32.665771 -0.979474
v -8.976213 32.487522 0.717092
v -10.587480 32.004669 -0.530936
v -9.323624 32.508575 0.737870
v -10.088473 33.103386 -0.697203
v -10.849512 32.240902 -0.725655
v -10.603035 31.879608 0.195522
v -8.941620 33.236500 0.439549
v -9.795113 32.436424 0.731511
v -10.822836 32.692513 -0.950121
v -9.742717 33.292664 -0.421105
v -11.072989 32.018059 -0.573226
v -9.310200 33.348949 0.084879
v -9.629141 32.478012 0.686041
v -10.474918 33.124287 -0.712147
v -11.099087 31.804398 0.129983
v -10.026359 32.391457 0.780596
v -9.251881 33.189297 0.449009
v -11.233480 32.697346 -0.871777
v -10.106364 33.313087 -0.427967
v -9.576766 33.040901 0.593247
v -10.749457 33.141224 -0.722771
v -9.762829 33.441280 0.105725
v -11.785606 32.107407 -0.634853
v -10.637283 32.350349 0.793300
v -9.745112 33.075871 0.626420
v -10.288427 32.386971 0.801442
v -10.483597 33.335037 -0.481870
v -11.777413 31.852798 0.074499
v -11.095547 32.304337 0.765611
v -9.959465 33.114716 0.649189
v -10.115634 33.472843 0.098837
v -11.802232 32.701633 -0.810807
v -11.065098 33.397984 -0.550741
v -10.497120 33.517292 0.100624
v -10.206394 33.109322 0.637858
v -12.572030 32.196793 -0.544690
v -11.791831 32.294979 0.701785
v -11.821913 33.430664 -0.495680
v -10.571795 33.132587 0.677573
v -12.579334 32.718216 -0.762388
v -12.584303 32.031387 0.068440
v -11.070498 33.591972 0.157190
v -11.086023 33.159046 0.720193
v -12.590730 33.363358 -0.424837
v -13.396206 32.266094 -0.490833
v -13.390922 32.747330 -0.677406
v -11.809800 33.131718 0.741569
v -12.589886 32.330925 0.662010
v -11.813270 33.602798 0.266812
v -13.403162 32.134575 0.056830
v -13.391689 33.274925 -0.394620
v -12.584435 33.091164 0.769690
v -14.162678 32.301247 -0.467402
v -14.148789 32.766499 -0.627454
v -13.404137 32.375946 0.599914
v -12.583963 33.545429 0.335641
v -14.192766 32.187077 0.048898
v -13.395530 33.433369 0.311431
v -14.793525 32.328285 -0.438988
v -13.394453 33.059055 0.740295
v -14.781347 32.772324 -0.608955
v -14.155109 33.237064 -0.353383
v -14.210822 32.420689 0.535743
v -14.840645 32.200184 0.047652
v -15.330569 32.332451 -0.427685
v -15.299156 32.770985 -0.599383
v -14.227036 33.020851 0.744316
v -14.790874 33.229836 -0.307784
v -15.432448 32.214851 0.050649
v -14.857719 32.435753 0.547882
v -14.214184 33.337849 0.296025
v -15.694387 32.323521 -0.430149
v -15.663838 32.768993 -0.583500
v -15.753010 32.225815 0.053757
v -15.965799 32.308517 -0.441622
v -15.319095 33.209179 -0.262284
v -15.943234 32.763481 -0.605218
v -14.855799 32.983070 0.762034
v -16.143400 32.349121 -0.476304
v -14.831276 33.280327 0.289702
v -15.463421 32.437492 0.595693
v -15.984509 32.201218 0.056125
v -16.190672 32.224823 0.058061
v -16.115246 32.773918 -0.646397
v -16.301449 32.371269 -0.509125
v -16.256975 32.724907 -0.715538
v -16.525150 32.675564 -0.871811
v -16.637295 32.272896 -0.687474
v -15.688892 33.195892 -0.223912
v -15.958754 33.181705 -0.210919
v -16.720367 32.123131 -0.324185
v -15.748655 32.430164 0.643734
v -16.270432 32.979462 -0.605675
v -17.024055 32.238049 -0.759945
v -17.024672 32.653400 -0.983014
v -16.418720 32.224094 0.060304
v -16.128254 33.175514 -0.200322
v -16.587811 33.020821 -0.694562
v -15.406504 33.214577 0.339844
v -17.095856 32.088371 -0.412976
v -16.120451 32.424225 0.694474
v -17.458000 32.240356 -0.804830
v -15.948910 32.421440 0.689235
v -16.817085 32.182011 -0.029473
v -17.004482 33.033478 -0.716624
v -15.474518 32.938229 0.818198
v -16.259798 32.411179 0.703296
v -17.461941 32.644802 -1.025597
v -16.846495 32.169655 0.191764
v -17.497652 32.168961 -0.445038
v -15.735765 33.185852 0.375293
v -16.298042 33.183434 -0.178723
v -17.173779 32.184937 -0.037412
v -16.639233 33.187790 -0.230728
v -17.739096 32.271969 -0.812507
v -16.517006 32.172878 0.641457
v -15.766146 32.914543 0.856599
v -17.442839 33.043591 -0.736048
v -15.973398 33.167740 0.402001
v -17.731228 32.641426 -1.030171
v -16.840067 31.986925 0.453157
v -16.825729 31.946842 0.663076
v -17.199318 32.174583 0.187848
v -17.809341 32.271660 -0.400894
v -16.139755 33.157928 0.421937
v -16.106335 32.886810 0.892529
v -16.428059 32.283081 0.823936
v -17.203955 31.866236 0.489061
v -18.212242 32.627090 -1.090721
v -15.953524 32.899303 0.880469
v -16.753139 31.978149 0.834678
v -17.579597 32.274426 -0.011669
v -16.237907 32.653236 0.888525
v -18.359083 32.275078 -0.813302
v -17.139874 31.781105 0.787127
v -16.707714 32.110161 1.028240
v -16.442642 32.565815 1.012948
v -16.306322 33.176041 0.453950
v -17.104080 33.175812 -0.223034
v -16.681049 33.251312 0.302810
v -17.048618 31.818169 1.024032
v -18.199642 32.883060 -1.003627
v -17.590248 32.213291 0.273294
v -17.864300 33.043079 -0.764317
v -17.622919 31.830776 0.614416
v -18.439480 32.624821 -1.072280
v -16.257328 32.874401 0.899027
v -16.788738 32.401142 1.176142
v -17.356815 31.690527 1.197192
v -17.880245 32.383675 0.067508
v -16.993132 31.955795 1.233438
v -18.502174 32.326115 -0.361645
v -17.548336 31.709465 0.964287
v -18.653494 32.307854 -0.773591
v -18.408073 32.876469 -1.023508
v -16.453161 32.783867 1.090480
v -17.559414 33.184647 -0.215839
v -18.691528 32.439083 -0.971950
v -18.647999 32.616226 -1.033202
v -16.537437 32.985458 1.025426
v -17.856142 32.265873 0.399918
v -18.615322 32.847187 -1.007652
v -18.771181 32.406963 -0.763354
v -18.286999 33.067802 -0.784292
v -16.650234 33.169510 0.822514
v -18.878521 32.626587 -1.032146
v -17.256809 31.842083 1.424477
v -17.668884 31.697685 1.134731
v -18.915726 32.439304 -0.957268
v -17.147253 33.255318 0.312908
v -17.832251 31.931046 0.962055
v -16.895424 32.624115 1.212624
v -17.844395 31.937050 0.751174
v -17.525402 31.660122 1.296141
v -18.746918 32.374165 -0.495992
v -17.073612 32.288155 1.347437
v -18.944031 32.394962 -0.775901
v -18.898659 32.809464 -0.998772
v -17.401764 31.818644 1.492489
v -18.459940 33.061623 -0.783952
v -17.621143 31.661686 1.341380
v -18.371637 33.052647 -0.519881
v -19.154951 32.623566 -1.008967
v -17.743399 31.666533 1.145597
v -19.163662 32.488739 -0.931816
v -18.057934 33.214035 -0.218031
v -18.951385 32.434345 -0.621368
v -18.828724 32.443207 -0.566403
v -18.592136 32.363998 0.029220
v -17.835396 31.914333 1.102114
v -17.723316 31.648514 1.388328
v -17.511040 31.769878 1.566509
v -17.862328 31.619530 1.198282
v -17.117865 33.164581 0.856764
v -18.635904 33.010151 -0.783951
v -19.177473 32.448570 -0.791563
v -18.848894 32.454144 -0.511813
v -17.908899 31.881151 1.110322
v -18.875212 32.404243 -0.232691
v -17.976551 32.032166 0.889089
v -17.028570 32.893311 1.106901
v -18.923115 32.958885 -0.793920
v -17.335707 32.195694 1.517151
v -18.197369 32.147881 0.895444
v -19.261013 32.496037 -0.927982
v -19.173651 32.488739 -0.650853
v -18.918314 32.461983 -0.448460
v -17.627060 31.751568 1.587262
v -18.807243 32.617447 -0.520550
v -18.940151 32.555241 -0.551072
v -19.259703 32.621212 -1.023907
v -17.603153 33.285545 0.336483
v -19.160280 32.808685 -0.969719
v -17.213848 32.524117 1.347504
v -18.828857 32.614578 -0.541873
v -18.512037 33.032677 -0.578959
v -18.029480 31.819841 1.163540
v -19.271540 32.472351 -0.795087
v -19.353104 32.618107 -1.029422
v -19.349701 32.471409 -0.939135
v -18.081625 31.536388 1.634608
v -18.852226 32.594097 -0.498143
v -19.352810 32.446480 -0.798055
v -17.581436 32.065296 1.638563
v -18.694878 32.909691 -0.569993
v -17.966549 32.167801 1.154423
v -18.197338 31.504074 1.478684
v -19.270615 32.496037 -0.661964
v -18.539465 33.014996 -0.520140
v -17.464222 32.128403 1.590757
v -19.541555 32.604477 -1.015504
v -19.270002 32.814281 -0.980487
v -19.367813 32.806885 -0.984522
v -17.932684 32.136707 1.197929
v -18.702940 32.915459 -0.519499
v -18.929136 32.821644 -0.584160
v -18.607918 32.385822 0.556835
v -19.544369 32.458153 -0.955200
v -19.553295 32.434998 -0.805066
v -19.360010 32.471409 -0.657344
v -19.170422 32.605659 -0.573547
v -17.690163 31.998831 1.656420
v -18.620485 33.066605 -0.446166
v -18.978159 32.479961 -0.223446
v -18.772013 32.968624 -0.450472
v -17.996265 32.110546 1.226733
v -19.275455 32.499454 -0.415365
v -19.178713 32.943336 -0.791610
v -18.913166 32.445751 0.054369
v -18.504032 33.237991 -0.223634
v -17.547956 33.172073 0.903943
v -19.757774 32.503574 -0.931457
v -17.411320 32.825710 1.198622
v -17.563059 32.421326 1.436544
v -18.014780 31.590115 1.799068
v -19.172962 32.808685 -0.612926
v -19.276215 32.621212 -0.566580
v -18.336201 31.688961 1.446280
v -18.211823 31.498180 1.534556
v -19.550684 32.797462 -0.970498
v -19.370008 32.618107 -0.567913
v -19.555685 32.458153 -0.654973
v -18.247871 31.473722 1.500326
v -18.181442 31.458559 1.679545
v -18.110258 32.057411 1.274802
v -19.255955 32.637066 -0.499035
v -18.120708 31.501343 1.678390
v -19.383560 32.929348 -0.799158
v -19.730927 32.625111 -1.007508
v -19.286177 32.948803 -0.795627
v -18.342625 31.683519 1.493827
v -19.765888 32.485291 -0.812230
v -17.651939 32.345207 1.515305
v -18.155802 32.235874 1.120750
v -18.434244 31.349621 1.718882
v -18.101545 31.532627 1.823017
v -18.115438 33.336296 0.349250
v -19.260798 32.962231 -0.454471
v -18.483160 31.352058 1.539249
v -19.557411 32.604477 -0.594884
v -18.373444 31.672215 1.460360
v -18.945282 32.426098 0.337740
v -19.799820 32.657440 -1.025666
v -17.853792 32.316681 1.389108
v -19.767380 32.503574 -0.693203
v -19.300655 32.460060 -0.229577
v -19.819811 32.508064 -0.949277
v -19.283382 32.814281 -0.610447
v -19.021713 32.539444 -0.013290
v -19.827166 32.496891 -0.813950
v -17.921955 32.263042 1.435719
v -17.839298 32.184174 1.631159
v -19.729193 32.794907 -0.955870
v -18.476254 33.200108 0.050174
v -18.182297 31.495573 1.854214
v -19.381424 32.806885 -0.613543
v -18.852598 33.172356 -0.223635
v -19.886454 32.653664 -1.012901
v -17.821154 32.380192 1.337351
v -17.752193 32.274490 1.591791
v -18.003170 32.191288 1.496035
v -18.704567 33.230419 -0.223633
v -19.569248 32.575611 -0.402831
v -20.090099 32.495621 -0.977750
v -18.721434 31.251282 1.650145
v -18.114460 31.785179 1.861468
v -18.610071 31.532961 1.506937
v -19.563084 32.900124 -0.805397
v -18.006311 32.527615 1.251389
v -19.029974 32.545326 0.065403
v -19.821953 32.802818 -0.974070
v -18.601484 32.359661 0.907074
v -17.812210 32.726089 1.272983
v -19.830942 32.508064 -0.679039
v -18.418081 31.906631 1.516617
v -19.042128 32.549599 0.134907
v -18.442986 31.429131 1.898499
v -19.563148 32.797478 -0.640198
v -18.621948 31.246466 1.832341
v -18.200855 31.740578 1.904392
v -19.300299 32.515198 -0.046076
v -20.084549 32.646042 -1.013853
v -20.102674 32.471771 -0.821190
v -19.746574 32.625111 -0.616415
v -18.469179 31.888123 1.533203
v -19.558706 32.717422 -0.491707
v -19.911655 32.808750 -0.959955
v -17.996555 33.236599 0.934906
v -18.671387 33.154350 -0.026806
v -19.742798 32.894894 -0.811561
v -19.817152 32.657440 -0.602454
v -18.845024 31.403456 1.598545
v -18.696941 31.734409 1.551061
v -18.342497 31.980480 1.684479
v -19.585812 32.526886 -0.241194
v -20.298218 32.524036 -0.961873
v -18.909651 32.434864 0.602224
v -18.296810 31.686596 1.940491
v -19.740711 32.794907 -0.667352
v -18.430029 31.898829 1.570152
v -18.885366 31.259369 1.814902
v -19.287518 32.653923 0.040026
v -19.833675 32.896770 -0.814128
v -18.608871 31.327160 1.935524
v -20.104235 32.495621 -0.665175
v -19.579756 32.575611 -0.078898
v -19.057064 32.535595 0.355724
v -18.240503 31.982841 1.828601
v -20.090412 32.789040 -0.954732
v -18.801693 33.005680 -0.004870
v -18.669134 33.157913 0.054514
v -19.685410 32.606167 -0.401453
v -19.903040 32.653664 -0.619703
v -18.807667 33.033203 0.054978
v -18.497332 31.433643 1.916660
v -18.565697 32.431984 1.143776
v -20.283039 32.664516 -0.996950
v -19.684471 32.736294 -0.514258
v -20.318968 32.492222 -0.823791
v -18.797192 31.272167 1.969822
v -18.517115 31.579700 1.918216
v -18.816698 31.232031 1.924961
v -19.565226 32.963680 -0.446496
v -18.707689 33.192787 0.132871
v -18.623766 31.353075 1.946757
v -19.697889 32.577431 -0.245083
v -19.352688 32.616119 0.172203
v -18.887524 31.615089 1.648406
v -18.464748 32.652481 1.240699
v -19.927248 32.896618 -0.816566
v -19.835123 32.802818 -0.654624
v -18.520041 33.359859 0.355724
v -19.288586 33.141556 -0.229174
v -19.769154 32.732521 -0.520161
v -19.764065 32.554596 -0.413783
v -20.083233 32.834503 -0.820782
v -19.048248 32.559982 0.561165
v -19.280396 32.972523 -0.005047
v -18.895947 33.119949 0.142534
v -20.313332 32.524021 -0.682837
v -18.776318 31.313269 1.985852
v -18.537128 31.568218 1.927481
v -18.443306 31.951502 1.717743
v -18.993826 31.316622 1.800071
v -18.695251 31.477486 2.000680
v -18.393740 31.909344 1.872076
v -19.923840 32.808750 -0.673302
v -20.436338 32.607407 -0.890720
v -18.381693 31.961647 1.721630
v -19.766918 32.524361 -0.247445
v -20.274223 32.772396 -0.936684
v -20.101917 32.646042 -0.629303
v -18.894323 32.397034 0.892869
v -20.120848 32.782791 -0.912673
v -18.332842 31.938040 1.857748
v -18.663269 31.795086 1.734946
v -19.332436 32.753311 0.084663
v -18.341179 33.005554 1.184072
v -20.030394 32.715996 -0.503906
v -18.609541 31.701191 1.905775
v -18.956530 31.331827 1.946239
v -19.787659 32.961502 -0.467256
v -20.112762 32.794502 -0.821107
v -19.697348 32.970467 -0.463193
v -20.275183 32.778122 -0.920238
v -20.043608 32.510418 -0.256660
v -18.628290 31.654560 1.916362
v -18.992004 31.482754 1.822492
v -18.429443 33.236366 0.629595
v -20.033480 32.538509 -0.433080
v -20.433725 32.722301 -0.910593
v -19.695658 32.606167 -0.088332
v -19.775007 32.554596 -0.081429
v -19.038029 32.546356 0.624515
v -20.280796 32.811745 -0.823592
v -20.102474 32.789040 -0.687951
v -19.574980 32.717422 0.010331
v -20.127766 32.782791 -0.730399
v -20.450590 32.606449 -0.825548
v -19.366688 32.569172 0.355724
v -19.034597 32.545639 0.677837
v -18.866480 31.381037 2.026905
v -18.791470 32.485210 1.129982
v -20.446014 32.607407 -0.760344
v -19.345579 33.091812 0.137512
v -20.397480 32.776573 -0.891464
v -18.908545 31.357880 2.011205
v -20.301426 32.664494 -0.647835
v -19.353497 32.617634 0.537120
v -18.853405 31.657215 1.808071
v -20.285883 32.772392 -0.708942
v -18.765289 31.606232 1.937554
v -20.388294 32.787689 -0.877424
v -18.737951 33.345783 0.355724
v -18.773335 31.621016 1.930306
v -20.041714 32.929657 -0.451050
v -20.457642 32.728210 -0.825639
v -18.900032 33.305840 0.355724
v -19.587402 33.126987 -0.241250
v -18.871548 31.493155 1.966680
v -20.285229 32.777473 -0.723764
v -19.672272 32.691303 0.187734
v -19.013929 32.483768 0.925645
v -20.304575 32.584412 -0.401099
v -18.957586 31.513937 1.890418
v -18.926220 31.507483 1.953718
v -18.658195 33.183578 0.572562
v -19.578564 32.963680 -0.035131
v -20.406328 32.828346 -0.826111
v -19.702091 32.736294 0.024037
v -20.439709 32.797001 -0.825408
v -19.787088 32.732521 0.024124
v -20.396969 32.788639 -0.775143
v -20.445431 32.722301 -0.740553
v -20.045357 32.538509 -0.080135
v -18.396004 33.273335 0.925645
v -18.654835 32.675060 1.233824
v -20.408585 32.776573 -0.759661
v -19.234280 32.537254 0.721460
v -19.806351 33.110035 -0.248783
v -18.944992 32.535126 1.097207
v -18.660233 33.175446 0.630483
v -18.838486 33.045166 0.573791
v -18.789167 32.993660 0.630195
v -18.633896 33.170422 0.689354
v -20.284885 32.741020 -0.496965
v -19.716656 33.133640 -0.245728
v -18.776741 33.039894 0.685924
v -19.664473 32.835625 0.095313
v -20.313263 32.555008 -0.265160
v -19.232239 32.646618 0.669092
v -20.047028 32.715996 -0.009426
v -19.683786 32.641727 0.355724
v -20.313993 32.584412 -0.129135
v -20.349751 32.625622 -0.413519
v -19.242945 32.484615 0.941281
v -19.340494 32.750843 0.625268
v -19.711617 32.970467 -0.027671
v -20.056160 33.054169 -0.257068
v -19.672272 32.691303 0.517504
v -18.570238 33.046169 1.188099
v -18.825504 32.682938 1.215346
v -19.361206 33.266186 0.355724
v -20.378750 32.780224 -0.519779
v -19.802094 32.961502 -0.029785
v -20.359394 32.610706 -0.266555
v -19.203905 32.976295 0.710007
v -20.423603 32.601425 -0.429487
v -20.282120 32.930176 -0.435775
v -19.336895 33.080887 0.583158
v -19.446074 32.581589 0.784116
v -19.800697 32.722412 0.199816
v -19.215153 32.535995 1.118390
v -20.431559 32.587868 -0.268704
v -18.627806 33.285519 0.925645
v -18.786230 33.219620 0.925645
v -20.489876 32.775650 -0.506312
v -19.803493 32.854820 0.087720
v -19.669617 33.086216 0.142375
v -20.054783 32.929657 -0.062777
v -19.455322 32.718384 0.694464
v -18.766203 33.008698 1.183685
v -19.808180 32.693165 0.355724
v -20.401396 32.956566 -0.458804
v -20.815443 32.583958 -0.438588
v -20.359993 32.625622 -0.119504
v -19.917318 32.850983 0.085821
v -19.176456 32.652561 1.207823
v -19.908579 32.669930 0.190873
v -19.452257 32.533360 0.949604
v -19.905914 32.639153 0.355724
v -20.300934 32.741020 -0.032568
v -20.434902 32.601425 -0.108010
v -19.800697 32.722412 0.511633
v -19.495613 32.611839 0.791186
v -19.814896 33.093117 0.138958
v -19.436041 32.581589 1.114431
v -20.516396 32.963760 -0.443458
v -19.220404 33.145683 0.940488
v -19.664473 32.835625 0.616136
v -20.298113 33.051453 -0.264698
v -20.231789 32.653553 0.182016
v -19.555960 32.737064 0.678464
v -19.497999 32.583389 0.951970
v -20.807726 32.766415 -0.510906
v -20.231070 32.834175 0.112353
v -19.584663 32.571575 0.784028
v -20.828388 32.555038 -0.279799
v -19.908579 32.669930 0.520576
v -20.293953 32.930176 -0.093251
v -19.482267 32.962173 0.741868
v -20.396381 32.780224 -0.015567
v -19.640106 32.733334 0.677876
v -20.827179 32.583958 -0.120879
v -19.194931 32.970280 1.175442
v -19.576851 32.541641 0.954421
v -19.934380 33.083996 0.138896
v -20.414684 33.070518 -0.268206
v -19.685408 33.252403 0.355724
v -20.236061 32.624977 0.355724
v -19.892899 32.552055 0.783346
v -21.008438 32.620010 -0.428738
v -19.669617 33.086216 0.569073
v -19.588793 32.968899 0.732396
v -20.506565 32.775650 -0.035486
v -19.485828 32.611839 1.112360
v -19.574213 32.571575 1.125102
v -19.891376 32.524250 0.964783
v -20.814463 32.939842 -0.440117
v -20.231789 32.653553 0.529432
v -19.803493 32.854820 0.623729
v -20.414761 32.956566 -0.077530
v -19.917318 32.850998 0.625628
v -19.439787 32.718384 1.205877
v -20.989313 32.790180 -0.495532
v -20.534710 33.070339 -0.271707
v -19.894472 32.716972 0.710661
v -21.031662 32.582081 -0.285010
v -20.507853 32.700260 0.219077
v -19.678368 32.960022 0.734095
v -19.946060 33.235142 0.355724
v -19.827282 33.259155 0.355724
v -20.240778 33.051598 0.164681
v -20.803432 32.994999 -0.279138
v -21.020073 32.619957 -0.140474
v -20.528622 32.963760 -0.099518
v -19.539139 32.737064 1.228708
v -21.167015 32.719551 -0.365485
v -19.491251 33.123844 0.951531
v -20.975315 32.919640 -0.426388
v -20.491180 32.859627 0.122510
v -20.824791 32.766415 -0.048564
v -19.814899 33.093117 0.572491
v -20.158905 32.586700 0.832291
v -20.231070 32.834175 0.599095
v -20.511902 32.670338 0.355724
v -20.853035 32.932274 -0.383500
v -19.881561 32.552055 1.146088
v -19.469532 32.962173 1.160322
v -19.902214 32.928501 0.765462
v -20.507853 32.700260 0.492371
v -20.975971 32.925209 -0.410112
v -19.622982 32.744129 1.234943
v -21.164013 32.858910 -0.383376
v -20.248837 33.178291 0.355724
v -19.682833 33.107056 0.957961
v -20.841082 32.946480 -0.280288
v -20.578640 32.742218 0.212021
v -21.183222 32.718384 -0.288680
v -19.934380 33.083996 0.572553
v -21.175247 32.719551 -0.211357
v -20.145855 32.741753 0.732238
v -19.594027 33.130421 0.955000
v -20.981050 32.968376 -0.283993
v -20.826309 32.939842 -0.119305
v -20.611185 32.899529 0.109010
v -20.583246 32.727016 0.355724
v -21.102272 32.942051 -0.371460
v -20.859737 32.932281 -0.177992
v -20.158344 32.557594 0.973231
v -20.486217 33.052113 0.183740
v -20.654879 32.717777 0.196559
v -21.006371 32.790115 -0.073151
v -21.132242 32.907406 -0.371417
v -20.149914 32.586700 1.114087
v -19.575169 32.968899 1.176991
v -20.657223 32.703983 0.355725
v -20.240778 33.051601 0.546767
v -20.203812 32.627506 0.822248
v -19.903809 33.051758 0.965184
v -21.192265 32.866074 -0.288894
v -20.723846 32.894867 0.122063
v -19.878590 32.727768 1.218857
v -20.240139 32.780560 0.714567
v -20.203403 32.612736 0.974607
v -20.986349 32.919621 -0.141391
v -20.985666 32.925884 -0.159706
v -20.139019 32.929001 0.795124
v -20.277678 32.603432 0.810277
v -19.664581 32.960022 1.181273
v -21.126659 32.987534 -0.287677
v -21.169254 32.949516 -0.288348
v -21.000965 32.699802 0.187123
v -20.274567 32.590015 0.976749
v -20.578644 32.742218 0.499428
v -20.631741 33.078968 0.169036
v -21.174156 32.858910 -0.193445
v -21.112358 32.942051 -0.204455
v -20.349243 32.776016 0.735158
v -20.491180 32.859627 0.588938
v -20.654879 32.717777 0.514891
v -21.141125 32.907406 -0.204339
v -20.130527 32.741753 1.213445
v -20.496479 33.175537 0.355725
v -20.194038 32.627506 1.126883
v -20.258593 32.955124 0.778761
v -20.667458 32.586254 0.807964
v -19.889729 32.928501 1.164565
v -20.995823 32.885468 0.126197
v -21.008165 32.670372 0.355724
v -20.748255 33.086292 0.184891
v -20.486219 33.052113 0.527709
v -20.266893 32.603432 1.143314
v -20.611185 32.899529 0.602438
v -21.000965 32.699802 0.524326
v -20.143347 33.049068 0.972770
v -20.371347 32.962254 0.801471
v -21.210747 32.742092 0.190798
v -20.638470 33.194923 0.355724
v -20.664476 32.766880 0.748609
v -20.127728 32.929001 1.150050
v -20.668337 32.557617 0.987874
v -20.223309 32.780560 1.236919
v -20.723846 32.894875 0.589386
v -20.655203 32.586254 1.167706
v -21.000025 33.061966 0.196437
v -20.631741 33.078968 0.542413
v -21.192175 32.912525 0.130300
v -20.258755 33.067940 0.976276
v -21.228706 32.704773 0.355725
v -20.760677 33.194756 0.355724
v -20.867916 32.625587 0.832581
v -20.333303 32.776031 1.222781
v -21.175827 33.039177 0.204830
v -21.210751 32.742092 0.520652
v -20.982769 33.118080 0.355724
v -20.666075 32.938576 0.821810
v -20.245836 32.955124 1.173721
v -20.748255 33.086292 0.526558
v -21.357147 32.837784 0.261602
v -20.377583 33.067757 0.979777
v -20.995817 32.885468 0.585251
v -20.852083 32.792023 0.777776
v -20.879532 32.589363 0.993339
v -21.027344 33.050903 0.261429
v -20.359673 32.962254 1.157651
v -20.626633 32.993179 0.987256
v -20.833492 32.907501 0.833163
v -21.176352 33.045139 0.220681
v -21.355059 32.979607 0.239748
v -21.010128 33.067627 0.355724
v -20.855789 32.625690 1.153281
v -21.369455 32.836609 0.355725
v -21.011597 32.720490 0.900309
v -20.648180 32.766880 1.227018
v -21.000025 33.061966 0.515012
v -21.180824 33.095871 0.355724
v -21.357147 32.837784 0.449846
v -21.027344 33.050903 0.450019
v -21.291990 33.062412 0.261672
v -20.691521 32.931076 0.905161
v -21.322073 33.028954 0.253828
v -21.192179 32.912525 0.581150
v -20.830395 32.929218 0.871135
v -21.378662 32.986893 0.355725
v -20.672016 32.945141 0.988683
v -21.010479 32.858452 0.877944
v -21.175827 33.039177 0.506620
v -21.019630 32.719337 0.996765
v -20.654760 32.938576 1.153767
v -20.684731 32.931080 1.072989
v -21.003736 32.720490 1.092740
v -20.829088 32.968365 0.992058
v -20.967556 32.923611 0.898440
v -21.355232 33.071796 0.355725
v -21.331396 33.115940 0.355724
v -20.835882 32.792114 1.207463
v -21.355061 32.979607 0.471702
v -21.291990 33.062412 0.466755
v -20.955841 32.934013 0.911304
v -21.028589 32.865547 0.996980
v -20.821520 32.907532 1.151138
v -21.322073 33.028954 0.457622
v -20.820763 32.929237 1.112858
v -21.005804 32.948147 0.996434
v -20.972559 32.985775 0.994993
v -20.947073 32.940762 1.083937
v -21.000797 32.858452 1.115078
v -20.969316 32.906460 1.100142
v -19.008892 32.698349 0.653713
v -19.005230 32.695374 0.631978
v -19.012682 32.707745 0.607048
v -19.013596 32.706776 0.090552
v -19.000687 32.697220 0.060816
v -19.017704 32.696472 0.035612
v 0.000000 28.902996 2.876941
v 0.000000 28.769068 -0.904485
v 0.000000 31.718834 -1.754278
v 0.000000 31.593584 2.708222
v 0.000000 30.661455 -1.561366
v 0.000000 30.427443 3.040352
v 0.000000 29.677441 -1.254644
v 0.000000 29.770025 3.048390
v 0.000000 20.531527 -1.850944
v 0.000000 20.266344 -0.433292
v 0.000000 20.414421 1.993271
v 0.000000 24.000252 -1.910574
v 0.000000 22.931288 2.989605
v 0.000000 21.397604 -2.206959
v 0.000000 20.739868 2.694961
v 0.000000 26.988255 2.674888
v 0.000000 27.104107 -0.576670
v 0.000000 25.843689 2.667421
v 0.000000 25.862886 -0.884718
v 0.000000 32.835274 -1.752552
v 0.000000 32.950600 1.585953
v 0.000000 32.383751 2.117399
v 0.000000 20.266344 0.949734
v 0.000000 24.764303 -1.365451
v 0.000000 24.904732 2.787383
v 0.000000 23.945377 2.920602
v 0.000000 21.743183 2.934951
v 0.000000 22.819292 -2.255330
v 0.000000 33.428459 1.139160
v 0.000000 27.901373 -0.555576
v 0.000000 27.829639 2.756304
v -1.723016 28.518387 2.568471
v -1.985502 33.686386 0.588022
v -1.933059 33.635410 -1.064736
v -1.954845 28.716436 -0.155216
v -2.382668 31.641371 -1.248672
v -2.082739 32.115524 2.138225
v -2.404963 30.556057 -0.770679
v -2.178591 29.608452 -0.431413
v -1.943535 33.801308 -0.337196
v -2.909790 31.432373 1.222561
v -2.950170 30.534344 1.202581
v -2.749907 29.725349 1.260951
v -2.363971 28.893890 1.437628
v -3.562822 21.422195 -1.787209
v -4.033621 21.768229 1.023540
v -2.993761 21.620558 2.123652
v -2.606676 23.652449 2.103443
v -3.266696 24.028568 1.163206
v -2.666265 24.334549 -1.228183
v -3.558107 22.313143 -1.843207
v -2.931486 22.121771 2.086793
v -3.918345 22.337582 1.008280
v -1.014129 23.080288 2.880719
v -0.994752 28.557825 3.022053
v -1.225730 31.965443 2.692001
v -1.315232 31.710823 -1.674041
v -1.261129 30.632355 -1.396194
v -1.165798 29.638592 -1.080655
v -1.040819 28.736053 -0.756279
v -0.313193 24.095884 -1.998754
v -0.284802 21.768188 -2.673662
v -0.348471 20.418055 -2.329534
v -0.195583 20.155195 -0.429679
v -0.528128 20.471333 2.061057
v -0.793137 20.969879 2.729395
v -3.113888 20.386641 2.077588
v -3.980115 20.301445 0.967244
v -3.239264 19.873749 -1.552250
v -0.725391 19.447472 -1.742788
v -0.229743 19.357363 -0.481365
v -0.718600 19.842073 2.161763
v -0.913986 12.711893 -0.787700
v -0.615786 12.676167 -0.140900
v -2.015290 12.740846 -0.747695
v -2.256853 12.710997 0.584098
v -0.791596 18.299034 1.926095
v -2.833993 18.476244 1.890505
v -3.485075 18.472572 0.891361
v -2.949871 18.355511 -1.308778
v -0.760237 18.215092 -1.454452
v -0.196273 18.218380 -0.342413
v -0.810067 16.150585 1.583519
v -2.296085 16.145048 1.616473
v -2.867566 16.142706 0.872032
v -2.471065 16.147484 -1.094056
v -0.762805 16.147373 -1.139155
v -0.328954 16.147533 -0.178096
v -0.796470 14.482557 1.369838
v -1.980767 14.484945 1.346379
v -2.429638 14.486553 0.710251
v -2.089149 14.480715 -0.864065
v -0.788615 14.483685 -0.905054
v -0.435484 14.483248 -0.172015
v -2.146852 9.259396 0.781538
v -2.738541 9.259396 0.146907
v -2.448701 9.259396 -1.696718
v -0.723871 9.259396 -1.802778
v -0.334561 9.259396 -0.895061
v -0.759077 9.259396 0.738202
v -2.095655 11.025897 0.946948
v -2.595942 11.025898 0.332696
v -2.357344 11.025900 -1.519611
v -0.745271 11.025897 -1.573348
v -0.348953 11.025897 -0.732921
v -0.757128 11.025897 0.893071
v -2.343557 12.214344 0.502806
v -2.070289 12.294428 -0.945527
v -0.893372 12.256235 -0.996696
v -0.568531 12.205028 -0.288127
v -2.146128 10.189011 0.883366
v -2.743985 10.202065 0.210614
v -2.506708 10.201349 -1.693976
v -0.658573 10.195843 -1.776631
v -0.263128 10.192731 -0.896371
v -0.711833 10.187830 0.816894
v -0.905159 11.585856 0.997692
v -1.934448 11.589295 1.023127
v -2.461348 11.672756 0.434597
v -2.194172 11.721604 -1.279336
v -0.838611 11.720027 -1.300479
v -0.473143 11.660696 -0.507170
v -1.546520 4.200239 0.415793
v -1.817423 4.207403 0.088025
v -1.706841 4.201557 -0.767192
v -0.906443 4.193582 -0.832908
v -0.653442 4.196095 -0.447691
v -0.773475 4.197056 0.443946
v -2.017225 7.802296 0.692875
v -2.517283 7.802297 0.098428
v -2.269537 7.802296 -1.528348
v -0.826201 7.802295 -1.598796
v -0.489403 7.802297 -0.795720
v -0.812522 7.802294 0.643860
v -1.899414 13.745164 1.261552
v -2.279339 13.781264 0.676138
v -2.022917 13.665596 -0.740488
v -0.845256 13.679413 -0.766441
v -0.528072 13.630802 -0.099360
v -0.815490 13.681068 1.269787
v -0.781070 26.949810 2.527732
v -1.410402 26.962280 2.082410
v -1.796611 27.016251 1.424588
v -1.549130 27.075226 0.091731
v -0.840665 27.056549 -0.414320
v -0.835662 25.925068 2.512878
v -1.517752 25.981998 2.054487
v -1.995304 25.959232 1.356600
v -1.648788 25.988392 -0.120718
v -0.930641 25.937019 -0.672391
v -2.526664 31.980742 -1.220093
v -3.154010 31.407310 -0.238963
v -2.333571 33.504639 -1.088690
v -2.271194 33.735069 -0.321843
v -2.773582 31.988525 0.814411
v -2.335771 33.660843 0.535436
v -1.221778 32.803528 -1.714187
v -2.006608 32.721764 -1.502510
v -2.394611 32.694225 -1.364457
v -2.380004 32.790966 0.974625
v -1.910987 32.877342 1.314588
v -0.940763 32.944450 1.506837
v -3.017938 32.802391 0.811547
v -3.010144 33.582211 0.410011
v -2.994691 33.729004 -0.315050
v -2.992194 33.425358 -1.060818
v -3.075052 32.706482 -1.327763
v -3.135197 32.059761 -1.188035
v -3.541208 31.597841 -0.238160
v -3.303635 32.053444 0.703137
v -3.508612 33.614494 -0.301766
v -3.513620 33.330017 -1.006321
v -3.537556 32.779572 -1.164652
v -3.563963 32.029270 -1.125354
v -3.831073 31.617758 -0.236590
v -3.598577 32.024437 0.631466
v -3.437205 32.780758 0.748188
v -3.411983 33.444817 0.372834
v -1.107777 29.534815 3.750923
v -1.532700 29.418941 3.699872
v -1.583770 29.843128 3.895584
v -1.019169 29.868980 3.872761
v -1.605043 30.294659 3.849804
v -1.023318 30.307735 3.787772
v -1.604304 30.833675 3.619162
v -1.152462 30.655111 3.730062
v -2.639410 30.320259 3.160748
v -2.202646 30.298361 3.604871
v -2.547659 30.647570 3.139507
v -2.181983 30.882626 3.374536
v -2.561056 29.872631 3.187939
v -2.152860 29.845221 3.642175
v -2.351873 29.529575 3.218997
v -2.017583 29.411089 3.483753
v -0.671475 20.356897 2.146907
v -3.061723 21.278517 2.130677
v -4.056372 21.299091 1.025745
v -3.452838 20.886324 -1.715004
v -0.657278 20.128056 -1.967237
v -0.236930 20.056183 -0.446352
v -6.090972 32.607170 0.624400
v -6.144799 33.203514 0.343176
v -6.162836 33.348804 -0.170744
v -6.140463 33.095139 -0.709855
v -6.083750 32.597740 -0.826714
v -6.047282 32.126965 -0.800274
v -6.047873 31.808365 -0.125159
v -6.048081 32.126961 0.526872
v -7.141120 33.305977 -0.129935
v -7.125996 33.066055 -0.627439
v -7.086357 32.596863 -0.735279
v -7.065618 32.151546 -0.710879
v -7.065103 31.851452 -0.087867
v -7.063376 32.152836 0.513843
v -7.089951 32.606026 0.603844
v -7.127554 33.168461 0.344323
v -4.437685 32.056015 0.544834
v -4.440905 32.614609 0.657102
v -4.536214 33.240208 0.333373
v -4.570084 33.390285 -0.258221
v -4.527437 33.129078 -0.878813
v -4.481590 32.619595 -1.013334
v -4.477182 32.059601 -0.982897
v -4.480162 31.717274 -0.205746
v -3.956213 33.439804 -0.283365
v -3.969941 33.178905 -0.932834
v -3.938643 32.716343 -1.073614
v -3.946724 32.034203 -1.041762
v -4.092397 31.641260 -0.228448
v -3.906392 32.030518 0.557056
v -3.866167 32.707878 0.674548
v -3.903366 33.286964 0.335756
v -7.839809 33.300739 -0.098132
v -7.803218 33.090424 -0.514711
v -7.810972 32.626835 -0.613788
v -7.810023 32.162346 -0.591371
v -7.804538 31.850233 -0.059483
v -7.829794 32.161819 0.493330
v -7.832672 32.560425 0.576017
v -7.854501 33.188705 0.337586
v -1.800538 13.183949 1.296531
v -2.243853 13.197597 0.641843
v -2.017116 13.157002 -0.717203
v -0.881491 13.148621 -0.766957
v -0.588986 13.130423 -0.085716
v -0.916248 13.138181 1.276333
v -1.113510 28.795483 3.157149
v -0.397603 29.160006 3.183979
v -0.142255 29.791279 3.094880
v -0.147945 30.375137 3.103431
v -0.441740 31.165001 3.107973
v -1.277376 31.730835 2.969876
v -2.174172 31.830265 2.570415
v -2.807261 31.214657 1.995713
v -2.904265 30.472271 1.965868
v -2.731144 29.704342 2.008488
v -2.402635 29.089382 2.198599
v -1.802367 28.802774 2.787742
v -2.938758 30.472506 0.125204
v -3.067729 31.123098 -0.139925
v -2.624324 29.632099 0.373445
v -2.303344 28.751902 0.562445
v -1.779392 27.063858 0.702703
v -1.944920 25.964937 0.547712
v -3.169379 24.237446 -0.169679
v -3.923474 22.468838 -0.488194
v -3.962239 21.687653 -0.504054
v -3.959067 21.117449 -0.482178
v -3.869448 20.084560 -0.465262
v -3.432753 18.378830 -0.312388
v -2.870918 16.143761 -0.153485
v -2.405743 14.481935 -0.119467
v -2.303305 13.704329 -0.093947
v -2.277794 13.153339 -0.091778
v -2.281016 12.725906 -0.141153
v -2.371489 12.270612 -0.293530
v -2.512509 11.743058 -0.488941
v -2.687744 11.025898 -0.690115
v -2.878968 10.202460 -0.832168
v -2.812394 9.259396 -0.859089
v -2.571540 7.802297 -0.786919
v -1.897535 4.207225 -0.364870
v -1.053553 32.462704 2.043770
v -1.969834 32.456524 1.671776
v -0.591922 4.193701 0.057309
v -0.479833 7.802295 0.011226
v -0.369234 9.259396 0.027727
v -0.292827 10.185786 0.104061
v -0.379488 11.025897 0.193311
v -0.465370 11.583233 0.332379
v -0.542296 12.146373 0.468201
v -0.579257 12.651821 0.557048
v -0.559792 13.145053 0.629218
v -0.520703 13.692784 0.693982
v -0.471955 14.482470 0.781917
v -0.363932 16.150585 0.920620
v -0.308765 18.259338 0.909272
v -0.331342 19.608864 0.930622
v -0.370558 20.192245 0.947752
v -0.283432 20.262836 0.888311
v -1.904468 29.068830 3.159550
v -1.347650 29.065096 3.427957
v -0.785295 29.350956 3.526680
v -0.603763 29.812929 3.528860
v -0.619102 30.310402 3.540423
v -0.814792 30.885210 3.461283
v -1.452597 31.273180 3.311831
v -2.177862 31.310326 3.011629
v -2.735327 30.957939 2.646647
v -2.870690 30.393021 2.568487
v -2.738785 29.769888 2.606817
v -2.462549 29.318394 2.713165
v -0.999630 24.906942 -1.290157
v -2.204145 24.969324 -0.631897
v -2.551688 24.926838 0.252258
v -2.634506 24.893524 1.588194
v -1.756062 24.857876 2.318679
v -0.933963 24.837957 2.692276
v -2.327900 24.208216 2.126968
v -0.979446 23.984509 2.808288
v -1.739814 24.088863 2.537465
v -1.798744 23.313137 2.610049
v -1.892768 21.666382 2.566519
v -1.850307 21.192625 2.459994
v -1.887474 20.907864 2.457061
v -1.891008 20.169428 2.402326
v -1.749186 18.383650 2.253938
v -1.472688 16.149071 1.832397
v -1.312559 14.482943 1.591593
v -1.305232 13.696623 1.502765
v -1.306648 13.129833 1.473246
v -1.397519 11.588731 1.256180
v -1.416410 11.025896 1.134215
v -1.432854 10.184430 1.057553
v -1.444817 9.259396 0.982827
v -1.359753 7.802295 0.891557
v -1.145078 4.198127 0.612177
v -0.949712 21.891579 2.912632
v -1.871958 22.284204 2.659273
v -2.801061 22.780098 2.106983
v -3.654083 23.133055 1.082098
v -3.631671 23.381807 -0.401350
v -3.309413 23.487602 -1.772325
v -0.303138 23.100391 -2.544111
v -1.409139 33.761227 0.584102
v -1.450044 33.919041 -0.377503
v -1.450665 33.741531 -1.181533
v -1.542087 24.385891 -1.958249
v -1.869962 23.235231 -2.744928
v -2.106323 21.897905 -2.960147
v -2.130574 20.748146 -2.504181
v -2.155401 20.406233 -2.222818
v -2.088932 19.703051 -2.044374
v -1.978250 18.300743 -1.716251
v -1.697022 16.148994 -1.317672
v -1.511227 14.479848 -1.065740
v -1.500828 13.640665 -0.961399
v -1.497605 13.127583 -0.954067
v -1.487011 12.718396 -0.994813
v -1.533303 12.240891 -1.206763
v -1.566254 11.697664 -1.543850
v -1.594479 11.025897 -1.842872
v -1.627509 10.196986 -2.052759
v -1.653252 9.259396 -2.088476
v -1.604658 7.802295 -1.818844
v -1.329309 4.193948 -0.969955
v -5.095931 32.585808 0.640996
v -5.168504 33.197662 0.338201
v -5.192070 33.346928 -0.215138
v -5.162363 33.086960 -0.795601
v -5.085708 32.576378 -0.921423
v -5.035609 32.094139 -0.892954
v -5.036511 31.767992 -0.166056
v -5.037082 32.093651 0.535988
v -1.470451 2.019989 0.631352
v -1.798085 1.912556 0.305325
v -1.883976 1.871274 -0.116520
v -1.729926 1.869484 -0.606672
v -1.305928 1.885651 -0.973535
v -0.917072 1.882079 -0.897956
v -0.690340 1.867626 -0.609043
v -0.624654 1.870167 -0.041506
v -0.712006 1.956373 0.446760
v -1.055369 2.038535 0.670971
v -1.090437 3.176798 0.595220
v -1.459475 3.177754 0.403666
v -1.731731 3.179026 0.127973
v -1.823827 3.178997 -0.280061
v -1.633363 3.178072 -0.655787
v -1.296366 3.176152 -0.847549
v -0.925012 3.175395 -0.730058
v -0.671731 3.175776 -0.441619
v -0.603908 3.174094 0.003483
v -0.753907 3.175940 0.415008
v -0.792954 33.472115 1.029409
v -1.415316 33.508251 0.846256
v -2.049205 12.590337 1.008018
v -1.720882 12.568721 1.350997
v -1.758575 12.254964 1.370183
v -2.105529 12.274769 0.964781
v -1.388462 12.558261 1.494587
v -1.409411 12.253101 1.512445
v -1.425831 11.915355 1.386367
v -1.807433 11.920123 1.260555
v -2.129478 12.039185 0.914611
v -1.751806 12.866255 1.312105
v -2.043301 12.787327 1.032308
v -1.372987 12.837006 1.453311
v -0.783308 12.233461 0.941412
v -1.101561 12.235470 1.360918
v -0.788766 11.986692 0.858557
v -1.065409 11.912224 1.243316
v -0.802888 12.552890 0.991505
v -1.102561 12.545675 1.337155
v -0.781523 12.752822 1.022123
v -1.043593 12.839380 1.300573
v -1.428136 2.469295 0.440321
v -1.708781 2.434559 0.210437
v -1.804117 2.409812 -0.185837
v -1.608768 2.418523 -0.593810
v -1.292392 2.433226 -0.796873
v -0.939303 2.427256 -0.715520
v -0.702694 2.425712 -0.472535
v -0.624059 2.421085 -0.033231
v -0.752983 2.456978 0.437533
v -1.056608 2.488244 0.591579
v -0.825265 5.189070 0.458692
v -1.223869 5.186949 0.647778
v -1.657194 5.188080 0.456810
v -1.962657 5.198628 0.068714
v -2.044575 5.196293 -0.506241
v -1.819957 5.189198 -0.976653
v -1.390501 5.187386 -1.201945
v -0.916630 5.185673 -1.021543
v -0.665692 5.189835 -0.562160
v -0.623365 5.185227 0.031173
v -0.810716 6.653913 0.553456
v -1.291176 6.653913 0.768967
v -1.846032 6.653915 0.588198
v -2.260548 6.653916 0.095290
v -2.326422 6.653916 -0.724183
v -2.051138 6.653915 -1.291034
v -1.487457 6.653913 -1.582808
v -0.844597 6.653915 -1.336700
v -0.553545 6.653916 -0.741481
v -0.536113 6.653913 0.032941
v -0.904622 27.901482 -0.462250
v -1.706408 27.880703 0.021587
v -1.978022 27.879032 0.690160
v -1.961291 27.831488 1.480100
v -1.513494 27.741760 2.218608
v -0.829565 27.750408 2.661285
v -2.695394 33.641506 0.415319
v -2.654048 33.757645 -0.317312
v -2.679708 33.466507 -1.070099
v -2.767313 32.705215 -1.339968
v -2.824573 32.028927 -1.198710
v -3.291769 31.559675 -0.238428
v -3.038034 32.028400 0.715343
v -2.715904 32.797611 0.822337
v -2.910232 0.106663 2.799539
v -2.904683 -0.315946 2.799539
v -2.630908 -0.116288 2.898769
v -2.915587 -0.129189 2.806090
v -2.682769 0.158389 2.875441
v -2.675251 -0.311976 2.904878
v -2.752199 -0.162846 3.352607
v -2.772361 -0.102774 3.283553
v -2.997808 -0.169116 3.308112
v -2.963795 -0.107914 3.249318
v -2.925479 -0.343579 3.270009
v -2.761146 -0.330612 3.305472
v -2.903399 0.082951 2.906435
v -2.956578 -0.168574 2.920523
v -2.877025 -0.290979 2.944460
v -2.708734 -0.266437 2.970322
v -2.655388 -0.161574 2.976520
v -2.709008 0.119645 2.933403
v -2.957036 -0.065732 3.145480
v -3.000246 -0.169148 3.163669
v -2.931871 -0.345342 3.141644
v -2.711796 -0.326357 3.177107
v -2.684150 -0.161952 3.208165
v -2.723494 -0.046753 3.179715
v -2.717720 -0.001034 3.083260
v -2.943928 -0.026881 3.051804
v -2.986363 -0.168966 3.065962
v -2.912829 -0.324579 3.039865
v -2.703171 -0.303351 3.075329
v -2.673152 -0.161808 3.094354
v -2.781827 -0.059270 3.189653
v -2.925646 -0.071659 3.167059
v -2.803770 -0.096106 3.271514
v -2.930108 -0.099499 3.248920
v -2.767819 -0.020412 3.116721
v -2.917109 -0.037477 3.089235
v -2.781926 -0.051799 3.189653
v -2.925744 -0.064187 3.167059
v -2.803866 -0.088644 3.271514
v -2.930205 -0.092027 3.248920
v -2.641013 0.198229 2.921794
v -2.605077 -0.310762 2.937098
v -2.296323 -0.076270 3.056896
v -2.320516 0.223821 3.028510
v -2.321743 -0.305856 3.026023
v -2.448409 -0.078268 3.650520
v -2.473573 -0.003069 3.560197
v -2.754892 -0.086106 3.592320
v -2.712452 -0.009492 3.515418
v -2.664628 -0.304511 3.542481
v -2.459565 -0.288292 3.588867
v -2.636851 0.210774 3.066923
v -2.703444 -0.085430 3.085351
v -2.604165 -0.238675 3.116660
v -2.394168 -0.207952 3.150487
v -2.327605 -0.076681 3.158594
v -2.393735 0.214643 3.125833
v -2.704019 0.043313 3.379597
v -2.757933 -0.086146 3.403389
v -2.672602 -0.306714 3.374579
v -2.397986 -0.282959 3.420965
v -2.363496 -0.077153 3.461589
v -2.412597 0.067051 3.424376
v -2.405394 0.124292 3.298212
v -2.687665 0.091946 3.257067
v -2.740611 -0.085918 3.275586
v -2.648844 -0.280725 3.241451
v -2.387223 -0.254159 3.287838
v -2.349773 -0.076972 3.312723
v -2.485388 0.051384 3.437374
v -2.664849 0.035880 3.407822
v -2.512764 0.005280 3.544450
v -2.670415 0.001040 3.514897
v -2.467909 0.100033 3.341980
v -2.654197 0.078683 3.306027
v -2.485511 0.060747 3.437374
v -2.664972 0.045243 3.407822
v -2.512888 0.014631 3.544450
v -2.670538 0.010393 3.514897
v -2.238211 0.267569 3.054275
v -2.250497 -0.304612 3.048384
v -1.857904 -0.034516 3.233023
v -1.920748 0.304709 3.150216
v -1.871937 -0.250655 3.153933
v -2.035950 -0.036854 3.929325
v -2.065286 0.041903 3.823378
v -2.394749 -0.045560 3.861057
v -2.344944 0.034796 3.770854
v -2.289433 -0.274272 3.802598
v -2.049349 -0.256938 3.857008
v -2.256342 0.285117 3.244784
v -2.334519 -0.044769 3.266398
v -2.218546 -0.205170 3.303124
v -1.972660 -0.172647 3.342803
v -1.894526 -0.034997 3.352311
v -1.972305 0.333072 3.286160
v -2.334985 0.090142 3.611539
v -2.398311 -0.045607 3.639447
v -2.298772 -0.276585 3.605654
v -1.977251 -0.251242 3.660064
v -1.936541 -0.035549 3.707714
v -1.993791 0.115496 3.664064
v -1.985267 0.175488 3.516077
v -2.315763 0.141131 3.467816
v -2.378031 -0.045340 3.489539
v -2.270916 -0.249317 3.449499
v -1.964606 -0.221054 3.503909
v -1.920476 -0.035338 3.533099
v -2.079029 0.098962 3.679311
v -2.289142 0.082417 3.644647
v -2.111151 0.050595 3.804907
v -2.295716 0.045902 3.770242
v -2.058489 0.149950 3.567416
v -2.276604 0.127283 3.525245
v -2.079157 0.108753 3.679311
v -2.289271 0.092226 3.644647
v -2.111281 0.060396 3.804907
v -2.295844 0.055693 3.770242
v -0.577350 0.805035 -0.823162
v -0.744232 0.787954 1.495565
v -1.981736 0.805846 -0.636822
v -2.599583 0.564147 1.533643
v -1.271302 0.819378 -1.364087
v -1.497398 1.091378 1.911358
v -2.104994 0.781030 -0.024717
v -0.491731 0.804335 0.002602
v -0.655861 -0.074327 -0.715550
v -0.543596 -0.138844 0.008525
v -1.287383 -0.085163 -1.159156
v -1.995734 -0.070678 -0.531838
v -2.204214 -0.085079 -0.016534
v -1.619815 -0.303448 1.623246
v -2.742667 -0.297268 1.570615
v -0.770771 -0.317517 1.597925
v -1.827782 0.365778 3.178357
v -1.781455 -0.233873 3.178357
v -0.877218 0.420957 3.265535
v -0.812654 -0.230211 3.265535
v -2.713153 0.355519 2.125634
v -2.816028 -0.318080 2.125634
v -1.617111 -0.286299 2.327568
v -0.700294 -0.272744 2.338531
v -0.774190 0.665605 2.273370
v -1.585006 0.790520 2.489141
v -2.141598 1.236076 0.985009
v -2.058952 1.339261 -0.075893
v -1.933946 1.357699 -0.618702
v -1.276733 1.428432 -1.188449
v -0.632487 1.437184 -0.699875
v -0.596693 1.445362 -0.035909
v -0.820878 1.337000 1.036672
v -1.549912 1.331015 1.470283
v -1.723314 -0.096264 -1.090948
v -2.030346 -0.323818 1.600822
v -1.680179 0.810560 -1.208283
v -1.801835 1.024542 1.857352
v -1.978213 0.675042 2.380744
v -2.140041 -0.307512 2.232777
v -1.124899 1.319946 1.339125
v -1.109567 -0.309013 1.610364
v -1.292763 0.412570 3.251638
v -1.275721 -0.238119 3.251895
v -1.087226 1.060978 1.822825
v -1.125248 0.809696 2.410894
v -1.122685 -0.279216 2.333195
v -2.298942 -0.315207 1.588311
v -2.368029 0.511799 2.244000
v -2.170446 0.841267 1.670315
v -2.526630 -0.314788 2.178459
v -0.654413 0.801311 0.639563
v -0.726944 -0.206217 0.815721
v -0.667162 1.413791 0.490933
v -1.472098 -0.217790 0.778108
v -1.929266 -0.223248 0.782405
v -2.357965 -0.219351 0.733660
v -2.306936 0.679635 0.599771
v -2.131229 1.266448 0.485559
v -1.516285 1.626856 1.008198
v -0.891594 1.634341 0.810629
v -1.960583 1.511521 0.796755
v -2.906139 0.009986 2.096160
v -2.763975 0.172414 1.599304
v -2.453098 0.178030 0.688138
v -2.176614 0.206764 -0.011118
v -2.014691 0.190321 -0.639053
v -1.709142 0.193946 -1.201922
v -1.270791 0.191095 -1.355458
v -0.541947 0.205066 -0.805962
v -0.476014 0.205127 0.016455
v -0.641510 0.173492 0.765896
v -0.647257 0.241703 1.591395
v -0.618293 0.247196 2.271699
v -0.749142 0.017913 3.257995
v -1.389811 0.001402 3.352711
v -1.340274 0.193161 4.088017
v -1.426236 0.000923 4.127934
v -1.011318 0.199342 4.123225
v -0.942130 0.015378 4.196507
v -1.359146 -0.287687 4.049502
v -0.990657 -0.281021 4.097859
v -0.880710 0.311656 3.651711
v -1.338637 0.297137 3.577516
v -1.479408 0.000225 3.686561
v -1.346958 -0.281375 3.584618
v -0.777547 -0.272080 3.625196
v -0.714591 0.018366 3.680562
v -0.944074 0.216610 3.920430
v -1.373884 0.198474 3.859794
v -1.481044 -0.000202 3.932814
v -1.375636 -0.294642 3.814224
v -0.886423 -0.319327 3.875450
v -0.783891 0.017954 3.936162
v -0.898829 0.404313 3.458366
v -1.307375 0.388992 3.407357
v -1.435854 0.001210 3.495164
v -1.307348 -0.227035 3.406187
v -0.785625 -0.229765 3.448451
v -0.730912 0.008011 3.468519
v -0.811319 0.536495 2.832674
v -0.639272 0.116707 2.816503
v -0.751858 -0.243497 2.830776
v -1.210248 -0.285349 2.814551
v -1.680251 -0.355513 2.829125
v -2.254637 -0.366260 2.698970
v -2.624331 -0.363649 2.620156
v -2.901194 -0.311021 2.520312
v -2.941025 -0.045463 2.501247
v -2.821114 0.193748 2.526951
v -2.522222 0.309641 2.653862
v -2.148196 0.360283 2.787562
v -1.724269 0.463529 2.892593
v -1.201896 0.615338 2.857160
v -0.968215 0.283599 3.785264
v -1.263367 0.268299 3.738489
v -1.009000 0.217233 3.962034
v -1.286102 0.205556 3.922941
v -1.052352 0.206106 4.092778
v -1.264434 0.202129 4.070078
v -1.009358 0.244427 3.964739
v -1.286397 0.227922 3.926957
v -1.052926 0.249704 4.095777
v -1.264969 0.242896 4.073405
v -1.598128 -0.255998 -0.884978
v -1.746091 -0.180885 -0.013279
v -1.821478 -0.229760 -0.539834
v -1.299725 -0.246696 -0.953186
v -1.375192 -0.186440 -0.021459
v -0.789444 -0.237450 -0.643613
v -2.055440 -0.175296 -0.123888
v -1.742032 -0.257995 -0.154497
v -1.389841 -0.261514 -0.200074
v -0.663632 -0.220243 -0.100900
v -1.451162 0.436608 3.236145
v -1.447120 -0.188513 3.238219
v -1.582949 -0.001135 4.118797
v -1.614829 0.088555 4.002233
v -1.972160 -0.010793 4.043689
v -1.918188 0.080643 3.944443
v -1.857753 -0.271270 3.979370
v -1.597329 -0.251704 4.039233
v -1.822252 0.365051 3.365651
v -1.906824 -0.009935 3.389431
v -1.780906 -0.192653 3.429837
v -1.514198 -0.155800 3.473493
v -1.429538 0.000880 3.483955
v -1.514171 0.419932 3.411172
v -1.907425 0.143658 3.769163
v -1.976022 -0.010844 3.799867
v -1.867884 -0.273908 3.762687
v -1.519123 -0.245279 3.822550
v -1.475115 0.000281 3.874977
v -1.537324 0.172283 3.826952
v -1.528120 0.240581 3.664133
v -1.886609 0.201698 3.611035
v -1.954024 -0.010555 3.634935
v -1.837684 -0.242879 3.590883
v -1.505427 -0.210907 3.650746
v -1.457687 0.000510 3.682861
v -1.629777 0.153509 3.843727
v -1.857691 0.134831 3.805588
v -1.664589 0.098474 3.981910
v -1.864795 0.093250 3.943771
v -1.607530 0.211567 3.720617
v -1.844121 0.185903 3.674221
v -1.629923 0.164675 3.843727
v -1.857838 0.145998 3.805588
v -1.664735 0.109634 3.981910
v -1.864942 0.104417 3.943771
v -1.119337 1.646600 0.968627
v -1.144124 -0.212982 0.788595
v -1.037790 -0.245384 -0.164114
v -0.908068 -0.240226 -0.816325
v -0.816742 0.198270 -1.159437
v -0.866715 -0.077320 -1.037073
v -1.056629 -0.172754 -0.013692
v -0.838824 0.807251 -1.175020
v -0.894086 1.441226 -1.088457
v -0.931723 -0.333265 1.601725
v -0.899462 -0.309551 2.337089
v -0.967694 -0.305545 2.825605
v -1.037418 -0.297843 3.270918
v -1.058969 -0.309882 3.407084
v -1.078106 -0.367363 3.578583
v -1.151782 -0.383997 3.819624
v -1.199164 -0.331682 4.117173
v -1.216497 0.007377 4.236292
v -1.195398 0.193008 4.159616
v -1.171031 0.202017 4.116240
v -1.171978 0.241883 4.124416
v -1.160952 0.283547 3.950852
v -1.120555 0.292497 3.711588
v -1.133760 0.370385 3.627750
v -1.124414 0.461841 3.422222
v -1.077392 0.463386 3.271726
v -1.675635 1.390133 -0.998516
v -1.745391 1.158571 1.638997
v -2.070636 1.053309 1.405338
v 0.000000 33.774971 0.868318
v -0.768020 33.837791 0.653679
v 0.000000 33.795143 -1.319826
v -0.784559 33.851288 -1.206955
v -1.091188 34.010681 -0.298099
v -0.316732 24.352037 -1.699565
v 0.000000 24.313194 -1.745798
v 0.000000 33.331474 -1.554954
v -0.760440 33.374504 -1.517378
v -1.428552 35.651070 0.208859
v -0.232038 35.758636 3.843416
v 0.000000 35.723450 3.860892
v -0.479499 35.799652 3.778306
v -0.686736 35.838692 3.683647
v -0.819614 35.869217 3.582157
v 0.000000 35.739586 3.862246
v -0.227934 35.772388 3.845378
v -0.478115 35.811630 3.781689
v -0.694115 35.846130 3.686699
v -0.238896 35.340832 3.497126
v 0.000000 35.284546 3.497126
v -0.493671 35.474022 3.497125
v -0.707034 35.634296 3.497124
v -0.843839 35.887665 3.497123
v 0.000000 36.306255 3.497126
v -0.234671 36.274597 3.497126
v -0.492246 36.191803 3.497125
v -0.714631 36.028484 3.497124
v -0.232038 35.353882 1.996462
v 0.000000 35.299213 1.996462
v -0.479499 35.483250 1.996462
v -0.686736 35.638920 1.996460
v -0.839993 35.879963 1.996459
v 0.000000 36.296642 1.996462
v -0.233601 36.265133 1.996462
v -0.490003 36.182713 1.996461
v -0.711374 36.020138 1.996460
v -0.172358 35.654449 1.754147
v -0.170867 35.932713 1.752085
v 0.000000 35.646297 1.747872
v 0.000000 35.938255 1.747872
v -0.367529 35.674122 1.775918
v -0.362903 35.924767 1.767480
v -0.612745 35.909916 1.829546
v -0.616313 35.711342 1.844432
v -0.266558 36.420662 2.861180
v -0.559132 36.312634 2.861179
v -0.811734 36.099533 2.861178
v -0.958498 35.915791 2.861177
v -0.803104 35.585186 2.861178
v -0.560750 35.376064 2.861180
v -0.271357 35.202274 2.861180
v 0.000000 35.128834 2.861180
v 0.000000 36.461967 2.861181
v 0.000000 35.730042 4.005086
v 0.000000 35.735355 3.996564
v -0.233288 35.765221 3.981900
v -0.230795 35.770355 3.973740
v -0.480293 35.802910 3.896462
v -0.476961 35.808296 3.888772
v -0.688522 35.838467 3.772736
v -0.683155 35.843155 3.765777
v -0.821506 35.870422 3.642579
v -0.819614 35.869217 3.630841
v -0.229371 35.775433 3.986159
v -0.226878 35.772236 3.977054
v 0.000000 35.742340 4.008565
v 0.000000 35.739586 3.999029
v -0.480832 35.814777 3.902102
v -0.476023 35.811302 3.894042
v -0.696864 35.849602 3.777411
v -0.690915 35.845619 3.770442
v 1.463174 38.869438 3.469434
v 1.452648 38.577576 3.457337
v 1.797553 38.555336 3.267842
v 1.831079 38.774960 3.286901
v 1.078609 38.828434 3.580502
v 1.090654 38.513897 3.535079
v 0.806431 38.379997 3.499579
v 0.779525 38.646389 3.565585
v 0.516162 38.444626 3.489275
v 0.587658 38.210052 3.416537
v 0.340589 38.027100 3.389194
v 0.448880 38.014503 3.341844
v 2.005539 38.491703 3.081383
v 2.065057 38.626564 3.076689
v 2.261744 38.395000 2.824871
v 2.167096 38.112083 2.976881
v 2.026180 38.161827 3.076632
v 1.850984 37.983627 3.258263
v 2.007823 37.832401 3.227811
v 1.585996 37.873718 3.438104
v 1.677601 37.656261 3.485469
v 1.342072 37.819126 3.539402
v 1.355177 37.582756 3.622019
v 0.950723 37.813496 3.528652
v 0.948525 37.592785 3.635841
v 0.656708 37.845173 3.445250
v 0.583040 37.660728 3.548878
v 0.452550 37.939144 3.350237
v 0.373802 37.872143 3.409575
v 1.069923 39.097599 3.486962
v 1.485071 39.112782 3.368568
v 0.745336 38.904427 3.483448
v 0.464178 38.597618 3.442530
v 0.280298 38.036549 3.520804
v 0.304704 37.763065 3.599768
v 0.526841 37.470917 3.661285
v 0.941272 37.395966 3.713252
v 1.325341 37.334465 3.712854
v 1.725503 37.369186 3.566521
v 2.132674 37.570457 3.238637
v 2.316353 38.023724 2.851974
v 1.901934 38.943733 3.137748
v 2.125942 38.726311 2.952444
v 2.300447 38.394257 2.763268
v 1.937797 39.001266 3.207031
v 2.167286 38.781662 2.958309
v 1.489120 39.181839 3.471208
v 1.056866 39.163769 3.588778
v 0.709183 38.958527 3.593815
v 0.415641 38.649582 3.564728
v 0.179450 38.090343 3.768707
v 0.223308 38.679802 3.732852
v 0.163352 37.755154 3.930237
v 0.175801 37.388535 4.166401
v 0.324405 37.333885 3.925629
v 0.375002 39.210945 3.839927
v 0.935778 39.396530 3.743098
v 0.574118 40.355293 3.857431
v 1.208476 40.335266 3.647558
v 1.523591 39.449894 3.488981
v 1.782781 40.184875 3.243581
v 2.036201 39.277756 3.116692
v 2.304287 38.966755 2.695455
v 2.455084 38.421387 2.377139
v 2.436198 37.796616 2.524907
v 0.524260 37.141968 3.821596
v 0.873043 37.059448 3.814000
v 1.260745 36.972824 3.779460
v 1.725036 36.914795 3.666990
v 2.308366 36.910561 3.085371
v 0.187645 37.083439 4.419123
v 0.309947 37.100342 4.148506
v 0.181503 36.833344 4.557697
v 0.473671 36.774330 4.107544
v 0.548382 36.823311 3.918491
v 0.464158 36.603245 3.992899
v 0.173131 36.548832 4.023432
v 0.757043 36.712769 3.865061
v 0.596614 36.443321 3.937017
v 0.253636 36.236038 4.051466
v 0.669809 36.127354 3.920443
v 0.887143 36.028114 3.781012
v 1.044881 35.844200 3.617076
v 0.310474 35.297787 3.752516
v 0.579634 35.407452 3.655226
v 0.843255 35.630821 3.599309
v 0.854774 36.306736 3.875612
v 1.113875 36.142693 3.758183
v 1.373218 35.809574 3.533013
v 0.431621 34.694832 3.837215
v 0.822541 35.048183 3.465130
v 1.160509 35.428822 3.421403
v 1.089659 36.581253 3.828258
v 1.466944 36.382828 3.710737
v 1.915118 36.028625 3.181771
v 0.502404 34.460392 3.491509
v 1.016479 34.930794 3.141035
v 1.508729 35.381878 3.018907
v 2.370862 36.913605 2.047599
v 2.049306 36.064289 2.105209
v 1.631170 35.390366 2.163143
v 0.605866 34.495304 2.765080
v 1.152837 34.928577 2.393911
v 2.521179 37.769196 1.844008
v 2.564547 38.510994 1.806454
v 2.477980 39.193974 2.019586
v 2.278107 39.771137 2.640218
v 0.761780 41.655663 3.209705
v 1.458461 41.516998 2.843647
v 2.056434 41.031631 2.388227
v 2.472228 40.324825 1.771268
v 2.651256 39.414116 1.112863
v 2.610685 38.627270 0.978633
v 1.451458 42.448364 1.245180
v 2.155852 41.731819 0.820875
v 2.661603 40.685303 0.320398
v 2.785575 39.744667 -0.110941
v 2.659084 38.701191 -0.334558
v 0.728321 42.193874 2.249051
v 0.628777 34.614334 1.866100
v 1.139871 35.049026 1.444829
v 1.504744 35.521843 1.171037
v 1.927826 36.160732 1.025066
v 2.341146 37.047840 1.156246
v 2.519932 37.868439 1.112889
v 0.565489 34.092232 0.621920
v 0.536058 34.463173 0.682854
v 0.747216 34.676590 -0.267474
v 0.760732 34.210869 -0.273629
v 0.552197 34.616539 1.054740
v 0.994345 35.071751 0.539293
v 0.905262 35.202785 -0.527341
v 1.112398 35.726570 -0.890127
v 1.783780 36.187374 0.056249
v 2.191552 37.245445 -0.446214
v 2.504462 38.055962 -0.571712
v 1.933182 36.473248 -1.298964
v 2.675460 38.656082 -2.054438
v 2.485577 37.618256 -1.826321
v 2.663960 39.827820 -1.983055
v 2.420195 40.800224 -1.623603
v 1.977683 41.818989 -1.145525
v 1.140975 42.634453 -0.390563
v 0.593364 34.183266 -1.146523
v 0.556189 34.816399 -1.079941
v 0.567859 35.286583 -1.225560
v 0.660388 35.690926 -1.611465
v 1.198608 36.437424 -2.344738
v 1.573242 37.427040 -2.973790
v 1.763283 38.591820 -3.294938
v 1.679585 39.832321 -3.216011
v 1.521871 40.847500 -2.927839
v 1.213357 41.674458 -2.430627
v 0.694224 42.284939 -1.605768
v 0.131050 36.215622 4.080246
v 0.082839 36.526672 4.048697
v 0.122106 36.652943 4.472682
v 0.192376 36.048519 4.117193
v 0.150973 36.602501 4.332199
v 0.299752 36.692486 4.183208
v 0.190136 36.568775 4.086735
v 0.297282 36.631577 4.064079
v 0.085209 36.553619 4.187840
v 0.207858 36.785934 4.028323
v 0.458927 36.592163 3.961058
v 0.553894 36.840115 3.865182
v 0.435899 37.040356 3.926115
v 0.518977 37.007408 3.961151
v 0.288429 36.824272 4.366344
v 1.440103 38.546730 3.403440
v 1.757161 38.526287 3.229193
v 1.107334 38.488197 3.477963
v 0.846058 38.365101 3.445328
v 0.644947 38.208878 3.368991
v 0.517373 38.029114 3.300328
v 1.948356 38.467796 3.059608
v 1.967330 38.164547 3.056528
v 1.806279 38.000736 3.223495
v 1.562684 37.899700 3.388817
v 1.338453 37.849518 3.481937
v 0.978700 37.844341 3.472055
v 0.708422 37.873463 3.395386
v 0.520747 37.959846 3.308044
v 1.387827 38.418213 2.785732
v 1.588857 38.405247 2.674105
v 1.176836 38.381096 2.833103
v 1.011174 38.303047 2.812412
v 0.883660 38.203999 2.764009
v 0.802772 38.090019 2.720474
v 1.710084 38.368164 2.567846
v 1.722114 38.175888 2.565893
v 1.620000 38.072021 2.671758
v 1.465550 38.007961 2.776581
v 1.323376 37.976143 2.835622
v 1.095276 37.972862 2.829357
v 0.923906 37.991325 2.780745
v 0.804911 38.046097 2.725366
v 0.258175 35.647381 4.028204
v 0.492667 35.703365 3.928692
v 0.699967 35.798977 3.786711
v 0.829419 35.875473 3.662652
v 0.710445 35.866745 3.791560
v 0.517260 35.856949 3.946128
v 0.267878 35.857018 4.093849
v 0.326670 36.045425 4.138088
v 0.324864 36.035774 4.138381
v 0.570254 35.933815 3.957360
v 0.565433 35.925701 3.957465
v 0.738446 35.901627 3.790216
v 0.732305 35.893951 3.790069
v 0.864114 35.882675 3.672429
v 0.846382 35.877491 3.680051
v 0.287981 35.503551 3.994505
v 0.286614 35.511631 3.999362
v 0.514637 35.585899 3.899182
v 0.512667 35.593475 3.904316
v 0.724648 35.748070 3.774193
v 0.719903 35.754642 3.778963
v 2.482303 38.002399 0.446927
v 2.265188 37.264515 0.551029
v 1.973014 36.619370 -0.035098
v 3.116305 37.218735 -1.008150
v 2.882268 36.833347 -0.763394
v 3.296239 37.627449 -1.073555
v 3.373078 38.096695 -1.019257
v 2.991528 38.811985 -0.539903
v 2.728434 38.046524 -0.717348
v 2.407801 37.117275 -0.591869
v 2.209885 36.429470 -0.217305
v 3.287861 38.551914 -0.799595
v 3.045739 37.868965 -0.943029
v 2.746620 37.103683 -0.814953
v 2.519530 36.565327 -0.502395
v 2.215768 37.407654 0.212096
v 2.067747 36.942188 0.205660
v 2.382598 37.922802 0.160599
v 2.481822 38.344070 0.028555
v 2.058585 37.459267 -0.008454
v 2.049725 37.259506 0.001978
v 2.125851 37.203270 -0.150181
v 2.017923 37.480297 -0.175965
v 2.185184 37.855270 -0.043888
v 2.120859 37.803463 -0.209105
v 2.307888 38.077133 -0.054224
v 2.302981 38.104225 -0.218363
v 2.139376 37.464134 -0.289343
v 2.237539 37.731808 -0.325398
v 2.472076 37.976521 -0.362497
v 2.240979 37.245544 -0.261880
v 2.445313 37.452446 -0.411289
v 2.502375 37.640373 -0.449317
v 2.534603 37.808674 -0.445722
v 2.369255 37.335640 -0.340871
v 2.645430 38.430012 -0.214946
v 2.675822 38.464386 -0.066147
v 2.914760 38.369381 -0.321596
v 2.872233 38.346241 -0.457188
v 2.213535 36.822685 0.007454
v 2.221022 36.812893 0.101143
v 2.432506 36.868004 -0.099833
v 2.412126 36.915344 -0.147395
v 2.854387 37.347393 -0.483106
v 2.807555 37.365311 -0.527767
v 2.982525 37.637386 -0.556305
v 2.930990 37.638702 -0.654170
v 3.034761 37.966999 -0.507593
v 2.985000 37.951538 -0.633852
v 2.684845 37.063271 -0.326383
v 2.648221 37.099136 -0.386157
v 2.642487 38.684662 0.187040
v 2.025271 36.630413 0.396429
v 2.016388 36.606426 0.442014
v 2.237970 36.430042 0.112284
v 2.239601 36.470036 0.151004
v 3.116306 37.234356 -0.624335
v 3.093902 37.244583 -0.588025
v 2.882468 36.841629 -0.432592
v 2.864133 36.862255 -0.397161
v 3.295577 37.639496 -0.697414
v 3.270648 37.640244 -0.662026
v 2.624055 38.645115 0.231400
v 2.932286 38.751728 -0.095901
v 2.929745 38.721821 -0.062449
v 3.373077 38.101822 -0.659720
v 3.349667 38.092308 -0.624563
v 3.274096 38.528366 -0.427554
v 3.244608 38.513321 -0.390948
v 2.533330 36.568569 -0.126145
v 2.524399 36.598190 -0.095513
v 2.136318 38.395493 2.957246
v 2.130008 38.423771 2.962120
v 2.068060 38.378258 2.947340
v 2.060906 38.406364 2.952891
v 1.782606 38.304226 2.500323
v 1.775407 38.332508 2.505908
v 8.335225 31.867580 -0.044610
v 8.296028 32.632568 -0.657104
v 8.295407 32.173912 -0.559498
v 8.291132 33.100941 -0.517359
v 8.962658 32.235481 -0.664078
v 8.942684 32.613537 -0.904987
v 8.981863 32.041843 -0.272661
v 8.948246 33.013054 -0.750596
v 9.341181 32.582718 -0.976929
v 9.372405 32.300972 -0.725240
v 8.340895 32.180237 0.482582
v 9.003066 31.939754 0.249317
v 9.413284 32.098160 -0.318696
v 9.315511 33.010704 -0.721335
v 9.710630 32.596054 -1.004076
v 9.796718 32.249126 -0.730297
v 9.424682 32.008991 0.280459
v 8.328810 32.542439 0.582876
v 8.933727 33.216427 -0.431086
v 8.345670 33.292431 -0.081467
v 8.991772 32.093422 0.555295
v 9.841131 32.042770 -0.396587
v 10.122931 32.633297 -0.989280
v 10.201578 32.223988 -0.724773
v 9.863242 31.977180 0.251501
v 9.726189 33.083908 -0.716578
v 10.225417 32.025848 -0.479684
v 8.342635 33.204163 0.334056
v 9.370660 32.180744 0.527271
v 9.303120 33.233418 -0.409849
v 8.943918 33.366032 0.015837
v 10.534536 32.230869 -0.725515
v 10.225630 31.951935 0.222912
v 10.472726 32.665771 -0.979474
v 8.976213 32.487522 0.717092
v 10.587480 32.004669 -0.530936
v 9.323624 32.508575 0.737870
v 10.088473 33.103386 -0.697203
v 10.849512 32.240902 -0.725655
v 10.603035 31.879608 0.195522
v 8.941620 33.236500 0.439549
v 9.795113 32.436424 0.731511
v 10.822836 32.692513 -0.950121
v 9.742717 33.292664 -0.421105
v 11.072989 32.018059 -0.573226
v 9.310200 33.348949 0.084879
v 9.629141 32.478012 0.686041
v 10.474918 33.124287 -0.712147
v 11.099087 31.804398 0.129983
v 10.026359 32.391457 0.780596
v 9.251881 33.189297 0.449009
v 11.233480 32.697346 -0.871777
v 10.106364 33.313087 -0.427967
v 9.576766 33.040901 0.593247
v 10.749457 33.141224 -0.722771
v 9.762829 33.441280 0.105725
v 11.785606 32.107407 -0.634853
v 10.637283 32.350349 0.793300
v 9.745112 33.075871 0.626420
v 10.288427 32.386971 0.801442
v 10.483597 33.335037 -0.481870
v 11.777413 31.852798 0.074499
v 11.095547 32.304337 0.765611
v 9.959465 33.114716 0.649189
v 10.115634 33.472843 0.098837
v 11.802232 32.701633 -0.810807
v 11.065098 33.397984 -0.550741
v 10.497120 33.517292 0.100624
v 10.206394 33.109322 0.637858
v 12.572030 32.196793 -0.544690
v 11.791831 32.294979 0.701785
v 11.821913 33.430664 -0.495680
v 10.571795 33.132587 0.677573
v 12.579334 32.718216 -0.762388
v 12.584303 32.031387 0.068440
v 11.070498 33.591972 0.157190
v 11.086023 33.159046 0.720193
v 12.590730 33.363358 -0.424837
v 13.396206 32.266094 -0.490833
v 13.390922 32.747330 -0.677406
v 11.809800 33.131718 0.741569
v 12.589886 32.330925 0.662010
v 11.813270 33.602798 0.266812
v 13.403162 32.134575 0.056830
v 13.391689 33.274925 -0.394620
v 12.584435 33.091164 0.769690
v 14.162678 32.301247 -0.467402
v 14.148789 32.766499 -0.627454
v 13.404137 32.375946 0.599914
v 12.583963 33.545429 0.335641
v 14.192766 32.187077 0.048898
v 13.395530 33.433369 0.311431
v 14.793525 32.328285 -0.438988
v 13.394453 33.059055 0.740295
v 14.781347 32.772324 -0.608955
v 14.155109 33.237064 -0.353383
v 14.210822 32.420689 0.535743
v 14.840645 32.200184 0.047652
v 15.330569 32.332451 -0.427685
v 15.299156 32.770985 -0.599383
v 14.227036 33.020851 0.744316
v 14.790874 33.229836 -0.307784
v 15.432448 32.214851 0.050649
v 14.857719 32.435753 0.547882
v 14.214184 33.337849 0.296025
v 15.694387 32.323521 -0.430149
v 15.663838 32.768993 -0.583500
v 15.753010 32.225815 0.053757
v 15.965799 32.308517 -0.441622
v 15.319095 33.209179 -0.262284
v 15.943234 32.763481 -0.605218
v 14.855799 32.983070 0.762034
v 16.143400 32.349121 -0.476304
v 14.831276 33.280327 0.289702
v 15.463421 32.437492 0.595693
v 15.984509 32.201218 0.056125
v 16.190672 32.224823 0.058061
v 16.115246 32.773918 -0.646397
v 16.301449 32.371269 -0.509125
v 16.256975 32.724907 -0.715538
v 16.525150 32.675564 -0.871811
v 16.637295 32.272896 -0.687474
v 15.688892 33.195892 -0.223912
v 15.958754 33.181705 -0.210919
v 16.720367 32.123131 -0.324185
v 15.748655 32.430164 0.643734
v 16.270432 32.979462 -0.605675
v 17.024055 32.238049 -0.759945
v 17.024672 32.653400 -0.983014
v 16.418720 32.224094 0.060304
v 16.128254 33.175514 -0.200322
v 16.587811 33.020821 -0.694562
v 15.406504 33.214577 0.339844
v 17.095856 32.088371 -0.412976
v 16.120451 32.424225 0.694474
v 17.458000 32.240356 -0.804830
v 15.948910 32.421440 0.689235
v 16.817085 32.182011 -0.029473
v 17.004482 33.033478 -0.716624
v 15.474518 32.938229 0.818198
v 16.259798 32.411179 0.703296
v 17.461941 32.644802 -1.025597
v 16.846495 32.169655 0.191764
v 17.497652 32.168961 -0.445038
v 15.735765 33.185852 0.375293
v 16.298042 33.183434 -0.178723
v 17.173779 32.184937 -0.037412
v 16.639233 33.187790 -0.230728
v 17.739096 32.271969 -0.812507
v 16.517006 32.172878 0.641457
v 15.766146 32.914543 0.856599
v 17.442839 33.043591 -0.736048
v 15.973398 33.167740 0.402001
v 17.731228 32.641426 -1.030171
v 16.840067 31.986925 0.453157
v 16.825729 31.946842 0.663076
v 17.199318 32.174583 0.187848
v 17.809341 32.271660 -0.400894
v 16.139755 33.157928 0.421937
v 16.106335 32.886810 0.892529
v 16.428059 32.283081 0.823936
v 17.203955 31.866236 0.489061
v 18.212242 32.627090 -1.090721
v 15.953524 32.899303 0.880469
v 16.753139 31.978149 0.834678
v 17.579597 32.274426 -0.011669
v 16.237907 32.653236 0.888525
v 18.359083 32.275078 -0.813302
v 17.139874 31.781105 0.787127
v 16.707714 32.110161 1.028240
v 16.442642 32.565815 1.012948
v 16.306322 33.176041 0.453950
v 17.104080 33.175812 -0.223034
v 16.681049 33.251312 0.302810
v 17.048618 31.818169 1.024032
v 18.199642 32.883060 -1.003627
v 17.590248 32.213291 0.273294
v 17.864300 33.043079 -0.764317
v 17.622919 31.830776 0.614416
v 18.439480 32.624821 -1.072280
v 16.257328 32.874401 0.899027
v 16.788738 32.401142 1.176142
v 17.356815 31.690527 1.197192
v 17.880245 32.383675 0.067508
v 16.993132 31.955795 1.233438
v 18.502174 32.326115 -0.361645
v 17.548336 31.709465 0.964287
v 18.653494 32.307854 -0.773591
v 18.408073 32.876469 -1.023508
v 16.453161 32.783867 1.090480
v 17.559414 33.184647 -0.215839
v 18.691528 32.439083 -0.971950
v 18.647999 32.616226 -1.033202
v 16.537437 32.985458 1.025426
v 17.856142 32.265873 0.399918
v 18.615322 32.847187 -1.007652
v 18.771181 32.406963 -0.763354
v 18.286999 33.067802 -0.784292
v 16.650234 33.169510 0.822514
v 18.878521 32.626587 -1.032146
v 17.256809 31.842083 1.424477
v 17.668884 31.697685 1.134731
v 18.915726 32.439304 -0.957268
v 17.147253 33.255318 0.312908
v 17.832251 31.931046 0.962055
v 16.895424 32.624115 1.212624
v 17.844395 31.937050 0.751174
v 17.525402 31.660122 1.296141
v 18.746918 32.374165 -0.495992
v 17.073612 32.288155 1.347437
v 18.944031 32.394962 -0.775901
v 18.898659 32.809464 -0.998772
v 17.401764 31.818644 1.492489
v 18.459940 33.061623 -0.783952
v 17.621143 31.661686 1.341380
v 18.371637 33.052647 -0.519881
v 19.154951 32.623566 -1.008967
v 17.743399 31.666533 1.145597
v 19.163662 32.488739 -0.931816
v 18.057934 33.214035 -0.218031
v 18.951385 32.434345 -0.621368
v 18.828724 32.443207 -0.566403
v 18.592136 32.363998 0.029220
v 17.835396 31.914333 1.102114
v 17.723316 31.648514 1.388328
v 17.511040 31.769878 1.566509
v 17.862328 31.619530 1.198282
v 17.117865 33.164581 0.856764
v 18.635904 33.010151 -0.783951
v 19.177473 32.448570 -0.791563
v 18.848894 32.454144 -0.511813
v 17.908899 31.881151 1.110322
v 18.875212 32.404243 -0.232691
v 17.976551 32.032166 0.889089
v 17.028570 32.893311 1.106901
v 18.923115 32.958885 -0.793920
v 17.335707 32.195694 1.517151
v 18.197369 32.147881 0.895444
v 19.261013 32.496037 -0.927982
v 19.173651 32.488739 -0.650853
v 18.918314 32.461983 -0.448460
v 17.627060 31.751568 1.587262
v 18.807243 32.617447 -0.520550
v 18.940151 32.555241 -0.551072
v 19.259703 32.621212 -1.023907
v 17.603153 33.285545 0.336483
v 19.160280 32.808685 -0.969719
v 17.213848 32.524117 1.347504
v 18.828857 32.614578 -0.541873
v 18.512037 33.032677 -0.578959
v 18.029480 31.819841 1.163540
v 19.271540 32.472351 -0.795087
v 19.353104 32.618107 -1.029422
v 19.349701 32.471409 -0.939135
v 18.081625 31.536388 1.634608
v 18.852226 32.594097 -0.498143
v 19.352810 32.446480 -0.798055
v 17.581436 32.065296 1.638563
v 18.694878 32.909691 -0.569993
v 17.966549 32.167801 1.154423
v 18.197338 31.504074 1.478684
v 19.270615 32.496037 -0.661964
v 18.539465 33.014996 -0.520140
v 17.464222 32.128403 1.590757
v 19.541555 32.604477 -1.015504
v 19.270002 32.814281 -0.980487
v 19.367813 32.806885 -0.984522
v 17.932684 32.136707 1.197929
v 18.702940 32.915459 -0.519499
v 18.929136 32.821644 -0.584160
v 18.607918 32.385822 0.556835
v 19.544369 32.458153 -0.955200
v 19.553295 32.434998 -0.805066
v 19.360010 32.471409 -0.657344
v 19.170422 32.605659 -0.573547
v 17.690163 31.998831 1.656420
v 18.620485 33.066605 -0.446166
v 18.978159 32.479961 -0.223446
v 18.772013 32.968624 -0.450472
v 17.996265 32.110546 1.226733
v 19.275455 32.499454 -0.415365
v 19.178713 32.943336 -0.791610
v 18.913166 32.445751 0.054369
v 18.504032 33.237991 -0.223634
v 17.547956 33.172073 0.903943
v 19.757774 32.503574 -0.931457
v 17.411320 32.825710 1.198622
v 17.563059 32.421326 1.436544
v 18.014780 31.590115 1.799068
v 19.172962 32.808685 -0.612926
v 19.276215 32.621212 -0.566580
v 18.336201 31.688961 1.446280
v 18.211823 31.498180 1.534556
v 19.550684 32.797462 -0.970498
v 19.370008 32.618107 -0.567913
v 19.555685 32.458153 -0.654973
v 18.247871 31.473722 1.500326
v 18.181442 31.458559 1.679545
v 18.110258 32.057411 1.274802
v 19.255955 32.637066 -0.499035
v 18.120708 31.501343 1.678390
v 19.383560 32.929348 -0.799158
v 19.730927 32.625111 -1.007508
v 19.286177 32.948803 -0.795627
v 18.342625 31.683519 1.493827
v 19.765888 32.485291 -0.812230
v 17.651939 32.345207 1.515305
v 18.155802 32.235874 1.120750
v 18.434244 31.349621 1.718882
v 18.101545 31.532627 1.823017
v 18.115438 33.336296 0.349250
v 19.260798 32.962231 -0.454471
v 18.483160 31.352058 1.539249
v 19.557411 32.604477 -0.594884
v 18.373444 31.672215 1.460360
v 18.945282 32.426098 0.337740
v 19.799820 32.657440 -1.025666
v 17.853792 32.316681 1.389108
v 19.767380 32.503574 -0.693203
v 19.300655 32.460060 -0.229577
v 19.819811 32.508064 -0.949277
v 19.283382 32.814281 -0.610447
v 19.021713 32.539444 -0.013290
v 19.827166 32.496891 -0.813950
v 17.921955 32.263042 1.435719
v 17.839298 32.184174 1.631159
v 19.729193 32.794907 -0.955870
v 18.476254 33.200108 0.050174
v 18.182297 31.495573 1.854214
v 19.381424 32.806885 -0.613543
v 18.852598 33.172356 -0.223635
v 19.886454 32.653664 -1.012901
v 17.821154 32.380192 1.337351
v 17.752193 32.274490 1.591791
v 18.003170 32.191288 1.496035
v 18.704567 33.230419 -0.223633
v 19.569248 32.575611 -0.402831
v 20.090099 32.495621 -0.977750
v 18.721434 31.251282 1.650145
v 18.114460 31.785179 1.861468
v 18.610071 31.532961 1.506937
v 19.563084 32.900124 -0.805397
v 18.006311 32.527615 1.251389
v 19.029974 32.545326 0.065403
v 19.821953 32.802818 -0.974070
v 18.601484 32.359661 0.907074
v 17.812210 32.726089 1.272983
v 19.830942 32.508064 -0.679039
v 18.418081 31.906631 1.516617
v 19.042128 32.549599 0.134907
v 18.442986 31.429131 1.898499
v 19.563148 32.797478 -0.640198
v 18.621948 31.246466 1.832341
v 18.200855 31.740578 1.904392
v 19.300299 32.515198 -0.046076
v 20.084549 32.646042 -1.013853
v 20.102674 32.471771 -0.821190
v 19.746574 32.625111 -0.616415
v 18.469179 31.888123 1.533203
v 19.558706 32.717422 -0.491707
v 19.911655 32.808750 -0.959955
v 17.996555 33.236599 0.934906
v 18.671387 33.154350 -0.026806
v 19.742798 32.894894 -0.811561
v 19.817152 32.657440 -0.602454
v 18.845024 31.403456 1.598545
v 18.696941 31.734409 1.551061
v 18.342497 31.980480 1.684479
v 19.585812 32.526886 -0.241194
v 20.298218 32.524036 -0.961873
v 18.909651 32.434864 0.602224
v 18.296810 31.686596 1.940491
v 19.740711 32.794907 -0.667352
v 18.430029 31.898829 1.570152
v 18.885366 31.259369 1.814902
v 19.287518 32.653923 0.040026
v 19.833675 32.896770 -0.814128
v 18.608871 31.327160 1.935524
v 20.104235 32.495621 -0.665175
v 19.579756 32.575611 -0.078898
v 19.057064 32.535595 0.355724
v 18.240503 31.982841 1.828601
v 20.090412 32.789040 -0.954732
v 18.801693 33.005680 -0.004870
v 18.669134 33.157913 0.054514
v 19.685410 32.606167 -0.401453
v 19.903040 32.653664 -0.619703
v 18.807667 33.033203 0.054978
v 18.497332 31.433643 1.916660
v 18.565697 32.431984 1.143776
v 20.283039 32.664516 -0.996950
v 19.684471 32.736294 -0.514258
v 20.318968 32.492222 -0.823791
v 18.797192 31.272167 1.969822
v 18.517115 31.579700 1.918216
v 18.816698 31.232031 1.924961
v 19.565226 32.963680 -0.446496
v 18.707689 33.192787 0.132871
v 18.623766 31.353075 1.946757
v 19.697889 32.577431 -0.245083
v 19.352688 32.616119 0.172203
v 18.887524 31.615089 1.648406
v 18.464748 32.652481 1.240699
v 19.927248 32.896618 -0.816566
v 19.835123 32.802818 -0.654624
v 18.520041 33.359859 0.355724
v 19.288586 33.141556 -0.229174
v 19.769154 32.732521 -0.520161
v 19.764065 32.554596 -0.413783
v 20.083233 32.834503 -0.820782
v 19.048248 32.559982 0.561165
v 19.280396 32.972523 -0.005047
v 18.895947 33.119949 0.142534
v 20.313332 32.524021 -0.682837
v 18.776318 31.313269 1.985852
v 18.537128 31.568218 1.927481
v 18.443306 31.951502 1.717743
v 18.993826 31.316622 1.800071
v 18.695251 31.477486 2.000680
v 18.393740 31.909344 1.872076
v 19.923840 32.808750 -0.673302
v 20.436338 32.607407 -0.890720
v 18.381693 31.961647 1.721630
v 19.766918 32.524361 -0.247445
v 20.274223 32.772396 -0.936684
v 20.101917 32.646042 -0.629303
v 18.894323 32.397034 0.892869
v 20.120848 32.782791 -0.912673
v 18.332842 31.938040 1.857748
v 18.663269 31.795086 1.734946
v 19.332436 32.753311 0.084663
v 18.341179 33.005554 1.184072
v 20.030394 32.715996 -0.503906
v 18.609541 31.701191 1.905775
v 18.956530 31.331827 1.946239
v 19.787659 32.961502 -0.467256
v 20.112762 32.794502 -0.821107
v 19.697348 32.970467 -0.463193
v 20.275183 32.778122 -0.920238
v 20.043608 32.510418 -0.256660
v 18.628290 31.654560 1.916362
v 18.992004 31.482754 1.822492
v 18.429443 33.236366 0.629595
v 20.033480 32.538509 -0.433080
v 20.433725 32.722301 -0.910593
v 19.695658 32.606167 -0.088332
v 19.775007 32.554596 -0.081429
v 19.038029 32.546356 0.624515
v 20.280796 32.811745 -0.823592
v 20.102474 32.789040 -0.687951
v 19.574980 32.717422 0.010331
v 20.127766 32.782791 -0.730399
v 20.450590 32.606449 -0.825548
v 19.366688 32.569172 0.355724
v 19.034597 32.545639 0.677837
v 18.866480 31.381037 2.026905
v 18.791470 32.485210 1.129982
v 20.446014 32.607407 -0.760344
v 19.345579 33.091812 0.137512
v 20.397480 32.776573 -0.891464
v 18.908545 31.357880 2.011205
v 20.301426 32.664494 -0.647835
v 19.353497 32.617634 0.537120
v 18.853405 31.657215 1.808071
v 20.285883 32.772392 -0.708942
v 18.765289 31.606232 1.937554
v 20.388294 32.787689 -0.877424
v 18.737951 33.345783 0.355724
v 18.773335 31.621016 1.930306
v 20.041714 32.929657 -0.451050
v 20.457642 32.728210 -0.825639
v 18.900032 33.305840 0.355724
v 19.587402 33.126987 -0.241250
v 18.871548 31.493155 1.966680
v 20.285229 32.777473 -0.723764
v 19.672272 32.691303 0.187734
v 19.013929 32.483768 0.925645
v 20.304575 32.584412 -0.401099
v 18.957586 31.513937 1.890418
v 18.926220 31.507483 1.953718
v 18.658195 33.183578 0.572562
v 19.578564 32.963680 -0.035131
v 20.406328 32.828346 -0.826111
v 19.702091 32.736294 0.024037
v 20.439709 32.797001 -0.825408
v 19.787088 32.732521 0.024124
v 20.396969 32.788639 -0.775143
v 20.445431 32.722301 -0.740553
v 20.045357 32.538509 -0.080135
v 18.396004 33.273335 0.925645
v 18.654835 32.675060 1.233824
v 20.408585 32.776573 -0.759661
v 19.234280 32.537254 0.721460
v 19.806351 33.110035 -0.248783
v 18.944992 32.535126 1.097207
v 18.660233 33.175446 0.630483
v 18.838486 33.045166 0.573791
v 18.789167 32.993660 0.630195
v 18.633896 33.170422 0.689354
v 20.284885 32.741020 -0.496965
v 19.716656 33.133640 -0.245728
v 18.776741 33.039894 0.685924
v 19.664473 32.835625 0.095313
v 20.313263 32.555008 -0.265160
v 19.232239 32.646618 0.669092
v 20.047028 32.715996 -0.009426
v 19.683786 32.641727 0.355724
v 20.313993 32.584412 -0.129135
v 20.349751 32.625622 -0.413519
v 19.242945 32.484615 0.941281
v 19.340494 32.750843 0.625268
v 19.711617 32.970467 -0.027671
v 20.056160 33.054169 -0.257068
v 19.672272 32.691303 0.517504
v 18.570238 33.046169 1.188099
v 18.825504 32.682938 1.215346
v 19.361206 33.266186 0.355724
v 20.378750 32.780224 -0.519779
v 19.802094 32.961502 -0.029785
v 20.359394 32.610706 -0.266555
v 19.203905 32.976295 0.710007
v 20.423603 32.601425 -0.429487
v 20.282120 32.930176 -0.435775
v 19.336895 33.080887 0.583158
v 19.446074 32.581589 0.784116
v 19.800697 32.722412 0.199816
v 19.215153 32.535995 1.118390
v 20.431559 32.587868 -0.268704
v 18.627806 33.285519 0.925645
v 18.786230 33.219620 0.925645
v 20.489876 32.775650 -0.506312
v 19.803493 32.854820 0.087720
v 19.669617 33.086216 0.142375
v 20.054783 32.929657 -0.062777
v 19.455322 32.718384 0.694464
v 18.766203 33.008698 1.183685
v 19.808180 32.693165 0.355724
v 20.401396 32.956566 -0.458804
v 20.815443 32.583958 -0.438588
v 20.359993 32.625622 -0.119504
v 19.917318 32.850983 0.085821
v 19.176456 32.652561 1.207823
v 19.908579 32.669930 0.190873
v 19.452257 32.533360 0.949604
v 19.905914 32.639153 0.355724
v 20.300934 32.741020 -0.032568
v 20.434902 32.601425 -0.108010
v 19.800697 32.722412 0.511633
v 19.495613 32.611839 0.791186
v 19.814896 33.093117 0.138958
v 19.436041 32.581589 1.114431
v 20.516396 32.963760 -0.443458
v 19.220404 33.145683 0.940488
v 19.664473 32.835625 0.616136
v 20.298113 33.051453 -0.264698
v 20.231789 32.653553 0.182016
v 19.555960 32.737064 0.678464
v 19.497999 32.583389 0.951970
v 20.807726 32.766415 -0.510906
v 20.231070 32.834175 0.112353
v 19.584663 32.571575 0.784028
v 20.828388 32.555038 -0.279799
v 19.908579 32.669930 0.520576
v 20.293953 32.930176 -0.093251
v 19.482267 32.962173 0.741868
v 20.396381 32.780224 -0.015567
v 19.640106 32.733334 0.677876
v 20.827179 32.583958 -0.120879
v 19.194931 32.970280 1.175442
v 19.576851 32.541641 0.954421
v 19.934380 33.083996 0.138896
v 20.414684 33.070518 -0.268206
v 19.685408 33.252403 0.355724
v 20.236061 32.624977 0.355724
v 19.892899 32.552055 0.783346
v 21.008438 32.620010 -0.428738
v 19.669617 33.086216 0.569073
v 19.588793 32.968899 0.732396
v 20.506565 32.775650 -0.035486
v 19.485828 32.611839 1.112360
v 19.574213 32.571575 1.125102
v 19.891376 32.524250 0.964783
v 20.814463 32.939842 -0.440117
v 20.231789 32.653553 0.529432
v 19.803493 32.854820 0.623729
v 20.414761 32.956566 -0.077530
v 19.917318 32.850998 0.625628
v 19.439787 32.718384 1.205877
v 20.989313 32.790180 -0.495532
v 20.534710 33.070339 -0.271707
v 19.894472 32.716972 0.710661
v 21.031662 32.582081 -0.285010
v 20.507853 32.700260 0.219077
v 19.678368 32.960022 0.734095
v 19.946060 33.235142 0.355724
v 19.827282 33.259155 0.355724
v 20.240778 33.051598 0.164681
v 20.803432 32.994999 -0.279138
v 21.020073 32.619957 -0.140474
v 20.528622 32.963760 -0.099518
v 19.539139 32.737064 1.228708
v 21.167015 32.719551 -0.365485
v 19.491251 33.123844 0.951531
v 20.975315 32.919640 -0.426388
v 20.491180 32.859627 0.122510
v 20.824791 32.766415 -0.048564
v 19.814899 33.093117 0.572491
v 20.158905 32.586700 0.832291
v 20.231070 32.834175 0.599095
v 20.511902 32.670338 0.355724
v 20.853035 32.932274 -0.383500
v 19.881561 32.552055 1.146088
v 19.469532 32.962173 1.160322
v 19.902214 32.928501 0.765462
v 20.507853 32.700260 0.492371
v 20.975971 32.925209 -0.410112
v 19.622982 32.744129 1.234943
v 21.164013 32.858910 -0.383376
v 20.248837 33.178291 0.355724
v 19.682833 33.107056 0.957961
v 20.841082 32.946480 -0.280288
v 20.578640 32.742218 0.212021
v 21.183222 32.718384 -0.288680
v 19.934380 33.083996 0.572553
v 21.175247 32.719551 -0.211357
v 20.145855 32.741753 0.732238
v 19.594027 33.130421 0.955000
v 20.981050 32.968376 -0.283993
v 20.826309 32.939842 -0.119305
v 20.611185 32.899529 0.109010
v 20.583246 32.727016 0.355724
v 21.102272 32.942051 -0.371460
v 20.859737 32.932281 -0.177992
v 20.158344 32.557594 0.973231
v 20.486217 33.052113 0.183740
v 20.654879 32.717777 0.196559
v 21.006371 32.790115 -0.073151
v 21.132242 32.907406 -0.371417
v 20.149914 32.586700 1.114087
v 19.575169 32.968899 1.176991
v 20.657223 32.703983 0.355725
v 20.240778 33.051601 0.546767
v 20.203812 32.627506 0.822248
v 19.903809 33.051758 0.965184
v 21.192265 32.866074 -0.288894
v 20.723846 32.894867 0.122063
v 19.878590 32.727768 1.218857
v 20.240139 32.780560 0.714567
v 20.203403 32.612736 0.974607
v 20.986349 32.919621 -0.141391
v 20.985666 32.925884 -0.159706
v 20.139019 32.929001 0.795124
v 20.277678 32.603432 0.810277
v 19.664581 32.960022 1.181273
v 21.126659 32.987534 -0.287677
v 21.169254 32.949516 -0.288348
v 21.000965 32.699802 0.187123
v 20.274567 32.590015 0.976749
v 20.578644 32.742218 0.499428
v 20.631741 33.078968 0.169036
v 21.174156 32.858910 -0.193445
v 21.112358 32.942051 -0.204455
v 20.349243 32.776016 0.735158
v 20.491180 32.859627 0.588938
v 20.654879 32.717777 0.514891
v 21.141125 32.907406 -0.204339
v 20.130527 32.741753 1.213445
v 20.496479 33.175537 0.355725
v 20.194038 32.627506 1.126883
v 20.258593 32.955124 0.778761
v 20.667458 32.586254 0.807964
v 19.889729 32.928501 1.164565
v 20.995823 32.885468 0.126197
v 21.008165 32.670372 0.355724
v 20.748255 33.086292 0.184891
v 20.486219 33.052113 0.527709
v 20.266893 32.603432 1.143314
v 20.611185 32.899529 0.602438
v 21.000965 32.699802 0.524326
v 20.143347 33.049068 0.972770
v 20.371347 32.962254 0.801471
v 21.210747 32.742092 0.190798
v 20.638470 33.194923 0.355724
v 20.664476 32.766880 0.748609
v 20.127728 32.929001 1.150050
v 20.668337 32.557617 0.987874
v 20.223309 32.780560 1.236919
v 20.723846 32.894875 0.589386
v 20.655203 32.586254 1.167706
v 21.000025 33.061966 0.196437
v 20.631741 33.078968 0.542413
v 21.192175 32.912525 0.130300
v 20.258755 33.067940 0.976276
v 21.228706 32.704773 0.355725
v 20.760677 33.194756 0.355724
v 20.867916 32.625587 0.832581
v 20.333303 32.776031 1.222781
v 21.175827 33.039177 0.204830
v 21.210751 32.742092 0.520652
v 20.982769 33.118080 0.355724
v 20.666075 32.938576 0.821810
v 20.245836 32.955124 1.173721
v 20.748255 33.086292 0.526558
v 21.357147 32.837784 0.261602
v 20.377583 33.067757 0.979777
v 20.995817 32.885468 0.585251
v 20.852083 32.792023 0.777776
v 20.879532 32.589363 0.993339
v 21.027344 33.050903 0.261429
v 20.359673 32.962254 1.157651
v 20.626633 32.993179 0.987256
v 20.833492 32.907501 0.833163
v 21.176352 33.045139 0.220681
v 21.355059 32.979607 0.239748
v 21.010128 33.067627 0.355724
v 20.855789 32.625690 1.153281
v 21.369455 32.836609 0.355725
v 21.011597 32.720490 0.900309
v 20.648180 32.766880 1.227018
v 21.000025 33.061966 0.515012
v 21.180824 33.095871 0.355724
v 21.357147 32.837784 0.449846
v 21.027344 33.050903 0.450019
v 21.291990 33.062412 0.261672
v 20.691521 32.931076 0.905161
v 21.322073 33.028954 0.253828
v 21.192179 32.912525 0.581150
v 20.830395 32.929218 0.871135
v 21.378662 32.986893 0.355725
v 20.672016 32.945141 0.988683
v 21.010479 32.858452 0.877944
v 21.175827 33.039177 0.506620
v 21.019630 32.719337 0.996765
v 20.654760 32.938576 1.153767
v 20.684731 32.931080 1.072989
v 21.003736 32.720490 1.092740
v 20.829088 32.968365 0.992058
v 20.967556 32.923611 0.898440
v 21.355232 33.071796 0.355725
v 21.331396 33.115940 0.355724
v 20.835882 32.792114 1.207463
v 21.355061 32.979607 0.471702
v 21.291990 33.062412 0.466755
v 20.955841 32.934013 0.911304
v 21.028589 32.865547 0.996980
v 20.821520 32.907532 1.151138
v 21.322073 33.028954 0.457622
v 20.820763 32.929237 1.112858
v 21.005804 32.948147 0.996434
v 20.972559 32.985775 0.994993
v 20.947073 32.940762 1.083937
v 21.000797 32.858452 1.115078
v 20.969316 32.906460 1.100142
v 19.008892 32.698349 0.653713
v 19.005230 32.695374 0.631978
v 19.012682 32.707745 0.607048
v 19.013596 32.706776 0.090552
v 19.000687 32.697220 0.060816
v 19.017704 32.696472 0.035612
v 1.723016 28.518387 2.568471
v 1.985502 33.686386 0.588022
v 1.933059 33.635410 -1.064736
v 1.954845 28.716436 -0.155216
v 2.382668 31.641371 -1.248672
v 2.082739 32.115524 2.138225
v 2.404963 30.556057 -0.770679
v 2.178591 29.608452 -0.431413
v 1.943535 33.801308 -0.337196
v 2.909790 31.432373 1.222561
v 2.950170 30.534344 1.202581
v 2.749907 29.725349 1.260951
v 2.363971 28.893890 1.437628
v 3.562822 21.422195 -1.787209
v 4.033621 21.768229 1.023540
v 2.993761 21.620558 2.123652
v 2.606676 23.652449 2.103443
v 3.266696 24.028568 1.163206
v 2.666265 24.334549 -1.228183
v 3.558107 22.313143 -1.843207
v 2.931486 22.121771 2.086793
v 3.918345 22.337582 1.008280
v 1.014129 23.080288 2.880719
v 0.994752 28.557825 3.022053
v 1.225730 31.965443 2.692001
v 1.315232 31.710823 -1.674041
v 1.261129 30.632355 -1.396194
v 1.165798 29.638592 -1.080655
v 1.040819 28.736053 -0.756279
v 0.313193 24.095884 -1.998754
v 0.284802 21.768188 -2.673662
v 0.348471 20.418055 -2.329534
v 0.195583 20.155195 -0.429679
v 0.528128 20.471333 2.061057
v 0.793137 20.969879 2.729395
v 3.113888 20.386641 2.077588
v 3.980115 20.301445 0.967244
v 3.239264 19.873749 -1.552250
v 0.725391 19.447472 -1.742788
v 0.229743 19.357363 -0.481365
v 0.718600 19.842073 2.161763
v 0.913986 12.711893 -0.787700
v 0.615786 12.676167 -0.140900
v 2.015290 12.740846 -0.747695
v 2.256853 12.710997 0.584098
v 0.791596 18.299034 1.926095
v 2.833993 18.476244 1.890505
v 3.485075 18.472572 0.891361
v 2.949871 18.355511 -1.308778
v 0.760237 18.215092 -1.454452
v 0.196273 18.218380 -0.342413
v 0.810067 16.150585 1.583519
v 2.296085 16.145048 1.616473
v 2.867566 16.142706 0.872032
v 2.471065 16.147484 -1.094056
v 0.762805 16.147373 -1.139155
v 0.328954 16.147533 -0.178096
v 0.796470 14.482557 1.369838
v 1.980767 14.484945 1.346379
v 2.429638 14.486553 0.710251
v 2.089149 14.480715 -0.864065
v 0.788615 14.483685 -0.905054
v 0.435484 14.483248 -0.172015
v 2.146852 9.259396 0.781538
v 2.738541 9.259396 0.146907
v 2.448701 9.259396 -1.696718
v 0.723871 9.259396 -1.802778
v 0.334561 9.259396 -0.895061
v 0.759077 9.259396 0.738202
v 2.095655 11.025897 0.946948
v 2.595942 11.025898 0.332696
v 2.357344 11.025900 -1.519611
v 0.745271 11.025897 -1.573348
v 0.348953 11.025897 -0.732921
v 0.757128 11.025897 0.893071
v 2.343557 12.214344 0.502806
v 2.070289 12.294428 -0.945527
v 0.893372 12.256235 -0.996696
v 0.568531 12.205028 -0.288127
v 2.146128 10.189011 0.883366
v 2.743985 10.202065 0.210614
v 2.506708 10.201349 -1.693976
v 0.658573 10.195843 -1.776631
v 0.263128 10.192731 -0.896371
v 0.711833 10.187830 0.816894
v 0.905159 11.585856 0.997692
v 1.934448 11.589295 1.023127
v 2.461348 11.672756 0.434597
v 2.194172 11.721604 -1.279336
v 0.838611 11.720027 -1.300479
v 0.473143 11.660696 -0.507170
v 1.546520 4.200239 0.415793
v 1.817423 4.207403 0.088025
v 1.706841 4.201557 -0.767192
v 0.906443 4.193582 -0.832908
v 0.653442 4.196095 -0.447691
v 0.773475 4.197056 0.443946
v 2.017225 7.802296 0.692875
v 2.517283 7.802297 0.098428
v 2.269537 7.802296 -1.528348
v 0.826201 7.802295 -1.598796
v 0.489403 7.802297 -0.795720
v 0.812522 7.802294 0.643860
v 1.899414 13.745164 1.261552
v 2.279339 13.781264 0.676138
v 2.022917 13.665596 -0.740488
v 0.845256 13.679413 -0.766441
v 0.528072 13.630802 -0.099360
v 0.815490 13.681068 1.269787
v 0.781070 26.949810 2.527732
v 1.410402 26.962280 2.082410
v 1.796611 27.016251 1.424588
v 1.549130 27.075226 0.091731
v 0.840665 27.056549 -0.414320
v 0.835662 25.925068 2.512878
v 1.517752 25.981998 2.054487
v 1.995304 25.959232 1.356600
v 1.648788 25.988392 -0.120718
v 0.930641 25.937019 -0.672391
v 2.526664 31.980742 -1.220093
v 3.154010 31.407310 -0.238963
v 2.333571 33.504639 -1.088690
v 2.271194 33.735069 -0.321843
v 2.773582 31.988525 0.814411
v 2.335771 33.660843 0.535436
v 1.221778 32.803528 -1.714187
v 2.006608 32.721764 -1.502510
v 2.394611 32.694225 -1.364457
v 2.380004 32.790966 0.974625
v 1.910987 32.877342 1.314588
v 0.940763 32.944450 1.506837
v 3.017938 32.802391 0.811547
v 3.010144 33.582211 0.410011
v 2.994691 33.729004 -0.315050
v 2.992194 33.425358 -1.060818
v 3.075052 32.706482 -1.327763
v 3.135197 32.059761 -1.188035
v 3.541208 31.597841 -0.238160
v 3.303635 32.053444 0.703137
v 3.508612 33.614494 -0.301766
v 3.513620 33.330017 -1.006321
v 3.537556 32.779572 -1.164652
v 3.563963 32.029270 -1.125354
v 3.831073 31.617758 -0.236590
v 3.598577 32.024437 0.631466
v 3.437205 32.780758 0.748188
v 3.411983 33.444817 0.372834
v 1.107777 29.534815 3.750923
v 1.532700 29.418941 3.699872
v 1.583770 29.843128 3.895584
v 1.019169 29.868980 3.872761
v 1.605043 30.294659 3.849804
v 1.023318 30.307735 3.787772
v 1.604304 30.833675 3.619162
v 1.152462 30.655111 3.730062
v 2.639410 30.320259 3.160748
v 2.202646 30.298361 3.604871
v 2.547659 30.647570 3.139507
v 2.181983 30.882626 3.374536
v 2.561056 29.872631 3.187939
v 2.152860 29.845221 3.642175
v 2.351873 29.529575 3.218997
v 2.017583 29.411089 3.483753
v 0.671475 20.356897 2.146907
v 3.061723 21.278517 2.130677
v 4.056372 21.299091 1.025745
v 3.452838 20.886324 -1.715004
v 0.657278 20.128056 -1.967237
v 0.236930 20.056183 -0.446352
v 6.090972 32.607170 0.624400
v 6.144799 33.203514 0.343176
v 6.162836 33.348804 -0.170744
v 6.140463 33.095139 -0.709855
v 6.083750 32.597740 -0.826714
v 6.047282 32.126965 -0.800274
v 6.047873 31.808365 -0.125159
v 6.048081 32.126961 0.526872
v 7.141120 33.305977 -0.129935
v 7.125996 33.066055 -0.627439
v 7.086357 32.596863 -0.735279
v 7.065618 32.151546 -0.710879
v 7.065103 31.851452 -0.087867
v 7.063376 32.152836 0.513843
v 7.089951 32.606026 0.603844
v 7.127554 33.168461 0.344323
v 4.437685 32.056015 0.544834
v 4.440905 32.614609 0.657102
v 4.536214 33.240208 0.333373
v 4.570084 33.390285 -0.258221
v 4.527437 33.129078 -0.878813
v 4.481590 32.619595 -1.013334
v 4.477182 32.059601 -0.982897
v 4.480162 31.717274 -0.205746
v 3.956213 33.439804 -0.283365
v 3.969941 33.178905 -0.932834
v 3.938643 32.716343 -1.073614
v 3.946724 32.034203 -1.041762
v 4.092397 31.641260 -0.228448
v 3.906392 32.030518 0.557056
v 3.866167 32.707878 0.674548
v 3.903366 33.286964 0.335756
v 7.839809 33.300739 -0.098132
v 7.803218 33.090424 -0.514711
v 7.810972 32.626835 -0.613788
v 7.810023 32.162346 -0.591371
v 7.804538 31.850233 -0.059483
v 7.829794 32.161819 0.493330
v 7.832672 32.560425 0.576017
v 7.854501 33.188705 0.337586
v 1.800538 13.183949 1.296531
v 2.243853 13.197597 0.641843
v 2.017116 13.157002 -0.717203
v 0.881491 13.148621 -0.766957
v 0.588986 13.130423 -0.085716
v 0.916248 13.138181 1.276333
v 1.113510 28.795483 3.157149
v 0.397603 29.160006 3.183979
v 0.142255 29.791279 3.094880
v 0.147945 30.375137 3.103431
v 0.441740 31.165001 3.107973
v 1.277376 31.730835 2.969876
v 2.174172 31.830265 2.570415
v 2.807261 31.214657 1.995713
v 2.904265 30.472271 1.965868
v 2.731144 29.704342 2.008488
v 2.402635 29.089382 2.198599
v 1.802367 28.802774 2.787742
v 2.938758 30.472506 0.125204
v 3.067729 31.123098 -0.139925
v 2.624324 29.632099 0.373445
v 2.303344 28.751902 0.562445
v 1.779392 27.063858 0.702703
v 1.944920 25.964937 0.547712
v 3.169379 24.237446 -0.169679
v 3.923474 22.468838 -0.488194
v 3.962239 21.687653 -0.504054
v 3.959067 21.117449 -0.482178
v 3.869448 20.084560 -0.465262
v 3.432753 18.378830 -0.312388
v 2.870918 16.143761 -0.153485
v 2.405743 14.481935 -0.119467
v 2.303305 13.704329 -0.093947
v 2.277794 13.153339 -0.091778
v 2.281016 12.725906 -0.141153
v 2.371489 12.270612 -0.293530
v 2.512509 11.743058 -0.488941
v 2.687744 11.025898 -0.690115
v 2.878968 10.202460 -0.832168
v 2.812394 9.259396 -0.859089
v 2.571540 7.802297 -0.786919
v 1.897535 4.207225 -0.364870
v 1.053553 32.462704 2.043770
v 1.969834 32.456524 1.671776
v 0.591922 4.193701 0.057309
v 0.479833 7.802295 0.011226
v 0.369234 9.259396 0.027727
v 0.292827 10.185786 0.104061
v 0.379488 11.025897 0.193311
v 0.465370 11.583233 0.332379
v 0.542296 12.146373 0.468201
v 0.579257 12.651821 0.557048
v 0.559792 13.145053 0.629218
v 0.520703 13.692784 0.693982
v 0.471955 14.482470 0.781917
v 0.363932 16.150585 0.920620
v 0.308765 18.259338 0.909272
v 0.331342 19.608864 0.930622
v 0.370558 20.192245 0.947752
v 0.283432 20.262836 0.888311
v 1.904468 29.068830 3.159550
v 1.347650 29.065096 3.427957
v 0.785295 29.350956 3.526680
v 0.603763 29.812929 3.528860
v 0.619102 30.310402 3.540423
v 0.814792 30.885210 3.461283
v 1.452597 31.273180 3.311831
v 2.177862 31.310326 3.011629
v 2.735327 30.957939 2.646647
v 2.870690 30.393021 2.568487
v 2.738785 29.769888 2.606817
v 2.462549 29.318394 2.713165
v 0.999630 24.906942 -1.290157
v 2.204145 24.969324 -0.631897
v 2.551688 24.926838 0.252258
v 2.634506 24.893524 1.588194
v 1.756062 24.857876 2.318679
v 0.933963 24.837957 2.692276
v 2.327900 24.208216 2.126968
v 0.979446 23.984509 2.808288
v 1.739814 24.088863 2.537465
v 1.798744 23.313137 2.610049
v 1.892768 21.666382 2.566519
v 1.850307 21.192625 2.459994
v 1.887474 20.907864 2.457061
v 1.891008 20.169428 2.402326
v 1.749186 18.383650 2.253938
v 1.472688 16.149071 1.832397
v 1.312559 14.482943 1.591593
v 1.305232 13.696623 1.502765
v 1.306648 13.129833 1.473246
v 1.397519 11.588731 1.256180
v 1.416410 11.025896 1.134215
v 1.432854 10.184430 1.057553
v 1.444817 9.259396 0.982827
v 1.359753 7.802295 0.891557
v 1.145078 4.198127 0.612177
v 0.949712 21.891579 2.912632
v 1.871958 22.284204 2.659273
v 2.801061 22.780098 2.106983
v 3.654083 23.133055 1.082098
v 3.631671 23.381807 -0.401350
v 3.309413 23.487602 -1.772325
v 0.303138 23.100391 -2.544111
v 1.409139 33.761227 0.584102
v 1.450044 33.919041 -0.377503
v 1.450665 33.741531 -1.181533
v 1.542087 24.385891 -1.958249
v 1.869962 23.235231 -2.744928
v 2.106323 21.897905 -2.960147
v 2.130574 20.748146 -2.504181
v 2.155401 20.406233 -2.222818
v 2.088932 19.703051 -2.044374
v 1.978250 18.300743 -1.716251
v 1.697022 16.148994 -1.317672
v 1.511227 14.479848 -1.065740
v 1.500828 13.640665 -0.961399
v 1.497605 13.127583 -0.954067
v 1.487011 12.718396 -0.994813
v 1.533303 12.240891 -1.206763
v 1.566254 11.697664 -1.543850
v 1.594479 11.025897 -1.842872
v 1.627509 10.196986 -2.052759
v 1.653252 9.259396 -2.088476
v 1.604658 7.802295 -1.818844
v 1.329309 4.193948 -0.969955
v 5.095931 32.585808 0.640996
v 5.168504 33.197662 0.338201
v 5.192070 33.346928 -0.215138
v 5.162363 33.086960 -0.795601
v 5.085708 32.576378 -0.921423
v 5.035609 32.094139 -0.892954
v 5.036511 31.767992 -0.166056
v 5.037082 32.093651 0.535988
v 1.470451 2.019989 0.631352
v 1.798085 1.912556 0.305325
v 1.883976 1.871274 -0.116520
v 1.729926 1.869484 -0.606672
v 1.305928 1.885651 -0.973535
v 0.917072 1.882079 -0.897956
v 0.690340 1.867626 -0.609043
v 0.624654 1.870167 -0.041506
v 0.712006 1.956373 0.446760
v 1.055369 2.038535 0.670971
v 1.090437 3.176798 0.595220
v 1.459475 3.177754 0.403666
v 1.731731 3.179026 0.127973
v 1.823827 3.178997 -0.280061
v 1.633363 3.178072 -0.655787
v 1.296366 3.176152 -0.847549
v 0.925012 3.175395 -0.730058
v 0.671731 3.175776 -0.441619
v 0.603908 3.174094 0.003483
v 0.753907 3.175940 0.415008
v 0.792954 33.472115 1.029409
v 1.415316 33.508251 0.846256
v 2.049205 12.590337 1.008018
v 1.720882 12.568721 1.350997
v 1.758575 12.254964 1.370183
v 2.105529 12.274769 0.964781
v 1.388462 12.558261 1.494587
v 1.409411 12.253101 1.512445
v 1.425831 11.915355 1.386367
v 1.807433 11.920123 1.260555
v 2.129478 12.039185 0.914611
v 1.751806 12.866255 1.312105
v 2.043301 12.787327 1.032308
v 1.372987 12.837006 1.453311
v 0.783308 12.233461 0.941412
v 1.101561 12.235470 1.360918
v 0.788766 11.986692 0.858557
v 1.065409 11.912224 1.243316
v 0.802888 12.552890 0.991505
v 1.102561 12.545675 1.337155
v 0.781523 12.752822 1.022123
v 1.043593 12.839380 1.300573
v 1.428136 2.469295 0.440321
v 1.708781 2.434559 0.210437
v 1.804117 2.409812 -0.185837
v 1.608768 2.418523 -0.593810
v 1.292392 2.433226 -0.796873
v 0.939303 2.427256 -0.715520
v 0.702694 2.425712 -0.472535
v 0.624059 2.421085 -0.033231
v 0.752983 2.456978 0.437533
v 1.056608 2.488244 0.591579
v 0.825265 5.189070 0.458692
v 1.223869 5.186949 0.647778
v 1.657194 5.188080 0.456810
v 1.962657 5.198628 0.068714
v 2.044575 5.196293 -0.506241
v 1.819957 5.189198 -0.976653
v 1.390501 5.187386 -1.201945
v 0.916630 5.185673 -1.021543
v 0.665692 5.189835 -0.562160
v 0.623365 5.185227 0.031173
v 0.810716 6.653913 0.553456
v 1.291176 6.653913 0.768967
v 1.846032 6.653915 0.588198
v 2.260548 6.653916 0.095290
v 2.326422 6.653916 -0.724183
v 2.051138 6.653915 -1.291034
v 1.487457 6.653913 -1.582808
v 0.844597 6.653915 -1.336700
v 0.553545 6.653916 -0.741481
v 0.536113 6.653913 0.032941
v 0.904622 27.901482 -0.462250
v 1.706408 27.880703 0.021587
v 1.978022 27.879032 0.690160
v 1.961291 27.831488 1.480100
v 1.513494 27.741760 2.218608
v 0.829565 27.750408 2.661285
v 2.695394 33.641506 0.415319
v 2.654048 33.757645 -0.317312
v 2.679708 33.466507 -1.070099
v 2.767313 32.705215 -1.339968
v 2.824573 32.028927 -1.198710
v 3.291769 31.559675 -0.238428
v 3.038034 32.028400 0.715343
v 2.715904 32.797611 0.822337
v 2.910232 0.106663 2.799539
v 2.904683 -0.315946 2.799539
v 2.630908 -0.116288 2.898769
v 2.915587 -0.129189 2.806090
v 2.682769 0.158389 2.875441
v 2.675251 -0.311976 2.904878
v 2.752199 -0.162846 3.352607
v 2.772361 -0.102774 3.283553
v 2.997808 -0.169116 3.308112
v 2.963795 -0.107914 3.249318
v 2.925479 -0.343579 3.270009
v 2.761146 -0.330612 3.305472
v 2.903399 0.082951 2.906435
v 2.956578 -0.168574 2.920523
v 2.877025 -0.290979 2.944460
v 2.708734 -0.266437 2.970322
v 2.655388 -0.161574 2.976520
v 2.709008 0.119645 2.933403
v 2.957036 -0.065732 3.145480
v 3.000246 -0.169148 3.163669
v 2.931871 -0.345342 3.141644
v 2.711796 -0.326357 3.177107
v 2.684150 -0.161952 3.208165
v 2.723494 -0.046753 3.179715
v 2.717720 -0.001034 3.083260
v 2.943928 -0.026881 3.051804
v 2.986363 -0.168966 3.065962
v 2.912829 -0.324579 3.039865
v 2.703171 -0.303351 3.075329
v 2.673152 -0.161808 3.094354
v 2.781827 -0.059270 3.189653
v 2.925646 -0.071659 3.167059
v 2.803770 -0.096106 3.271514
v 2.930108 -0.099499 3.248920
v 2.767819 -0.020412 3.116721
v 2.917109 -0.037477 3.089235
v 2.781926 -0.051799 3.189653
v 2.925744 -0.064187 3.167059
v 2.803866 -0.088644 3.271514
v 2.930205 -0.092027 3.248920
v 2.641013 0.198229 2.921794
v 2.605077 -0.310762 2.937098
v 2.296323 -0.076270 3.056896
v 2.320516 0.223821 3.028510
v 2.321743 -0.305856 3.026023
v 2.448409 -0.078268 3.650520
v 2.473573 -0.003069 3.560197
v 2.754892 -0.086106 3.592320
v 2.712452 -0.009492 3.515418
v 2.664628 -0.304511 3.542481
v 2.459565 -0.288292 3.588867
v 2.636851 0.210774 3.066923
v 2.703444 -0.085430 3.085351
v 2.604165 -0.238675 3.116660
v 2.394168 -0.207952 3.150487
v 2.327605 -0.076681 3.158594
v 2.393735 0.214643 3.125833
v 2.704019 0.043313 3.379597
v 2.757933 -0.086146 3.403389
v 2.672602 -0.306714 3.374579
v 2.397986 -0.282959 3.420965
v 2.363496 -0.077153 3.461589
v 2.412597 0.067051 3.424376
v 2.405394 0.124292 3.298212
v 2.687665 0.091946 3.257067
v 2.740611 -0.085918 3.275586
v 2.648844 -0.280725 3.241451
v 2.387223 -0.254159 3.287838
v 2.349773 -0.076972 3.312723
v 2.485388 0.051384 3.437374
v 2.664849 0.035880 3.407822
v 2.512764 0.005280 3.544450
v 2.670415 0.001040 3.514897
v 2.467909 0.100033 3.341980
v 2.654197 0.078683 3.306027
v 2.485511 0.060747 3.437374
v 2.664972 0.045243 3.407822
v 2.512888 0.014631 3.544450
v 2.670538 0.010393 3.514897
v 2.238211 0.267569 3.054275
v 2.250497 -0.304612 3.048384
v 1.857904 -0.034516 3.233023
v 1.920748 0.304709 3.150216
v 1.871937 -0.250655 3.153933
v 2.035950 -0.036854 3.929325
v 2.065286 0.041903 3.823378
v 2.394749 -0.045560 3.861057
v 2.344944 0.034796 3.770854
v 2.289433 -0.274272 3.802598
v 2.049349 -0.256938 3.857008
v 2.256342 0.285117 3.244784
v 2.334519 -0.044769 3.266398
v 2.218546 -0.205170 3.303124
v 1.972660 -0.172647 3.342803
v 1.894526 -0.034997 3.352311
v 1.972305 0.333072 3.286160
v 2.334985 0.090142 3.611539
v 2.398311 -0.045607 3.639447
v 2.298772 -0.276585 3.605654
v 1.977251 -0.251242 3.660064
v 1.936541 -0.035549 3.707714
v 1.993791 0.115496 3.664064
v 1.985267 0.175488 3.516077
v 2.315763 0.141131 3.467816
v 2.378031 -0.045340 3.489539
v 2.270916 -0.249317 3.449499
v 1.964606 -0.221054 3.503909
v 1.920476 -0.035338 3.533099
v 2.079029 0.098962 3.679311
v 2.289142 0.082417 3.644647
v 2.111151 0.050595 3.804907
v 2.295716 0.045902 3.770242
v 2.058489 0.149950 3.567416
v 2.276604 0.127283 3.525245
v 2.079157 0.108753 3.679311
v 2.289271 0.092226 3.644647
v 2.111281 0.060396 3.804907
v 2.295844 0.055693 3.770242
v 0.577350 0.805035 -0.823162
v 0.744232 0.787954 1.495565
v 1.981736 0.805846 -0.636822
v 2.599583 0.564147 1.533643
v 1.271302 0.819378 -1.364087
v 1.497398 1.091378 1.911358
v 2.104994 0.781030 -0.024717
v 0.491731 0.804335 0.002602
v 0.655861 -0.074327 -0.715550
v 0.543596 -0.138844 0.008525
v 1.287383 -0.085163 -1.159156
v 1.995734 -0.070678 -0.531838
v 2.204214 -0.085079 -0.016534
v 1.619815 -0.303448 1.623246
v 2.742667 -0.297268 1.570615
v 0.770771 -0.317517 1.597925
v 1.827782 0.365778 3.178357
v 1.781455 -0.233873 3.178357
v 0.877218 0.420957 3.265535
v 0.812654 -0.230211 3.265535
v 2.713153 0.355519 2.125634
v 2.816028 -0.318080 2.125634
v 1.617111 -0.286299 2.327568
v 0.700294 -0.272744 2.338531
v 0.774190 0.665605 2.273370
v 1.585006 0.790520 2.489141
v 2.141598 1.236076 0.985009
v 2.058952 1.339261 -0.075893
v 1.933946 1.357699 -0.618702
v 1.276733 1.428432 -1.188449
v 0.632487 1.437184 -0.699875
v 0.596693 1.445362 -0.035909
v 0.820878 1.337000 1.036672
v 1.549912 1.331015 1.470283
v 1.723314 -0.096264 -1.090948
v 2.030346 -0.323818 1.600822
v 1.680179 0.810560 -1.208283
v 1.801835 1.024542 1.857352
v 1.978213 0.675042 2.380744
v 2.140041 -0.307512 2.232777
v 1.124899 1.319946 1.339125
v 1.109567 -0.309013 1.610364
v 1.292763 0.412570 3.251638
v 1.275721 -0.238119 3.251895
v 1.087226 1.060978 1.822825
v 1.125248 0.809696 2.410894
v 1.122685 -0.279216 2.333195
v 2.298942 -0.315207 1.588311
v 2.368029 0.511799 2.244000
v 2.170446 0.841267 1.670315
v 2.526630 -0.314788 2.178459
v 0.654413 0.801311 0.639563
v 0.726944 -0.206217 0.815721
v 0.667162 1.413791 0.490933
v 1.472098 -0.217790 0.778108
v 1.929266 -0.223248 0.782405
v 2.357965 -0.219351 0.733660
v 2.306936 0.679635 0.599771
v 2.131229 1.266448 0.485559
v 1.516285 1.626856 1.008198
v 0.891594 1.634341 0.810629
v 1.960583 1.511521 0.796755
v 2.906139 0.009986 2.096160
v 2.763975 0.172414 1.599304
v 2.453098 0.178030 0.688138
v 2.176614 0.206764 -0.011118
v 2.014691 0.190321 -0.639053
v 1.709142 0.193946 -1.201922
v 1.270791 0.191095 -1.355458
v 0.541947 0.205066 -0.805962
v 0.476014 0.205127 0.016455
v 0.641510 0.173492 0.765896
v 0.647257 0.241703 1.591395
v 0.618293 0.247196 2.271699
v 0.749142 0.017913 3.257995
v 1.389811 0.001402 3.352711
v 1.340274 0.193161 4.088017
v 1.426236 0.000923 4.127934
v 1.011318 0.199342 4.123225
v 0.942130 0.015378 4.196507
v 1.359146 -0.287687 4.049502
v 0.990657 -0.281021 4.097859
v 0.880710 0.311656 3.651711
v 1.338637 0.297137 3.577516
v 1.479408 0.000225 3.686561
v 1.346958 -0.281375 3.584618
v 0.777547 -0.272080 3.625196
v 0.714591 0.018366 3.680562
v 0.944074 0.216610 3.920430
v 1.373884 0.198474 3.859794
v 1.481044 -0.000202 3.932814
v 1.375636 -0.294642 3.814224
v 0.886423 -0.319327 3.875450
v 0.783891 0.017954 3.936162
v 0.898829 0.404313 3.458366
v 1.307375 0.388992 3.407357
v 1.435854 0.001210 3.495164
v 1.307348 -0.227035 3.406187
v 0.785625 -0.229765 3.448451
v 0.730912 0.008011 3.468519
v 0.811319 0.536495 2.832674
v 0.639272 0.116707 2.816503
v 0.751858 -0.243497 2.830776
v 1.210248 -0.285349 2.814551
v 1.680251 -0.355513 2.829125
v 2.254637 -0.366260 2.698970
v 2.624331 -0.363649 2.620156
v 2.901194 -0.311021 2.520312
v 2.941025 -0.045463 2.501247
v 2.821114 0.193748 2.526951
v 2.522222 0.309641 2.653862
v 2.148196 0.360283 2.787562
v 1.724269 0.463529 2.892593
v 1.201896 0.615338 2.857160
v 0.968215 0.283599 3.785264
v 1.263367 0.268299 3.738489
v 1.009000 0.217233 3.962034
v 1.286102 0.205556 3.922941
v 1.052352 0.206106 4.092778
v 1.264434 0.202129 4.070078
v 1.009358 0.244427 3.964739
v 1.286397 0.227922 3.926957
v 1.052926 0.249704 4.095777
v 1.264969 0.242896 4.073405
v 1.598128 -0.255998 -0.884978
v 1.746091 -0.180885 -0.013279
v 1.821478 -0.229760 -0.539834
v 1.299725 -0.246696 -0.953186
v 1.375192 -0.186440 -0.021459
v 0.789444 -0.237450 -0.643613
v 2.055440 -0.175296 -0.123888
v 1.742032 -0.257995 -0.154497
v 1.389841 -0.261514 -0.200074
v 0.663632 -0.220243 -0.100900
v 1.451162 0.436608 3.236145
v 1.447120 -0.188513 3.238219
v 1.582949 -0.001135 4.118797
v 1.614829 0.088555 4.002233
v 1.972160 -0.010793 4.043689
v 1.918188 0.080643 3.944443
v 1.857753 -0.271270 3.979370
v 1.597329 -0.251704 4.039233
v 1.822252 0.365051 3.365651
v 1.906824 -0.009935 3.389431
v 1.780906 -0.192653 3.429837
v 1.514198 -0.155800 3.473493
v 1.429538 0.000880 3.483955
v 1.514171 0.419932 3.411172
v 1.907425 0.143658 3.769163
v 1.976022 -0.010844 3.799867
v 1.867884 -0.273908 3.762687
v 1.519123 -0.245279 3.822550
v 1.475115 0.000281 3.874977
v 1.537324 0.172283 3.826952
v 1.528120 0.240581 3.664133
v 1.886609 0.201698 3.611035
v 1.954024 -0.010555 3.634935
v 1.837684 -0.242879 3.590883
v 1.505427 -0.210907 3.650746
v 1.457687 0.000510 3.682861
v 1.629777 0.153509 3.843727
v 1.857691 0.134831 3.805588
v 1.664589 0.098474 3.981910
v 1.864795 0.093250 3.943771
v 1.607530 0.211567 3.720617
v 1.844121 0.185903 3.674221
v 1.629923 0.164675 3.843727
v 1.857838 0.145998 3.805588
v 1.664735 0.109634 3.981910
v 1.864942 0.104417 3.943771
v 1.119337 1.646600 0.968627
v 1.144124 -0.212982 0.788595
v 1.037790 -0.245384 -0.164114
v 0.908068 -0.240226 -0.816325
v 0.816742 0.198270 -1.159437
v 0.866715 -0.077320 -1.037073
v 1.056629 -0.172754 -0.013692
v 0.838824 0.807251 -1.175020
v 0.894086 1.441226 -1.088457
v 0.931723 -0.333265 1.601725
v 0.899462 -0.309551 2.337089
v 0.967694 -0.305545 2.825605
v 1.037418 -0.297843 3.270918
v 1.058969 -0.309882 3.407084
v 1.078106 -0.367363 3.578583
v 1.151782 -0.383997 3.819624
v 1.199164 -0.331682 4.117173
v 1.216497 0.007377 4.236292
v 1.195398 0.193008 4.159616
v 1.171031 0.202017 4.116240
v 1.171978 0.241883 4.124416
v 1.160952 0.283547 3.950852
v 1.120555 0.292497 3.711588
v 1.133760 0.370385 3.627750
v 1.124414 0.461841 3.422222
v 1.077392 0.463386 3.271726
v 1.675635 1.390133 -0.998516
v 1.745391 1.158571 1.638997
v 2.070636 1.053309 1.405338
v 0.768020 33.837791 0.653679
v 0.784559 33.851288 -1.206955
v 1.091188 34.010681 -0.298099
v 0.316732 24.352037 -1.699565
v 0.760440 33.374504 -1.517378
v 1.428552 35.651070 0.208859
v 0.232038 35.758636 3.843416
v 0.479499 35.799652 3.778306
v 0.686736 35.838692 3.683647
v 0.819614 35.869217 3.582157
v 0.227934 35.772388 3.845378
v 0.478115 35.811630 3.781689
v 0.694115 35.846130 3.686699
v 0.238896 35.340832 3.497126
v 0.493671 35.474022 3.497125
v 0.707034 35.634296 3.497124
v 0.843839 35.887665 3.497123
v 0.234671 36.274597 3.497126
v 0.492246 36.191803 3.497125
v 0.714631 36.028484 3.497124
v 0.232038 35.353882 1.996462
v 0.479499 35.483250 1.996462
v 0.686736 35.638920 1.996460
v 0.839993 35.879963 1.996459
v 0.233601 36.265133 1.996462
v 0.490003 36.182713 1.996461
v 0.711374 36.020138 1.996460
v 0.172358 35.654449 1.754147
v 0.170867 35.932713 1.752085
v 0.367529 35.674122 1.775918
v 0.362903 35.924767 1.767480
v 0.612745 35.909916 1.829546
v 0.616313 35.711342 1.844432
v 0.266558 36.420662 2.861180
v 0.559132 36.312634 2.861179
v 0.811734 36.099533 2.861178
v 0.958498 35.915791 2.861177
v 0.803104 35.585186 2.861178
v 0.560750 35.376064 2.861180
v 0.271357 35.202274 2.861180
v 0.233288 35.765221 3.981900
v 0.230795 35.770355 3.973740
v 0.480293 35.802910 3.896462
v 0.476961 35.808296 3.888772
v 0.688522 35.838467 3.772736
v 0.683155 35.843155 3.765777
v 0.821506 35.870422 3.642579
v 0.819614 35.869217 3.630841
v 0.229371 35.775433 3.986159
v 0.226878 35.772236 3.977054
v 0.480832 35.814777 3.902102
v 0.476023 35.811302 3.894042
v 0.696864 35.849602 3.777411
v 0.690915 35.845619 3.770442
vt 0.748284 0.606334
vt 0.748166 0.602201
vt 0.741315 0.599582
vt 0.741188 0.602775
vt 0.754627 0.601328
vt 0.755091 0.605955
vt 0.759722 0.602391
vt 0.758976 0.598105
vt 0.763438 0.597746
vt 0.761433 0.593605
vt 0.762274 0.589024
vt 0.764000 0.589403
vt 0.736123 0.597561
vt 0.736904 0.595565
vt 0.734435 0.592053
vt 0.731592 0.590555
vt 0.735791 0.584760
vt 0.733517 0.584117
vt 0.734302 0.591221
vt 0.739289 0.579807
vt 0.737120 0.577556
vt 0.743514 0.573920
vt 0.744552 0.577142
vt 0.749095 0.576510
vt 0.749373 0.573099
vt 0.755463 0.579154
vt 0.755925 0.575637
vt 0.759682 0.583324
vt 0.761222 0.580794
vt 0.762185 0.587545
vt 0.763595 0.586732
vt 0.747244 0.609957
vt 0.755122 0.610389
vt 0.760770 0.606738
vt 0.764539 0.600556
vt 0.766256 0.589927
vt 0.765708 0.584540
vt 0.762093 0.577678
vt 0.756342 0.572387
vt 0.750552 0.569379
vt 0.743988 0.569135
vt 0.736165 0.572351
vt 0.730845 0.582087
vt 0.738900 0.604794
vt 0.734162 0.598900
vt 0.730490 0.590359
vt 0.733746 0.600091
vt 0.738993 0.606510
vt 0.747865 0.611993
vt 0.755788 0.612244
vt 0.761856 0.608391
vt 0.766404 0.601864
vt 0.770204 0.602729
vt 0.770537 0.590650
vt 0.773652 0.602696
vt 0.773511 0.590901
vt 0.773414 0.583092
vt 0.770653 0.583629
vt 0.770199 0.576618
vt 0.765949 0.575978
vt 0.773327 0.576377
vt 0.767805 0.613300
vt 0.773801 0.614300
vt 0.758519 0.616679
vt 0.765098 0.633937
vt 0.774079 0.634767
vt 0.754004 0.632704
vt 0.747754 0.616464
vt 0.742159 0.628485
vt 0.737047 0.610832
vt 0.729177 0.602265
vt 0.724172 0.589592
vt 0.726246 0.576229
vt 0.762234 0.571380
vt 0.757744 0.567033
vt 0.752072 0.563828
vt 0.745013 0.561485
vt 0.733757 0.559237
vt 0.770199 0.571431
vt 0.773248 0.570693
vt 0.766883 0.571598
vt 0.762109 0.565354
vt 0.763682 0.570019
vt 0.763794 0.568344
vt 0.762868 0.565062
vt 0.773205 0.567762
vt 0.770903 0.567724
vt 0.765440 0.564721
vt 0.768652 0.566858
vt 0.771682 0.564889
vt 0.773164 0.564855
vt 0.771341 0.559019
vt 0.771749 0.560790
vt 0.773107 0.560585
vt 0.773086 0.558793
vt 0.764563 0.561242
vt 0.764294 0.560777
vt 0.772915 0.552008
vt 0.769887 0.552801
vt 0.770621 0.555147
vt 0.773025 0.555170
vt 0.769419 0.559375
vt 0.762538 0.557716
vt 0.768321 0.555436
vt 0.761731 0.552288
vt 0.758756 0.554193
vt 0.754961 0.550016
vt 0.758367 0.548795
vt 0.755871 0.544281
vt 0.750747 0.542746
vt 0.772776 0.527870
vt 0.766708 0.527915
vt 0.767380 0.536557
vt 0.772855 0.536216
vt 0.762687 0.537526
vt 0.758594 0.530400
vt 0.758528 0.540771
vt 0.753407 0.535775
vt 0.755083 0.557924
vt 0.759814 0.561697
vt 0.749577 0.553206
vt 0.740814 0.543772
vt 0.772680 0.522121
vt 0.764899 0.522035
vt 0.754819 0.524942
vt 0.746252 0.531220
vt 0.726490 0.535954
vt 0.721248 0.554581
vt 0.735472 0.522384
vt 0.760706 0.512751
vt 0.772551 0.513395
vt 0.747300 0.515173
vt 0.717546 0.573504
vt 0.715389 0.589849
vt 0.718230 0.604641
vt 0.728858 0.618223
vt 0.760441 0.659128
vt 0.774482 0.663194
vt 0.746104 0.655670
vt 0.730452 0.643423
vt 0.715426 0.627136
vt 0.702823 0.606725
vt 0.702579 0.589905
vt 0.733379 0.705855
vt 0.774867 0.689258
vt 0.754877 0.678440
vt 0.722554 0.675752
vt 0.705534 0.656702
vt 0.690959 0.632258
vt 0.681300 0.611356
vt 0.675092 0.588262
vt 0.688243 0.589216
vt 0.755165 0.500481
vt 0.735742 0.504812
vt 0.772381 0.500294
vt 0.721193 0.513970
vt 0.710407 0.529602
vt 0.709889 0.552923
vt 0.708295 0.573266
vt 0.772121 0.480350
vt 0.772018 0.473128
vt 0.743192 0.474134
vt 0.742371 0.482084
vt 0.707572 0.473691
vt 0.703512 0.483417
vt 0.683047 0.469333
vt 0.677238 0.482539
vt 0.772213 0.487077
vt 0.748425 0.488570
vt 0.720367 0.495967
vt 0.689048 0.494499
vt 0.666763 0.492593
vt 0.701418 0.510553
vt 0.692023 0.524854
vt 0.660336 0.531864
vt 0.670162 0.548789
vt 0.685824 0.534939
vt 0.647676 0.562266
vt 0.645107 0.586824
vt 0.665852 0.571689
vt 0.648172 0.612331
vt 0.655519 0.634411
vt 0.666562 0.658876
vt 0.685600 0.684440
vt 0.687678 0.708144
vt 0.653183 0.503406
vt 0.673868 0.506759
vt 0.634836 0.529676
vt 0.671074 0.463565
vt 0.664812 0.477556
vt 0.655524 0.485550
vt 0.639820 0.496299
vt 0.612154 0.519956
vt 0.592105 0.549702
vt 0.622338 0.557998
vt 0.581526 0.585589
vt 0.618356 0.586202
vt 0.586325 0.622639
vt 0.619221 0.614596
vt 0.598465 0.651657
vt 0.625808 0.638290
vt 0.617397 0.676079
vt 0.635861 0.659915
vt 0.648135 0.697033
vt 0.652590 0.682874
vt 0.770999 0.563344
vt 0.767859 0.563587
vt 0.767356 0.561289
vt 0.769555 0.559988
vt 0.768658 0.561758
vt 0.747954 0.601350
vt 0.741647 0.598903
vt 0.754001 0.600620
vt 0.758060 0.597700
vt 0.760397 0.593562
vt 0.761146 0.589109
vt 0.737563 0.595159
vt 0.736507 0.585029
vt 0.739735 0.580486
vt 0.744569 0.577968
vt 0.748844 0.577314
vt 0.754813 0.579774
vt 0.758756 0.583537
vt 0.761060 0.587659
vt 0.746332 0.593249
vt 0.743333 0.592419
vt 0.749335 0.593482
vt 0.751456 0.592337
vt 0.752826 0.590764
vt 0.753271 0.589206
vt 0.741671 0.591256
vt 0.741104 0.588490
vt 0.742541 0.586865
vt 0.744915 0.585608
vt 0.747063 0.585166
vt 0.750229 0.586080
vt 0.752446 0.587319
vt 0.753444 0.588696
vt 0.773131 0.562515
vt 0.772864 0.550897
vt 0.772854 0.550760
vt 0.768044 0.552127
vt 0.768017 0.552265
vt 0.763830 0.549636
vt 0.763732 0.549736
vt 0.760754 0.547523
vt 0.760623 0.547580
vt 0.759172 0.545548
vt 0.758870 0.545526
vt 0.761549 0.543778
vt 0.761416 0.543679
vt 0.768819 0.540771
vt 0.768864 0.540908
vt 0.773034 0.540865
vt 0.773024 0.540734
vt 0.765179 0.541628
vt 0.765253 0.541755
vt 0.769344 0.542970
vt 0.773134 0.542695
vt 0.765616 0.543483
vt 0.761934 0.544534
vt 0.759615 0.545669
vt 0.761215 0.547295
vt 0.764676 0.548694
vt 0.768901 0.549517
vt 0.772743 0.549313
vt 0.700169 0.575123
vt 0.689585 0.588610
vt 0.703316 0.556168
vt 0.698051 0.537930
vt 0.697631 0.559709
vt 0.697379 0.555617
vt 0.695430 0.554897
vt 0.696040 0.559974
vt 0.672374 0.550659
vt 0.685026 0.539966
vt 0.696660 0.568123
vt 0.695371 0.566163
vt 0.667791 0.571906
vt 0.676482 0.584210
vt 0.695195 0.573074
vt 0.693918 0.572562
vt 0.694417 0.560121
vt 0.693768 0.565362
vt 0.691879 0.570665
vt 0.676591 0.577833
vt 0.672548 0.568496
vt 0.674822 0.554940
vt 0.681786 0.546830
vt 0.693620 0.556186
vt 0.691293 0.560814
vt 0.690936 0.564351
vt 0.690959 0.567535
vt 0.677161 0.571414
vt 0.677082 0.565946
vt 0.677686 0.559948
vt 0.679532 0.553746
vt 0.692099 0.558331
vt 0.697914 0.547856
vt 0.700222 0.559274
vt 0.698087 0.571795
vt 0.694346 0.547483
vt 0.692872 0.580050
vt 0.689622 0.579993
vt 0.689308 0.582588
vt 0.687005 0.577295
vt 0.686080 0.579434
vt 0.686199 0.570563
vt 0.685059 0.571833
vt 0.694725 0.545940
vt 0.691139 0.548786
vt 0.691392 0.550004
vt 0.688018 0.554107
vt 0.688548 0.555201
vt 0.686397 0.559814
vt 0.687010 0.560413
vt 0.685307 0.565388
vt 0.686433 0.565519
vt 0.697673 0.539083
vt 0.690465 0.539890
vt 0.691469 0.540245
vt 0.687596 0.545035
vt 0.688283 0.545160
vt 0.682631 0.559538
vt 0.683170 0.559458
vt 0.684864 0.552276
vt 0.684236 0.552346
vt 0.681967 0.566256
vt 0.682432 0.566178
vt 0.835384 0.097418
vt 0.835704 0.085322
vt 0.822279 0.082896
vt 0.822181 0.091588
vt 0.835382 0.075916
vt 0.822281 0.073929
vt 0.821954 0.102074
vt 0.823853 0.157101
vt 0.824772 0.165514
vt 0.837356 0.161117
vt 0.836568 0.151207
vt 0.814513 0.073359
vt 0.814057 0.080981
vt 0.813430 0.090233
vt 0.835129 0.109974
vt 0.821867 0.108589
vt 0.816694 0.157777
vt 0.817211 0.167818
vt 0.807338 0.072400
vt 0.805562 0.081047
vt 0.804655 0.088759
vt 0.813265 0.102663
vt 0.823711 0.149703
vt 0.810065 0.168999
vt 0.808535 0.157949
vt 0.799081 0.071365
vt 0.797439 0.080880
vt 0.835244 0.117862
vt 0.821860 0.116676
vt 0.796905 0.087016
vt 0.816338 0.150044
vt 0.814229 0.108954
vt 0.804439 0.101693
vt 0.801882 0.169514
vt 0.801356 0.158538
vt 0.823021 0.140567
vt 0.835156 0.141472
vt 0.790704 0.080339
vt 0.789616 0.086005
vt 0.797139 0.100818
vt 0.791911 0.070504
vt 0.807579 0.150955
vt 0.815016 0.116800
vt 0.815582 0.139757
vt 0.794864 0.169963
vt 0.793679 0.159600
vt 0.834935 0.132619
vt 0.822765 0.132074
vt 0.784274 0.079983
vt 0.779894 0.085126
vt 0.789513 0.099959
vt 0.805538 0.115098
vt 0.808938 0.115839
vt 0.800860 0.114581
vt 0.784570 0.070134
vt 0.800364 0.151903
vt 0.806317 0.140430
vt 0.787698 0.170240
vt 0.788208 0.160258
vt 0.779722 0.098692
vt 0.795746 0.114628
vt 0.816506 0.131564
vt 0.775748 0.070933
vt 0.792889 0.153542
vt 0.809890 0.127575
vt 0.779015 0.170403
vt 0.781433 0.155232
vt 0.765566 0.084477
vt 0.763700 0.072708
vt 0.788967 0.114027
vt 0.799325 0.141201
vt 0.806512 0.127973
vt 0.766496 0.098391
vt 0.802253 0.128467
vt 0.779946 0.113179
vt 0.791808 0.141821
vt 0.797368 0.128642
vt 0.749625 0.087313
vt 0.747939 0.076348
vt 0.750155 0.099811
vt 0.780429 0.141618
vt 0.766060 0.112496
vt 0.766505 0.154729
vt 0.767131 0.169990
vt 0.790083 0.128708
vt 0.779877 0.128644
vt 0.750085 0.112593
vt 0.765901 0.140150
vt 0.751219 0.153777
vt 0.751116 0.168169
vt 0.733173 0.090504
vt 0.733504 0.101686
vt 0.732168 0.080246
vt 0.765534 0.127829
vt 0.733697 0.113393
vt 0.751008 0.138791
vt 0.735489 0.152615
vt 0.735152 0.164579
vt 0.750292 0.127046
vt 0.718183 0.092978
vt 0.717453 0.103511
vt 0.718026 0.083206
vt 0.721006 0.161770
vt 0.720632 0.150911
vt 0.717020 0.114289
vt 0.734853 0.138237
vt 0.706051 0.094321
vt 0.704265 0.104282
vt 0.734069 0.127025
vt 0.706769 0.084897
vt 0.709827 0.160550
vt 0.708544 0.149771
vt 0.718439 0.137783
vt 0.703164 0.115263
vt 0.695894 0.094557
vt 0.692176 0.104139
vt 0.698057 0.085401
vt 0.716924 0.126907
vt 0.701116 0.160348
vt 0.698654 0.149683
vt 0.689224 0.093965
vt 0.685636 0.103493
vt 0.692330 0.085083
vt 0.689887 0.115977
vt 0.705972 0.138036
vt 0.684414 0.092994
vt 0.680903 0.102648
vt 0.688223 0.084201
vt 0.695321 0.160616
vt 0.691818 0.150246
vt 0.703633 0.127026
vt 0.681682 0.091234
vt 0.686057 0.082890
vt 0.683441 0.116327
vt 0.676711 0.101711
vt 0.694140 0.138161
vt 0.683779 0.082317
vt 0.679300 0.089648
vt 0.672128 0.100328
vt 0.680525 0.079401
vt 0.674182 0.085085
vt 0.686946 0.151303
vt 0.691335 0.161873
vt 0.669266 0.090867
vt 0.690161 0.127323
vt 0.678827 0.116588
vt 0.689010 0.163010
vt 0.684642 0.161160
vt 0.688091 0.165376
vt 0.669066 0.080856
vt 0.663991 0.085843
vt 0.674809 0.073966
vt 0.683902 0.152136
vt 0.680120 0.164382
vt 0.685388 0.169823
vt 0.687393 0.138732
vt 0.674946 0.116389
vt 0.680703 0.152806
vt 0.663635 0.075795
vt 0.669830 0.069344
vt 0.658491 0.080432
vt 0.664925 0.095027
vt 0.658497 0.090607
vt 0.673826 0.168117
vt 0.679076 0.175337
vt 0.683693 0.127609
vt 0.671749 0.115831
vt 0.662294 0.098439
vt 0.682555 0.139422
vt 0.675075 0.156416
vt 0.660398 0.072192
vt 0.666938 0.066602
vt 0.665144 0.110464
vt 0.658694 0.103347
vt 0.653552 0.076413
vt 0.651416 0.085085
vt 0.666107 0.115477
vt 0.679541 0.127893
vt 0.655549 0.093620
vt 0.667297 0.172667
vt 0.673738 0.179796
vt 0.679195 0.140050
vt 0.667065 0.160915
vt 0.657067 0.107048
vt 0.650974 0.100181
vt 0.675820 0.140788
vt 0.670449 0.182322
vt 0.661537 0.177972
vt 0.676144 0.128231
vt 0.649136 0.105717
vt 0.662399 0.060936
vt 0.653757 0.063627
vt 0.657283 0.110779
vt 0.672160 0.123361
vt 0.644777 0.065355
vt 0.649348 0.110639
vt 0.657736 0.115593
vt 0.647520 0.089145
vt 0.645841 0.081142
vt 0.672887 0.128974
vt 0.666499 0.122879
vt 0.659268 0.166026
vt 0.670044 0.147513
vt 0.662405 0.185602
vt 0.667005 0.188279
vt 0.641963 0.097464
vt 0.649916 0.115663
vt 0.639350 0.104291
vt 0.660322 0.058307
vt 0.651034 0.059155
vt 0.657694 0.122564
vt 0.641646 0.110265
vt 0.661550 0.152406
vt 0.661028 0.188580
vt 0.665413 0.191030
vt 0.666880 0.127618
vt 0.641402 0.086506
vt 0.643329 0.116038
vt 0.655027 0.056475
vt 0.658805 0.055740
vt 0.650611 0.122932
vt 0.650852 0.172618
vt 0.645177 0.059191
vt 0.637376 0.068530
vt 0.666693 0.132053
vt 0.636416 0.095185
vt 0.660002 0.191708
vt 0.664374 0.193645
vt 0.650394 0.056480
vt 0.656743 0.184141
vt 0.666429 0.138143
vt 0.658156 0.052580
vt 0.654211 0.053031
vt 0.655184 0.186923
vt 0.635386 0.106186
vt 0.637899 0.110901
vt 0.650737 0.053170
vt 0.633001 0.098304
vt 0.657035 0.127801
vt 0.645971 0.056232
vt 0.653143 0.157349
vt 0.660057 0.196359
vt 0.663785 0.196767
vt 0.644395 0.123369
vt 0.640372 0.116496
vt 0.630810 0.100578
vt 0.654418 0.190245
vt 0.635912 0.111367
vt 0.633727 0.106545
vt 0.656811 0.134567
vt 0.651207 0.182618
vt 0.657356 0.048197
vt 0.654322 0.048411
vt 0.651457 0.048367
vt 0.647825 0.053415
vt 0.649990 0.128504
vt 0.629088 0.075434
vt 0.629511 0.101731
vt 0.633806 0.112077
vt 0.631207 0.107701
vt 0.663924 0.201062
vt 0.660203 0.200939
vt 0.637791 0.116829
vt 0.657826 0.142370
vt 0.644596 0.056484
vt 0.627347 0.103882
vt 0.638975 0.060142
vt 0.632088 0.093764
vt 0.625415 0.095748
vt 0.650870 0.186038
vt 0.654935 0.195908
vt 0.641401 0.123126
vt 0.629418 0.088845
vt 0.654429 0.046515
vt 0.657638 0.046419
vt 0.648647 0.048332
vt 0.642531 0.056327
vt 0.635651 0.117111
vt 0.651664 0.046406
vt 0.644662 0.053195
vt 0.644953 0.053223
vt 0.645938 0.052629
vt 0.633053 0.062831
vt 0.649075 0.190837
vt 0.637598 0.058093
vt 0.664316 0.202855
vt 0.660532 0.203005
vt 0.657882 0.044749
vt 0.654558 0.044737
vt 0.651838 0.044654
vt 0.626107 0.116090
vt 0.623710 0.112841
vt 0.645977 0.047719
vt 0.644288 0.053967
vt 0.655997 0.201205
vt 0.643570 0.163202
vt 0.643016 0.129751
vt 0.638837 0.122925
vt 0.649338 0.136524
vt 0.624930 0.097072
vt 0.620295 0.109410
vt 0.647046 0.196874
vt 0.647216 0.197279
vt 0.647883 0.190341
vt 0.648926 0.046241
vt 0.649424 0.185995
vt 0.658018 0.041011
vt 0.654993 0.040968
vt 0.627442 0.119686
vt 0.650632 0.196739
vt 0.660917 0.204865
vt 0.664649 0.204546
vt 0.624150 0.098527
vt 0.646734 0.199808
vt 0.652221 0.040696
vt 0.649148 0.044360
vt 0.636508 0.122705
vt 0.646799 0.185776
vt 0.645417 0.189426
vt 0.646598 0.197386
vt 0.622700 0.101025
vt 0.665204 0.208090
vt 0.661307 0.208402
vt 0.624261 0.080335
vt 0.648606 0.203313
vt 0.652022 0.201845
vt 0.645783 0.045634
vt 0.639022 0.051189
vt 0.641502 0.049581
vt 0.649447 0.040477
vt 0.625141 0.091185
vt 0.656448 0.203360
vt 0.643932 0.179134
vt 0.649856 0.146337
vt 0.655232 0.036661
vt 0.658208 0.037207
vt 0.635783 0.052222
vt 0.652629 0.036450
vt 0.640560 0.128737
vt 0.641221 0.182191
vt 0.623157 0.113872
vt 0.625186 0.116993
vt 0.632685 0.059173
vt 0.645878 0.043811
vt 0.627551 0.124328
vt 0.622129 0.113867
vt 0.623907 0.117134
vt 0.656842 0.205318
vt 0.665182 0.211709
vt 0.661664 0.211897
vt 0.649112 0.205227
vt 0.652539 0.204099
vt 0.616163 0.106873
vt 0.641798 0.138060
vt 0.619556 0.109995
vt 0.625672 0.120003
vt 0.638069 0.128090
vt 0.618829 0.110512
vt 0.619490 0.119256
vt 0.618006 0.116394
vt 0.624169 0.120654
vt 0.657539 0.208924
vt 0.638464 0.195917
vt 0.642050 0.201194
vt 0.646469 0.039961
vt 0.614924 0.114078
vt 0.627989 0.066470
vt 0.659063 0.035854
vt 0.618739 0.096535
vt 0.618399 0.095509
vt 0.650039 0.036155
vt 0.655629 0.035408
vt 0.659080 0.034097
vt 0.652739 0.035260
vt 0.618687 0.097557
vt 0.635857 0.127620
vt 0.640303 0.173919
vt 0.632613 0.053036
vt 0.649368 0.207073
vt 0.652897 0.206097
vt 0.639296 0.184908
vt 0.664914 0.213167
vt 0.662012 0.213731
vt 0.619814 0.123010
vt 0.617986 0.098938
vt 0.638650 0.132701
vt 0.637542 0.132115
vt 0.637266 0.045441
vt 0.640262 0.044030
vt 0.656309 0.030275
vt 0.653253 0.030059
vt 0.614412 0.119214
vt 0.615988 0.121722
vt 0.647026 0.036102
vt 0.659327 0.029876
vt 0.649881 0.034839
vt 0.650115 0.210764
vt 0.653842 0.209689
vt 0.618551 0.092552
vt 0.631052 0.060169
vt 0.658212 0.212462
vt 0.665108 0.214936
vt 0.661959 0.215507
vt 0.620520 0.083420
vt 0.625767 0.124804
vt 0.634188 0.046490
vt 0.611652 0.117871
vt 0.636007 0.131927
vt 0.627370 0.129012
vt 0.637035 0.136122
vt 0.629557 0.060909
vt 0.614915 0.107211
vt 0.623792 0.125258
vt 0.625724 0.064278
vt 0.634307 0.192795
vt 0.641693 0.150928
vt 0.634164 0.131691
vt 0.614704 0.108082
vt 0.650264 0.029479
vt 0.638028 0.204055
vt 0.634739 0.200776
vt 0.616430 0.123609
vt 0.665366 0.218966
vt 0.662272 0.219069
vt 0.637734 0.178364
vt 0.651456 0.214259
vt 0.654796 0.213161
vt 0.658528 0.214192
vt 0.646446 0.034568
vt 0.646769 0.032797
vt 0.611583 0.112178
vt 0.613172 0.104866
vt 0.656177 0.026409
vt 0.658631 0.025305
vt 0.624026 0.070615
vt 0.653661 0.026100
vt 0.619560 0.126372
vt 0.611560 0.122111
vt 0.612642 0.123458
vt 0.633928 0.180967
vt 0.658856 0.215937
vt 0.620500 0.075412
vt 0.631103 0.047400
vt 0.626558 0.132496
vt 0.636553 0.176629
vt 0.636714 0.043039
vt 0.640054 0.041687
vt 0.609795 0.121895
vt 0.633201 0.179555
vt 0.627367 0.184913
vt 0.627360 0.185236
vt 0.618934 0.123813
vt 0.616314 0.124114
vt 0.652245 0.215575
vt 0.655151 0.215067
vt 0.647384 0.028483
vt 0.664963 0.222990
vt 0.662540 0.222733
vt 0.612983 0.124210
vt 0.619115 0.126431
vt 0.634860 0.175059
vt 0.633478 0.044111
vt 0.608778 0.116037
vt 0.616603 0.085954
vt 0.625525 0.129455
vt 0.612185 0.105320
vt 0.635883 0.167312
vt 0.636568 0.205863
vt 0.633208 0.202958
vt 0.639696 0.040131
vt 0.635965 0.041391
vt 0.659450 0.219059
vt 0.652706 0.217335
vt 0.655841 0.216722
vt 0.630802 0.176954
vt 0.624626 0.057143
vt 0.621918 0.059222
vt 0.632966 0.042422
vt 0.621712 0.066862
vt 0.629904 0.053337
vt 0.627877 0.047954
vt 0.630083 0.190231
vt 0.624119 0.188713
vt 0.627171 0.184663
vt 0.651125 0.025715
vt 0.613494 0.124699
vt 0.611664 0.106200
vt 0.615663 0.126699
vt 0.624331 0.129768
vt 0.655184 0.023335
vt 0.656291 0.021566
vt 0.630217 0.045070
vt 0.631821 0.169340
vt 0.653973 0.023066
vt 0.661526 0.219810
vt 0.659619 0.219968
vt 0.662200 0.222782
vt 0.630901 0.197957
vt 0.608131 0.110797
vt 0.653934 0.221252
vt 0.656861 0.220190
vt 0.625531 0.132296
vt 0.634071 0.146486
vt 0.630575 0.139949
vt 0.638027 0.034959
vt 0.634570 0.036315
vt 0.618873 0.129501
vt 0.609457 0.124937
vt 0.632227 0.204490
vt 0.635699 0.207257
vt 0.612122 0.126004
vt 0.649012 0.024074
vt 0.631390 0.037264
vt 0.618162 0.128897
vt 0.611185 0.125694
vt 0.607343 0.120681
vt 0.634910 0.160370
vt 0.662897 0.226207
vt 0.661981 0.225236
vt 0.629916 0.043267
vt 0.620889 0.068167
vt 0.605750 0.116317
vt 0.660187 0.223123
vt 0.624329 0.132946
vt 0.657799 0.220556
vt 0.619967 0.069018
vt 0.617814 0.074279
vt 0.615190 0.129353
vt 0.618157 0.079967
vt 0.652763 0.022997
vt 0.618843 0.133438
vt 0.621979 0.185728
vt 0.621404 0.179437
vt 0.661665 0.225016
vt 0.622625 0.193502
vt 0.626900 0.195406
vt 0.658150 0.223656
vt 0.628227 0.038261
vt 0.626713 0.045842
vt 0.619191 0.061233
vt 0.606072 0.121206
vt 0.657853 0.223744
vt 0.655746 0.224967
vt 0.660589 0.225242
vt 0.613802 0.132277
vt 0.615131 0.129682
vt 0.629275 0.208618
vt 0.632715 0.211335
vt 0.654262 0.020796
vt 0.628635 0.170825
vt 0.629447 0.200116
vt 0.652153 0.021014
vt 0.612430 0.128054
vt 0.620585 0.051918
vt 0.626329 0.054826
vt 0.622947 0.049502
vt 0.632531 0.031295
vt 0.636009 0.030043
vt 0.611420 0.128551
vt 0.660976 0.227201
vt 0.660697 0.225913
vt 0.610422 0.129511
vt 0.629847 0.032247
vt 0.630069 0.163010
vt 0.617938 0.053921
vt 0.626130 0.044330
vt 0.659566 0.225517
vt 0.634301 0.154024
vt 0.615418 0.083580
vt 0.658845 0.227132
vt 0.659343 0.225886
vt 0.628417 0.201641
vt 0.616118 0.077826
vt 0.615595 0.068942
vt 0.613589 0.072454
vt 0.629597 0.161683
vt 0.617008 0.161996
vt 0.617222 0.162284
vt 0.625046 0.163773
vt 0.624544 0.161793
vt 0.629755 0.160190
vt 0.621494 0.195575
vt 0.625439 0.197653
vt 0.616933 0.161762
vt 0.625321 0.160467
vt 0.629367 0.214931
vt 0.626315 0.212379
vt 0.616207 0.186290
vt 0.615193 0.181688
vt 0.629890 0.154550
vt 0.624606 0.039078
vt 0.627093 0.032954
vt 0.632723 0.030060
vt 0.636208 0.027968
vt 0.625489 0.205957
vt 0.615358 0.055841
vt 0.630141 0.147736
vt 0.627807 0.140609
vt 0.614311 0.081446
vt 0.619753 0.174622
vt 0.620521 0.196913
vt 0.624376 0.199139
vt 0.629449 0.030952
vt 0.612487 0.161066
vt 0.616528 0.156235
vt 0.632204 0.028547
vt 0.635423 0.025820
vt 0.617386 0.169791
vt 0.613146 0.165002
vt 0.610947 0.067855
vt 0.615580 0.066947
vt 0.611400 0.064629
vt 0.618990 0.049693
vt 0.621686 0.047278
vt 0.612065 0.075434
vt 0.629045 0.029649
vt 0.626577 0.154256
vt 0.627835 0.216226
vt 0.624844 0.214317
vt 0.616325 0.051763
vt 0.609657 0.070853
vt 0.623513 0.033862
vt 0.626237 0.032037
vt 0.616513 0.062151
vt 0.612330 0.057497
vt 0.622747 0.209978
vt 0.621621 0.203417
vt 0.617830 0.201206
vt 0.613682 0.187020
vt 0.612429 0.182647
vt 0.625305 0.140798
vt 0.626669 0.147363
vt 0.626486 0.218136
vt 0.623287 0.215977
vt 0.609374 0.158249
vt 0.611142 0.153969
vt 0.629768 0.021443
vt 0.626803 0.022429
vt 0.633040 0.019448
vt 0.625811 0.030490
vt 0.620532 0.045481
vt 0.617411 0.047966
vt 0.610822 0.077918
vt 0.614951 0.049929
vt 0.613443 0.177092
vt 0.613594 0.053741
vt 0.609862 0.067219
vt 0.609852 0.063380
vt 0.622177 0.032254
vt 0.611605 0.187882
vt 0.610190 0.183548
vt 0.608118 0.073769
vt 0.615706 0.205647
vt 0.619199 0.207553
vt 0.618077 0.151359
vt 0.613724 0.042819
vt 0.611070 0.044753
vt 0.608415 0.070359
vt 0.621434 0.211899
vt 0.616564 0.040357
vt 0.607979 0.066612
vt 0.608352 0.062601
vt 0.608993 0.168491
vt 0.611452 0.172577
vt 0.612378 0.051741
vt 0.622218 0.223156
vt 0.619515 0.220566
vt 0.606741 0.069677
vt 0.621610 0.030038
vt 0.623791 0.023242
vt 0.618997 0.145697
vt 0.619676 0.139388
vt 0.607642 0.157375
vt 0.609097 0.153176
vt 0.610530 0.055661
vt 0.606215 0.076463
vt 0.606982 0.073534
vt 0.620157 0.213765
vt 0.605759 0.189852
vt 0.604393 0.185598
vt 0.602350 0.064169
vt 0.603359 0.060852
vt 0.628307 0.018184
vt 0.630709 0.015746
vt 0.610783 0.178130
vt 0.625729 0.018976
vt 0.615055 0.207551
vt 0.617926 0.209635
vt 0.606053 0.156870
vt 0.607357 0.152589
vt 0.605318 0.072679
vt 0.612760 0.149342
vt 0.601030 0.067356
vt 0.608470 0.046760
vt 0.619962 0.023422
vt 0.609122 0.054046
vt 0.619121 0.225381
vt 0.617423 0.223034
vt 0.610076 0.038640
vt 0.612991 0.036310
vt 0.613765 0.209501
vt 0.616942 0.211689
vt 0.604327 0.076308
vt 0.607835 0.040440
vt 0.606732 0.169651
vt 0.608818 0.173727
vt 0.599678 0.070542
vt 0.608548 0.179001
vt 0.615108 0.139768
vt 0.613948 0.144445
vt 0.601362 0.154973
vt 0.603095 0.150978
vt 0.617176 0.218113
vt 0.623144 0.019720
vt 0.602699 0.075988
vt 0.626099 0.015335
vt 0.626321 0.012839
vt 0.610796 0.148639
vt 0.624688 0.015620
vt 0.600817 0.190995
vt 0.599728 0.187103
vt 0.597197 0.062647
vt 0.598430 0.059170
vt 0.604670 0.170409
vt 0.606589 0.174572
vt 0.605311 0.048798
vt 0.610618 0.215308
vt 0.614017 0.216869
vt 0.618144 0.220509
vt 0.617159 0.222811
vt 0.596214 0.065381
vt 0.616541 0.219047
vt 0.605480 0.042087
vt 0.619797 0.019019
vt 0.614583 0.226152
vt 0.614691 0.224975
vt 0.602747 0.181265
vt 0.609065 0.148027
vt 0.609480 0.037087
vt 0.612129 0.033947
vt 0.598027 0.073766
vt 0.613314 0.139513
vt 0.611963 0.143840
vt 0.623363 0.016139
vt 0.597056 0.152680
vt 0.598702 0.149087
vt 0.615068 0.221185
vt 0.606794 0.039051
vt 0.614978 0.224108
vt 0.614589 0.218097
vt 0.608491 0.035783
vt 0.610700 0.032097
vt 0.602427 0.044233
vt 0.612806 0.219892
vt 0.594991 0.068015
vt 0.598349 0.191315
vt 0.596947 0.187984
vt 0.605949 0.037923
vt 0.600988 0.176972
vt 0.599078 0.172940
vt 0.611794 0.139196
vt 0.610300 0.143250
vt 0.613618 0.223302
vt 0.596383 0.061707
vt 0.596988 0.057670
vt 0.604668 0.146500
vt 0.623893 0.012973
vt 0.604156 0.041079
vt 0.621816 0.014175
vt 0.609641 0.219022
vt 0.612461 0.219714
vt 0.598134 0.183072
vt 0.594982 0.064878
vt 0.612216 0.225372
vt 0.613086 0.224076
vt 0.594904 0.061117
vt 0.594864 0.056892
vt 0.604503 0.030507
vt 0.601937 0.032573
vt 0.593741 0.064368
vt 0.606938 0.027561
vt 0.603182 0.039765
vt 0.595405 0.151565
vt 0.596442 0.148193
vt 0.607083 0.137904
vt 0.606067 0.141944
vt 0.596109 0.192148
vt 0.594687 0.188504
vt 0.612347 0.222430
vt 0.610578 0.223522
vt 0.611645 0.222987
vt 0.593744 0.068123
vt 0.600104 0.144930
vt 0.594704 0.175445
vt 0.596554 0.179036
vt 0.600400 0.042742
vt 0.593386 0.071396
vt 0.592281 0.067506
vt 0.593231 0.150770
vt 0.594444 0.147122
vt 0.587992 0.058224
vt 0.586784 0.061487
vt 0.588504 0.054571
vt 0.595530 0.184092
vt 0.590636 0.193644
vt 0.589833 0.189891
vt 0.599024 0.040852
vt 0.599234 0.034457
vt 0.591320 0.071435
vt 0.602394 0.136903
vt 0.601506 0.140764
vt 0.597920 0.144183
vt 0.601948 0.027550
vt 0.603332 0.024491
vt 0.599533 0.029368
vt 0.593420 0.184918
vt 0.592683 0.176881
vt 0.593917 0.180277
vt 0.587289 0.148062
vt 0.589049 0.144752
vt 0.589272 0.070479
vt 0.585363 0.064668
vt 0.595724 0.035970
vt 0.595792 0.143457
vt 0.600427 0.136785
vt 0.599193 0.140095
vt 0.584358 0.057268
vt 0.583970 0.054032
vt 0.590476 0.177789
vt 0.591905 0.181430
vt 0.583248 0.060015
vt 0.586465 0.191065
vt 0.586507 0.193937
vt 0.597111 0.031177
vt 0.589356 0.186513
vt 0.583147 0.067615
vt 0.599000 0.025735
vt 0.598458 0.023237
vt 0.597505 0.026663
vt 0.598236 0.136095
vt 0.596970 0.139727
vt 0.588811 0.188875
vt 0.586365 0.190742
vt 0.585443 0.180407
vt 0.587404 0.183714
vt 0.588392 0.186893
vt 0.593788 0.031648
vt 0.591120 0.141860
vt 0.585832 0.143624
vt 0.584197 0.145549
vt 0.582557 0.192114
vt 0.583300 0.191159
vt 0.582133 0.062767
vt 0.580973 0.057127
vt 0.579298 0.055284
vt 0.585500 0.188045
vt 0.596195 0.027838
vt 0.587344 0.185155
vt 0.580152 0.058724
vt 0.591904 0.134630
vt 0.591268 0.138328
vt 0.583972 0.190548
vt 0.589037 0.143006
vt 0.586209 0.142839
vt 0.589942 0.141454
vt 0.584127 0.185124
vt 0.579584 0.064804
vt 0.583110 0.188970
vt 0.595784 0.024368
vt 0.582312 0.141819
vt 0.583834 0.141427
vt 0.582200 0.182996
vt 0.593949 0.026618
vt 0.580841 0.189817
vt 0.582344 0.189253
vt 0.590203 0.139686
vt 0.579625 0.060452
vt 0.587128 0.140528
vt 0.584194 0.141278
vt 0.587874 0.138136
vt 0.582657 0.187019
vt 0.580572 0.186996
vt 0.581767 0.187191
vt 0.584769 0.139713
vt 0.577553 0.057661
vt 0.588053 0.137271
vt 0.587952 0.134750
vt 0.577135 0.060599
vt 0.582483 0.138941
vt 0.584003 0.139440
vt 0.585404 0.138135
vt 0.584155 0.136540
vt 0.584887 0.137457
vt 0.618266 0.066596
vt 0.618465 0.066497
vt 0.618412 0.066234
vt 0.629629 0.057432
vt 0.629880 0.057394
vt 0.630076 0.057319
vt 0.272524 0.246631
vt 0.265866 0.245733
vt 0.266690 0.253322
vt 0.274276 0.252699
vt 0.144972 0.259586
vt 0.168041 0.261410
vt 0.171770 0.241230
vt 0.151231 0.240643
vt 0.065865 0.108241
vt 0.075084 0.100179
vt 0.036375 0.103543
vt 0.036806 0.108034
vt 0.270412 0.224782
vt 0.292120 0.229253
vt 0.292032 0.208640
vt 0.270773 0.208201
vt 0.291965 0.192756
vt 0.270553 0.192665
vt 0.174379 0.206258
vt 0.156987 0.210977
vt 0.156198 0.223882
vt 0.174579 0.222877
vt 0.210482 0.199835
vt 0.194321 0.202805
vt 0.194473 0.220468
vt 0.210453 0.218019
vt 0.275086 0.260336
vt 0.267166 0.260910
vt 0.267382 0.270652
vt 0.273794 0.266723
vt 0.139521 0.280337
vt 0.164366 0.282922
vt 0.168213 0.185572
vt 0.148887 0.192367
vt 0.206321 0.176403
vt 0.188685 0.180323
vt 0.258305 0.262495
vt 0.249919 0.264516
vt 0.251492 0.270163
vt 0.258489 0.272844
vt 0.258246 0.254928
vt 0.249909 0.256642
vt 0.257947 0.247021
vt 0.251726 0.249931
vt 0.249698 0.194008
vt 0.229191 0.196574
vt 0.228681 0.213991
vt 0.249849 0.209709
vt 0.248460 0.173670
vt 0.226708 0.173881
vt 0.009837 0.105178
vt 0.009212 0.110963
vt 0.124804 0.160156
vt 0.118688 0.163592
vt 0.133140 0.176725
vt 0.152339 0.167378
vt 0.190868 0.132211
vt 0.169846 0.138271
vt 0.179565 0.156041
vt 0.199202 0.151762
vt 0.185613 0.112405
vt 0.161890 0.116811
vt 0.109107 0.142993
vt 0.099040 0.145092
vt 0.277274 0.071574
vt 0.291429 0.067301
vt 0.291364 0.052316
vt 0.280635 0.054157
vt 0.208308 0.089127
vt 0.235114 0.088917
vt 0.235379 0.078712
vt 0.207553 0.077456
vt 0.154920 0.094368
vt 0.181323 0.092858
vt 0.177841 0.077075
vt 0.148480 0.077503
vt 0.251310 0.225359
vt 0.147235 0.149863
vt 0.132759 0.126164
vt 0.091939 0.121712
vt 0.121301 0.102921
vt 0.109912 0.081820
vt 0.256190 0.083046
vt 0.257034 0.073205
vt 0.090036 0.849520
vt 0.094338 0.887736
vt 0.101662 0.879343
vt 0.092168 0.849172
vt 0.086968 0.614686
vt 0.065994 0.643535
vt 0.073483 0.648201
vt 0.092696 0.624172
vt 0.044785 0.670153
vt 0.036516 0.696135
vt 0.047862 0.697194
vt 0.055762 0.671760
vt 0.079290 0.825562
vt 0.080733 0.823494
vt 0.033148 0.726800
vt 0.037758 0.757104
vt 0.044486 0.755585
vt 0.042434 0.726583
vt 0.048971 0.780025
vt 0.054533 0.778576
vt 0.062021 0.725852
vt 0.061870 0.752795
vt 0.099881 0.750843
vt 0.099280 0.727615
vt 0.107228 0.682965
vt 0.076516 0.675478
vt 0.068451 0.698817
vt 0.103169 0.704288
vt 0.127293 0.642506
vt 0.104915 0.631371
vt 0.087436 0.653291
vt 0.114879 0.663770
vt 0.105512 0.845064
vt 0.113103 0.870945
vt 0.134347 0.857992
vt 0.125898 0.834880
vt 0.117592 0.811700
vt 0.091953 0.820209
vt 0.069144 0.776352
vt 0.104581 0.772467
vt 0.079193 0.121488
vt 0.147928 0.751273
vt 0.150137 0.768183
vt 0.147371 0.732488
vt 0.152125 0.692142
vt 0.149144 0.712139
vt 0.164593 0.659912
vt 0.157209 0.677168
vt 0.163302 0.818345
vt 0.170129 0.838236
vt 0.157041 0.797450
vt 0.184203 0.764746
vt 0.182917 0.749763
vt 0.182903 0.733179
vt 0.184599 0.715655
vt 0.186469 0.698799
vt 0.189410 0.686687
vt 0.193684 0.672301
vt 0.198476 0.824018
vt 0.193716 0.808511
vt 0.188995 0.789790
vt 0.200153 0.763128
vt 0.198426 0.749271
vt 0.198028 0.733939
vt 0.200976 0.717171
vt 0.203410 0.702065
vt 0.205535 0.690264
vt 0.207122 0.676557
vt 0.211958 0.817908
vt 0.209142 0.803384
vt 0.204356 0.787860
vt 0.227424 0.801353
vt 0.228942 0.815729
vt 0.237862 0.818871
vt 0.237103 0.803001
vt 0.222827 0.677405
vt 0.223829 0.689728
vt 0.234289 0.687862
vt 0.231303 0.675114
vt 0.222937 0.702749
vt 0.221663 0.717647
vt 0.231596 0.716022
vt 0.233051 0.700663
vt 0.225073 0.787086
vt 0.235413 0.787584
vt 0.222284 0.743819
vt 0.222318 0.753649
vt 0.228573 0.753673
vt 0.228820 0.743215
vt 0.222806 0.761049
vt 0.228514 0.760692
vt 0.290580 0.732046
vt 0.290059 0.747712
vt 0.319310 0.747533
vt 0.319201 0.733065
vt 0.293843 0.697333
vt 0.292199 0.713925
vt 0.320261 0.716350
vt 0.321684 0.701051
vt 0.298545 0.662151
vt 0.295845 0.681029
vt 0.324390 0.687226
vt 0.329117 0.672168
vt 0.297104 0.807443
vt 0.300673 0.826549
vt 0.329288 0.817619
vt 0.325887 0.800665
vt 0.294127 0.789767
vt 0.323299 0.785093
vt 0.290476 0.761069
vt 0.320112 0.760300
vt 0.255506 0.732554
vt 0.254230 0.747609
vt 0.271185 0.747911
vt 0.272100 0.731749
vt 0.260527 0.696744
vt 0.257988 0.713375
vt 0.274324 0.713280
vt 0.276512 0.696859
vt 0.258287 0.664484
vt 0.261075 0.681171
vt 0.277752 0.679518
vt 0.277190 0.660393
vt 0.261845 0.808782
vt 0.263950 0.827230
vt 0.281566 0.828629
vt 0.278703 0.809887
vt 0.258562 0.790730
vt 0.275492 0.790973
vt 0.254108 0.761386
vt 0.271391 0.761417
vt 0.235417 0.760617
vt 0.235352 0.752692
vt 0.233715 0.742984
vt 0.243070 0.714410
vt 0.246227 0.697774
vt 0.246773 0.684361
vt 0.242843 0.670411
vt 0.249139 0.823646
vt 0.248557 0.805957
vt 0.247037 0.789007
vt 0.242673 0.749221
vt 0.242460 0.761364
vt 0.242250 0.732983
vt 0.393265 0.737471
vt 0.393887 0.745790
vt 0.416515 0.746467
vt 0.415788 0.738783
vt 0.392939 0.719380
vt 0.392829 0.728326
vt 0.414523 0.730433
vt 0.413317 0.722051
vt 0.395955 0.702483
vt 0.393921 0.710993
vt 0.412625 0.714251
vt 0.412674 0.706620
vt 0.394550 0.780085
vt 0.395002 0.789225
vt 0.411637 0.785988
vt 0.412649 0.778702
vt 0.394648 0.770341
vt 0.414318 0.770150
vt 0.394328 0.754404
vt 0.416511 0.754577
vt 0.342616 0.747226
vt 0.342269 0.734725
vt 0.342933 0.718616
vt 0.344185 0.706171
vt 0.346870 0.693868
vt 0.352223 0.681504
vt 0.350966 0.807828
vt 0.348350 0.794907
vt 0.346081 0.779866
vt 0.343447 0.758471
vt 0.209982 0.751328
vt 0.210264 0.734012
vt 0.212606 0.717948
vt 0.214079 0.703040
vt 0.215643 0.690771
vt 0.215695 0.677785
vt 0.221187 0.816083
vt 0.218537 0.801508
vt 0.215167 0.787120
vt 0.211544 0.762647
vt 0.291870 0.170581
vt 0.269770 0.172499
vt 0.291790 0.151775
vt 0.270687 0.149918
vt 0.250640 0.149323
vt 0.226683 0.146812
vt 0.943976 0.138686
vt 0.944061 0.121885
vt 0.935484 0.121650
vt 0.935586 0.136771
vt 0.941778 0.152446
vt 0.931756 0.149988
vt 0.938284 0.167404
vt 0.928425 0.164430
vt 0.931375 0.180707
vt 0.923804 0.174533
vt 0.933069 0.063421
vt 0.928834 0.050786
vt 0.919915 0.053754
vt 0.925641 0.067488
vt 0.931529 0.086590
vt 0.925686 0.087827
vt 0.938310 0.107031
vt 0.932209 0.106359
vt 0.922511 0.147979
vt 0.919424 0.162369
vt 0.916739 0.171795
vt 0.913449 0.058164
vt 0.918811 0.070702
vt 0.920459 0.088949
vt 0.925782 0.106186
vt 0.926606 0.120586
vt 0.925196 0.134679
vt 0.269184 0.230209
vt 0.284087 0.236101
vt 0.292200 0.248260
vt 0.290065 0.248956
vt 0.292265 0.263650
vt 0.290179 0.262303
vt 0.224451 0.237702
vt 0.237466 0.241399
vt 0.253094 0.231617
vt 0.879609 0.131818
vt 0.880982 0.118959
vt 0.860553 0.119194
vt 0.859647 0.131506
vt 0.878828 0.142231
vt 0.859329 0.141325
vt 0.878537 0.153849
vt 0.859502 0.152218
vt 0.878200 0.163943
vt 0.859472 0.161774
vt 0.879452 0.080615
vt 0.876770 0.071596
vt 0.858100 0.074599
vt 0.859916 0.083231
vt 0.881076 0.095167
vt 0.860650 0.096762
vt 0.881780 0.109358
vt 0.861072 0.110055
vt 0.845321 0.141230
vt 0.846220 0.150675
vt 0.846084 0.160077
vt 0.844409 0.075843
vt 0.845373 0.085063
vt 0.845881 0.097351
vt 0.845487 0.110116
vt 0.845377 0.118364
vt 0.844849 0.132090
vt 0.914846 0.118884
vt 0.914807 0.107187
vt 0.902488 0.108269
vt 0.901361 0.118476
vt 0.912343 0.133372
vt 0.899443 0.132335
vt 0.910413 0.145856
vt 0.898144 0.143922
vt 0.909081 0.159490
vt 0.897109 0.156796
vt 0.906938 0.169958
vt 0.896225 0.167367
vt 0.909045 0.073971
vt 0.904985 0.063754
vt 0.894886 0.068057
vt 0.898632 0.077016
vt 0.912557 0.090602
vt 0.901348 0.092730
vt 0.218265 0.743996
vt 0.216436 0.752557
vt 0.217305 0.761325
vt 0.266797 0.237652
vt 0.277052 0.241895
vt 0.281248 0.250285
vt 0.281681 0.260222
vt 0.285173 0.279297
vt 0.279104 0.271835
vt 0.271251 0.290236
vt 0.269419 0.279986
vt 0.257155 0.282099
vt 0.255392 0.293715
vt 0.232403 0.255474
vt 0.241374 0.256046
vt 0.244309 0.246140
vt 0.256002 0.239145
vt 0.245653 0.277653
vt 0.238385 0.286084
vt 0.241479 0.267890
vt 0.233377 0.271721
vt 0.938843 0.061351
vt 0.944560 0.059353
vt 0.940892 0.045154
vt 0.934196 0.048262
vt 0.215366 0.126184
vt 0.211627 0.106163
vt 0.220501 0.733510
vt 0.231001 0.732847
vt 0.206339 0.259769
vt 0.208106 0.238515
vt 0.192927 0.240137
vt 0.190359 0.261154
vt 0.221028 0.258258
vt 0.222680 0.276452
vt 0.205221 0.295305
vt 0.205958 0.280254
vt 0.188459 0.283190
vt 0.182960 0.306173
vt 0.228616 0.295276
vt 0.271657 0.297064
vt 0.292379 0.290721
vt 0.254077 0.303079
vt 0.949320 0.106695
vt 0.943677 0.106478
vt 0.950173 0.121957
vt 0.957563 0.121548
vt 0.940470 0.084610
vt 0.936589 0.085434
vt 0.253080 0.314045
vt 0.227713 0.309410
vt 0.241296 0.325449
vt 0.253161 0.324854
vt 0.185446 0.313147
vt 0.205254 0.301660
vt 0.272664 0.312512
vt 0.292465 0.311047
vt 0.394582 0.762184
vt 0.415805 0.761884
vt 0.321347 0.771534
vt 0.344586 0.768568
vt 0.291769 0.774540
vt 0.272852 0.775586
vt 0.255811 0.775239
vt 0.244083 0.772899
vt 0.229658 0.767100
vt 0.231566 0.777246
vt 0.236804 0.777833
vt 0.236424 0.768276
vt 0.223660 0.767605
vt 0.225028 0.776886
vt 0.218051 0.769119
vt 0.221004 0.776959
vt 0.201935 0.774578
vt 0.212381 0.771882
vt 0.186060 0.776292
vt 0.152941 0.782052
vt 0.110234 0.791180
vt 0.079628 0.797888
vt 0.069788 0.801164
vt 0.067751 0.804603
vt 0.291274 0.031236
vt 0.285545 0.030038
vt 0.291707 0.132270
vt 0.271464 0.132196
vt 0.240498 0.133680
vt 0.237453 0.121282
vt 0.271988 0.113798
vt 0.291618 0.111541
vt 0.236174 0.102724
vt 0.274143 0.090055
vt 0.291516 0.087684
vt 0.254960 0.133047
vt 0.255921 0.116939
vt 0.256374 0.095807
vt 0.292531 0.326624
vt 0.273485 0.326554
vt 0.261986 0.342118
vt 0.275521 0.340921
vt 0.442471 0.729483
vt 0.438281 0.719055
vt 0.427979 0.721264
vt 0.431045 0.730824
vt 0.445385 0.738859
vt 0.432978 0.739812
vt 0.433406 0.708434
vt 0.425370 0.713649
vt 0.445647 0.749627
vt 0.433300 0.747798
vt 0.428997 0.702032
vt 0.423015 0.706455
vt 0.432370 0.756424
vt 0.421226 0.786890
vt 0.424105 0.780828
vt 0.427931 0.772787
vt 0.431194 0.763415
vt 0.135447 0.302274
vt 0.161142 0.305265
vt 0.132981 0.325116
vt 0.156890 0.326669
vt 0.429915 0.786685
vt 0.424827 0.792149
vt 0.436741 0.777185
vt 0.441366 0.767637
vt 0.443754 0.758782
vt 0.374243 0.764211
vt 0.373521 0.755501
vt 0.372880 0.746133
vt 0.372264 0.736309
vt 0.372317 0.724674
vt 0.373162 0.714226
vt 0.375068 0.704713
vt 0.378891 0.695538
vt 0.376199 0.785389
vt 0.377913 0.795739
vt 0.375082 0.773561
vt 0.292585 0.339411
vt 0.292645 0.353680
vt 0.280028 0.356111
vt 0.936945 0.183163
vt 0.943688 0.186256
vt 0.950874 0.170959
vt 0.944244 0.169029
vt 0.955573 0.156094
vt 0.948272 0.154111
vt 0.957653 0.139794
vt 0.950217 0.140085
vt 0.130668 0.353060
vt 0.142227 0.355959
vt 0.172940 0.326831
vt 0.181079 0.327136
vt 0.261144 0.349270
vt 0.171569 0.347003
vt 0.179625 0.344184
vt 0.249407 0.346057
vt 0.242184 0.345326
vt 0.161334 0.347832
vt 0.269687 0.371437
vt 0.165322 0.363542
vt 0.181791 0.359950
vt 0.175280 0.361471
vt 0.509967 0.717098
vt 0.510429 0.715289
vt 0.505805 0.715394
vt 0.506439 0.717094
vt 0.521956 0.848853
vt 0.520111 0.846350
vt 0.517592 0.847131
vt 0.516564 0.850253
vt 0.511020 0.728745
vt 0.513568 0.723224
vt 0.513518 0.721513
vt 0.510599 0.726701
vt 0.520601 0.839988
vt 0.518715 0.839645
vt 0.519539 0.841932
vt 0.522126 0.842158
vt 0.512927 0.719744
vt 0.510586 0.722069
vt 0.506618 0.721147
vt 0.507341 0.724702
vt 0.504598 0.717802
vt 0.506400 0.719215
vt 0.516596 0.845278
vt 0.514192 0.847976
vt 0.520019 0.843935
vt 0.523039 0.844884
vt 0.510578 0.719651
vt 0.512193 0.717773
vt 0.509565 0.719298
vt 0.509324 0.717431
vt 0.507136 0.717399
vt 0.507084 0.719017
vt 0.509762 0.720991
vt 0.507112 0.720575
vt 0.504137 0.719334
vt 0.516099 0.843597
vt 0.513486 0.846042
vt 0.503374 0.721198
vt 0.515722 0.841720
vt 0.513442 0.843597
vt 0.520933 0.839165
vt 0.518337 0.837293
vt 0.503190 0.722884
vt 0.506577 0.726110
vt 0.514028 0.840292
vt 0.512136 0.843466
vt 0.509384 0.717297
vt 0.509665 0.719215
vt 0.507057 0.717283
vt 0.506963 0.718941
vt 0.524767 0.725990
vt 0.526865 0.724832
vt 0.522730 0.720795
vt 0.521687 0.722864
vt 0.530671 0.838889
vt 0.532856 0.842384
vt 0.536117 0.836203
vt 0.532209 0.835892
vt 0.517190 0.737233
vt 0.522494 0.734373
vt 0.523234 0.733123
vt 0.517815 0.734139
vt 0.527177 0.829622
vt 0.524964 0.831569
vt 0.527590 0.832755
vt 0.530062 0.830353
vt 0.524670 0.731097
vt 0.520684 0.730847
vt 0.514806 0.730044
vt 0.517929 0.726684
vt 0.519364 0.721889
vt 0.519622 0.724741
vt 0.527871 0.838268
vt 0.528486 0.842780
vt 0.529851 0.833968
vt 0.533304 0.831813
vt 0.522904 0.728751
vt 0.525995 0.728683
vt 0.520411 0.725154
vt 0.522346 0.727545
vt 0.523897 0.725702
vt 0.522013 0.723748
vt 0.518929 0.726585
vt 0.520940 0.729202
vt 0.517533 0.722931
vt 0.525660 0.837281
vt 0.525855 0.841831
vt 0.515364 0.724209
vt 0.523286 0.836050
vt 0.522951 0.839961
vt 0.525821 0.829050
vt 0.522021 0.828596
vt 0.512109 0.730174
vt 0.519483 0.835711
vt 0.524072 0.725646
vt 0.522508 0.727568
vt 0.522050 0.723576
vt 0.520375 0.724983
vt 0.534494 0.740778
vt 0.537178 0.740543
vt 0.534375 0.734322
vt 0.532400 0.736021
vt 0.537190 0.825900
vt 0.540609 0.828843
vt 0.541869 0.820887
vt 0.537803 0.821939
vt 0.520604 0.748514
vt 0.528071 0.748731
vt 0.529452 0.747639
vt 0.522636 0.745970
vt 0.529656 0.817044
vt 0.528365 0.819893
vt 0.531543 0.820229
vt 0.532911 0.816974
vt 0.531791 0.746133
vt 0.528118 0.743826
vt 0.521287 0.740643
vt 0.526480 0.738401
vt 0.530148 0.734137
vt 0.529278 0.737074
vt 0.533798 0.826236
vt 0.535822 0.830705
vt 0.534439 0.820687
vt 0.536890 0.817393
vt 0.531345 0.742823
vt 0.534347 0.744234
vt 0.530001 0.737861
vt 0.531242 0.741267
vt 0.533697 0.740053
vt 0.532404 0.737098
vt 0.527704 0.738711
vt 0.529012 0.742295
vt 0.527522 0.734577
vt 0.530924 0.825868
vt 0.532507 0.830500
vt 0.524243 0.735384
vt 0.527792 0.825189
vt 0.528473 0.829290
vt 0.527835 0.816541
vt 0.523949 0.817121
vt 0.517605 0.739833
vt 0.522431 0.826662
vt 0.533886 0.740078
vt 0.531388 0.741365
vt 0.532509 0.736945
vt 0.530026 0.737682
vt 0.537378 0.781715
vt 0.534081 0.779421
vt 0.531865 0.781131
vt 0.533612 0.784653
vt 0.500489 0.748573
vt 0.499388 0.740405
vt 0.485030 0.743435
vt 0.485610 0.751658
vt 0.452974 0.725418
vt 0.447996 0.715756
vt 0.462302 0.719712
vt 0.456772 0.710054
vt 0.461347 0.782683
vt 0.469671 0.793233
vt 0.483912 0.786049
vt 0.477461 0.775475
vt 0.494694 0.773680
vt 0.496942 0.782808
vt 0.461861 0.826846
vt 0.448754 0.828050
vt 0.455249 0.830447
vt 0.463167 0.832474
vt 0.494232 0.827684
vt 0.478895 0.824453
vt 0.479204 0.832972
vt 0.494385 0.835980
vt 0.471048 0.712632
vt 0.466513 0.703101
vt 0.478262 0.720326
vt 0.470889 0.727203
vt 0.486437 0.734320
vt 0.490219 0.727401
vt 0.497675 0.733424
vt 0.496872 0.726180
vt 0.493888 0.822563
vt 0.460757 0.733784
vt 0.468463 0.740529
vt 0.492233 0.844960
vt 0.501474 0.843505
vt 0.503599 0.836899
vt 0.476986 0.840982
vt 0.452294 0.839871
vt 0.464504 0.840800
vt 0.465632 0.835000
vt 0.455475 0.834975
vt 0.515826 0.784771
vt 0.507678 0.783755
vt 0.509914 0.792118
vt 0.517307 0.790835
vt 0.533186 0.791698
vt 0.538848 0.788806
vt 0.531431 0.788903
vt 0.519975 0.789619
vt 0.519385 0.784477
vt 0.525974 0.774713
vt 0.525628 0.777804
vt 0.529052 0.779089
vt 0.530011 0.776830
vt 0.533647 0.769419
vt 0.526198 0.770196
vt 0.532097 0.773459
vt 0.537060 0.773091
vt 0.527688 0.798774
vt 0.533318 0.801830
vt 0.537636 0.798583
vt 0.531380 0.796841
vt 0.522786 0.789139
vt 0.524375 0.794773
vt 0.528635 0.793826
vt 0.527305 0.789550
vt 0.523006 0.783919
vt 0.527615 0.783861
vt 0.522619 0.777765
vt 0.527846 0.779883
vt 0.531335 0.779664
vt 0.532680 0.778804
vt 0.534785 0.776988
vt 0.538631 0.777097
vt 0.539534 0.794246
vt 0.534358 0.794192
vt 0.520157 0.770969
vt 0.519135 0.775501
vt 0.524116 0.773279
vt 0.501164 0.793508
vt 0.504145 0.729981
vt 0.501562 0.725473
vt 0.529029 0.779508
vt 0.528173 0.773122
vt 0.531809 0.775094
vt 0.531655 0.780332
vt 0.533251 0.779192
vt 0.533616 0.777425
vt 0.531524 0.775304
vt 0.532971 0.777425
vt 0.464678 0.826084
vt 0.515724 0.774937
vt 0.506914 0.773774
vt 0.536952 0.761478
vt 0.539578 0.762913
vt 0.540572 0.755587
vt 0.537675 0.755913
vt 0.539415 0.810982
vt 0.543791 0.813284
vt 0.543413 0.804580
vt 0.539204 0.806714
vt 0.528104 0.765779
vt 0.519409 0.765305
vt 0.522185 0.768035
vt 0.530504 0.767244
vt 0.517174 0.770294
vt 0.524637 0.800475
vt 0.521805 0.801910
vt 0.526865 0.804032
vt 0.529691 0.803323
vt 0.519445 0.796208
vt 0.521635 0.795725
vt 0.519585 0.761421
vt 0.529453 0.765154
vt 0.523040 0.759794
vt 0.528957 0.803596
vt 0.528732 0.807088
vt 0.532214 0.806518
vt 0.532876 0.802531
vt 0.531882 0.764899
vt 0.529428 0.760534
vt 0.523853 0.753810
vt 0.530454 0.754496
vt 0.536732 0.752782
vt 0.534037 0.754960
vt 0.535861 0.812155
vt 0.538922 0.816292
vt 0.535375 0.806236
vt 0.537306 0.802026
vt 0.532940 0.761440
vt 0.534974 0.764599
vt 0.534293 0.756112
vt 0.533663 0.759962
vt 0.536610 0.760337
vt 0.537048 0.756886
vt 0.531546 0.755516
vt 0.531024 0.759605
vt 0.533888 0.751521
vt 0.532721 0.812529
vt 0.535357 0.817004
vt 0.485010 0.757589
vt 0.482284 0.765460
vt 0.497401 0.765788
vt 0.500645 0.756786
vt 0.508836 0.765220
vt 0.530049 0.750034
vt 0.529205 0.812648
vt 0.530438 0.816909
vt 0.511539 0.797137
vt 0.502451 0.797688
vt 0.523330 0.806182
vt 0.513312 0.802642
vt 0.524169 0.814606
vt 0.520323 0.751427
vt 0.536775 0.760480
vt 0.533751 0.760145
vt 0.537246 0.756810
vt 0.534425 0.755959
vt 0.513111 0.753346
vt 0.506374 0.812670
vt 0.516389 0.813299
vt 0.503821 0.802368
vt 0.505251 0.831178
vt 0.509901 0.838786
vt 0.507680 0.843673
vt 0.513311 0.833984
vt 0.508121 0.735355
vt 0.506137 0.823571
vt 0.515647 0.826401
vt 0.511884 0.743131
vt 0.461883 0.768798
vt 0.450960 0.774346
vt 0.468968 0.763033
vt 0.453210 0.765382
vt 0.456537 0.760423
vt 0.479434 0.751961
vt 0.472993 0.755040
vt 0.477536 0.744362
vt 0.460320 0.742356
vt 0.459510 0.752622
vt 0.488104 0.797553
vt 0.489140 0.800791
vt 0.459264 0.814454
vt 0.447731 0.816473
vt 0.446458 0.823537
vt 0.460104 0.820767
vt 0.477179 0.815567
vt 0.493049 0.814464
vt 0.490297 0.804370
vt 0.475746 0.809031
vt 0.447697 0.811112
vt 0.459208 0.804470
vt 0.456548 0.798823
vt 0.443939 0.808123
vt 0.473634 0.800509
vt 0.450156 0.813594
vt 0.458098 0.807732
vt 0.442853 0.816555
vt 0.441535 0.824589
vt 0.444885 0.831623
vt 0.463372 0.819234
vt 0.462121 0.813431
vt 0.437729 0.815049
vt 0.435261 0.825612
vt 0.439825 0.834838
vt 0.433647 0.792176
vt 0.426724 0.798790
vt 0.443829 0.708087
vt 0.439002 0.701148
vt 0.451624 0.699385
vt 0.447071 0.692734
vt 0.456445 0.685108
vt 0.450102 0.677659
vt 0.441154 0.685839
vt 0.461338 0.692767
vt 0.442665 0.782017
vt 0.450704 0.789978
vt 0.438166 0.801276
vt 0.431845 0.807331
vt 0.433750 0.695769
vt 0.292622 0.348274
vt 0.274954 0.351555
vt 0.131699 0.346256
vt 0.147661 0.350171
vt 0.262599 0.368589
vt 0.130583 0.165921
vt 0.124426 0.168673
vt 0.132300 0.335914
vt 0.147367 0.338350
vt 0.680875 0.573329
vt 0.681333 0.573317
vt 0.683539 0.586312
vt 0.682689 0.586464
vt 0.681564 0.580595
vt 0.680949 0.580378
vt 0.735467 0.591798
vt 0.735315 0.591061
vt 0.740921 0.590451
vt 0.740985 0.590080
vt 0.817844 0.804062
vt 0.818570 0.810820
vt 0.828393 0.809015
vt 0.828470 0.803906
vt 0.821214 0.817887
vt 0.828746 0.815126
vt 0.825171 0.823793
vt 0.829578 0.821103
vt 0.829027 0.827779
vt 0.831046 0.827936
vt 0.824701 0.842633
vt 0.822974 0.760523
vt 0.839545 0.847925
vt 0.838116 0.843088
vt 0.825802 0.837040
vt 0.835940 0.837736
vt 0.827446 0.831692
vt 0.832877 0.832098
vt 0.840280 0.808430
vt 0.840226 0.803736
vt 0.840545 0.814110
vt 0.841546 0.819526
vt 0.843795 0.825516
vt 0.856046 0.843673
vt 0.852906 0.839547
vt 0.849162 0.834592
vt 0.845706 0.829341
vt 0.857049 0.815044
vt 0.857628 0.819268
vt 0.860282 0.814773
vt 0.859804 0.821147
vt 0.861870 0.817638
vt 0.865385 0.807536
vt 0.869174 0.813890
vt 0.872189 0.812486
vt 0.867113 0.803356
vt 0.863361 0.811113
vt 0.865982 0.815550
vt 0.857175 0.803495
vt 0.857405 0.806926
vt 0.857231 0.811155
vt 0.867903 0.824893
vt 0.872403 0.826467
vt 0.863608 0.823289
vt 0.815092 0.804103
vt 0.773231 0.544446
vt 0.769568 0.544833
vt 0.815869 0.810811
vt 0.765598 0.545061
vt 0.818829 0.817885
vt 0.762151 0.545246
vt 0.823245 0.823660
vt 0.759943 0.545752
vt 0.827933 0.827881
vt 0.761440 0.546967
vt 0.825836 0.832019
vt 0.769106 0.547519
vt 0.821971 0.842566
vt 0.823537 0.837105
vt 0.765095 0.547685
vt 0.772522 0.547334
vt 0.772497 0.547195
vt 0.765148 0.547536
vt 0.761559 0.546852
vt 0.820141 0.760716
vt 0.769090 0.547378
vt 0.760009 0.545796
vt 0.762259 0.545395
vt 0.765611 0.545213
vt 0.769581 0.544977
vt 0.773246 0.544586
vt 0.255034 0.367862
vt 0.158638 0.367017
vt 0.151949 0.370819
vt 0.245552 0.364167
vt 0.239187 0.362056
vt 0.799069 0.605594
vt 0.799091 0.601446
vt 0.805863 0.598686
vt 0.806074 0.601876
vt 0.792620 0.600736
vt 0.792263 0.605386
vt 0.787554 0.601943
vt 0.788204 0.597632
vt 0.783734 0.597400
vt 0.785645 0.593202
vt 0.784698 0.588646
vt 0.782981 0.589074
vt 0.811034 0.596560
vt 0.810210 0.594592
vt 0.812609 0.591007
vt 0.815408 0.589432
vt 0.811010 0.583755
vt 0.813299 0.583056
vt 0.812726 0.590167
vt 0.807418 0.578943
vt 0.809545 0.576612
vt 0.803087 0.573112
vt 0.802128 0.576354
vt 0.797567 0.575794
vt 0.797193 0.572399
vt 0.791261 0.578596
vt 0.790698 0.575090
vt 0.787148 0.582878
vt 0.785539 0.580389
vt 0.784751 0.587165
vt 0.783319 0.586392
vt 0.800201 0.609199
vt 0.792344 0.609830
vt 0.786612 0.606328
vt 0.782700 0.600248
vt 0.780738 0.589670
vt 0.781150 0.584270
vt 0.784580 0.577297
vt 0.790183 0.571850
vt 0.795903 0.568709
vt 0.802478 0.568335
vt 0.810382 0.571368
vt 0.815935 0.580950
vt 0.808418 0.603841
vt 0.813027 0.597841
vt 0.816505 0.589204
vt 0.813472 0.599017
vt 0.808372 0.605555
vt 0.799638 0.611251
vt 0.791733 0.611709
vt 0.785575 0.608019
vt 0.780869 0.601618
vt 0.777100 0.602611
vt 0.776477 0.590540
vt 0.776187 0.583528
vt 0.776461 0.576504
vt 0.780682 0.575713
vt 0.779763 0.613114
vt 0.789130 0.616224
vt 0.783033 0.633676
vt 0.794086 0.632130
vt 0.799879 0.615721
vt 0.805811 0.627590
vt 0.810436 0.609822
vt 0.818100 0.601058
vt 0.822799 0.588251
vt 0.820393 0.574954
vt 0.784259 0.570988
vt 0.788617 0.566518
vt 0.794211 0.563199
vt 0.801248 0.560712
vt 0.812479 0.558185
vt 0.776315 0.571321
vt 0.779627 0.571358
vt 0.784205 0.564932
vt 0.782776 0.569667
vt 0.782614 0.567991
vt 0.783439 0.564663
vt 0.775505 0.567642
vt 0.780868 0.564411
vt 0.777726 0.566683
vt 0.774644 0.564832
vt 0.774838 0.558920
vt 0.774469 0.560717
vt 0.781630 0.560864
vt 0.781878 0.560380
vt 0.775992 0.552473
vt 0.775402 0.554939
vt 0.776753 0.559180
vt 0.783496 0.557206
vt 0.777692 0.555058
vt 0.783999 0.551611
vt 0.787151 0.553649
vt 0.790992 0.549517
vt 0.787489 0.548359
vt 0.790166 0.543840
vt 0.795197 0.542156
vt 0.778841 0.527631
vt 0.778417 0.536107
vt 0.783308 0.536846
vt 0.787123 0.529813
vt 0.787616 0.540197
vt 0.792475 0.535155
vt 0.791008 0.557357
vt 0.786373 0.561194
vt 0.796474 0.552572
vt 0.805091 0.542919
vt 0.780462 0.521723
vt 0.790703 0.524315
vt 0.799415 0.530456
vt 0.819205 0.534689
vt 0.824883 0.553166
vt 0.809911 0.521345
vt 0.784395 0.512362
vt 0.797904 0.514422
vt 0.829032 0.571968
vt 0.831582 0.588248
vt 0.829113 0.603122
vt 0.818836 0.616982
vt 0.788398 0.658726
vt 0.802633 0.654868
vt 0.817938 0.642204
vt 0.832515 0.625525
vt 0.844563 0.604786
vt 0.844382 0.587958
vt 0.816771 0.704698
vt 0.794520 0.677875
vt 0.826736 0.674311
vt 0.843215 0.654813
vt 0.857114 0.630002
vt 0.866207 0.608873
vt 0.871822 0.585662
vt 0.858685 0.586918
vt 0.789612 0.499984
vt 0.809159 0.503791
vt 0.823946 0.512561
vt 0.835130 0.527895
vt 0.836210 0.551175
vt 0.838278 0.571463
vt 0.800872 0.473344
vt 0.801918 0.481266
vt 0.836504 0.471949
vt 0.840825 0.481563
vt 0.860947 0.466951
vt 0.867088 0.480017
vt 0.796040 0.487911
vt 0.824296 0.494550
vt 0.855580 0.492269
vt 0.877819 0.489807
vt 0.843628 0.508631
vt 0.853400 0.522682
vt 0.885247 0.528908
vt 0.875849 0.546097
vt 0.859868 0.532615
vt 0.898640 0.558980
vt 0.901804 0.583445
vt 0.880682 0.568886
vt 0.899377 0.609004
vt 0.892607 0.631248
vt 0.882222 0.655976
vt 0.863894 0.682017
vt 0.862459 0.705771
vt 0.891676 0.500274
vt 0.871079 0.504143
vt 0.910689 0.526076
vt 0.872802 0.460905
vt 0.879387 0.474732
vt 0.888883 0.482488
vt 0.904867 0.492845
vt 0.933132 0.515814
vt 0.953915 0.545068
vt 0.923885 0.554073
vt 0.965358 0.580686
vt 0.928545 0.582158
vt 0.961468 0.617801
vt 0.928376 0.610544
vt 0.950073 0.647075
vt 0.922405 0.634376
vt 0.931792 0.671936
vt 0.912928 0.656236
vt 0.901645 0.693646
vt 0.896824 0.679605
vt 0.775282 0.563253
vt 0.778423 0.563366
vt 0.778863 0.561037
vt 0.776634 0.559815
vt 0.777578 0.561553
vt 0.799284 0.600586
vt 0.805512 0.598011
vt 0.793231 0.600009
vt 0.789112 0.597201
vt 0.786680 0.593130
vt 0.785828 0.588700
vt 0.809544 0.594206
vt 0.810280 0.584039
vt 0.806980 0.579644
vt 0.802131 0.577183
vt 0.797839 0.576589
vt 0.791927 0.579202
vt 0.788080 0.583067
vt 0.785878 0.587247
vt 0.800765 0.592342
vt 0.803841 0.591552
vt 0.797774 0.592712
vt 0.795615 0.591656
vt 0.794198 0.590144
vt 0.793709 0.588614
vt 0.805579 0.590425
vt 0.805902 0.587612
vt 0.804083 0.586155
vt 0.801777 0.584933
vt 0.799711 0.584471
vt 0.796668 0.585410
vt 0.794485 0.586708
vt 0.793523 0.588108
vt 0.777759 0.551576
vt 0.777805 0.551714
vt 0.781686 0.548795
vt 0.781788 0.548907
vt 0.784796 0.546963
vt 0.784949 0.547031
vt 0.786988 0.545243
vt 0.787273 0.545242
vt 0.784824 0.543002
vt 0.784949 0.542918
vt 0.777228 0.540296
vt 0.777205 0.540434
vt 0.780999 0.540741
vt 0.780939 0.540865
vt 0.776905 0.542475
vt 0.780693 0.542505
vt 0.784469 0.543712
vt 0.786611 0.545396
vt 0.784256 0.546690
vt 0.780790 0.547749
vt 0.776616 0.548981
vt 0.846436 0.573096
vt 0.857326 0.586346
vt 0.842865 0.554226
vt 0.847713 0.535886
vt 0.848633 0.557619
vt 0.848799 0.553524
vt 0.850736 0.552763
vt 0.850230 0.557850
vt 0.873691 0.548032
vt 0.860796 0.537627
vt 0.849785 0.566010
vt 0.851032 0.564023
vt 0.878745 0.569169
vt 0.870323 0.581656
vt 0.851358 0.570927
vt 0.852624 0.570387
vt 0.851857 0.557962
vt 0.852617 0.563188
vt 0.854623 0.568449
vt 0.870062 0.575294
vt 0.873911 0.565881
vt 0.871345 0.552378
vt 0.864202 0.544420
vt 0.852574 0.554015
vt 0.854998 0.558594
vt 0.855429 0.562120
vt 0.855472 0.565302
vt 0.869354 0.568893
vt 0.869323 0.563428
vt 0.868591 0.557446
vt 0.866612 0.551287
vt 0.854140 0.556129
vt 0.848089 0.545785
vt 0.846031 0.557242
vt 0.848439 0.569712
vt 0.851657 0.545340
vt 0.853830 0.577853
vt 0.857074 0.577731
vt 0.857450 0.580316
vt 0.859634 0.574986
vt 0.860606 0.577102
vt 0.860298 0.568243
vt 0.861466 0.569485
vt 0.851240 0.543807
vt 0.854898 0.546575
vt 0.854672 0.547799
vt 0.858137 0.551830
vt 0.857631 0.552935
vt 0.859878 0.557502
vt 0.859278 0.558115
vt 0.861082 0.563051
vt 0.859959 0.563206
vt 0.848120 0.537027
vt 0.855358 0.537671
vt 0.854363 0.538049
vt 0.858353 0.542753
vt 0.857670 0.542894
vt 0.863636 0.557141
vt 0.863097 0.557074
vt 0.861251 0.549933
vt 0.861879 0.549988
vt 0.864442 0.563836
vt 0.863976 0.563771
vt 0.865680 0.570885
vt 0.865222 0.570885
vt 0.863308 0.583915
vt 0.864164 0.584046
vt 0.865151 0.578166
vt 0.865761 0.577934
vt 0.811585 0.590781
vt 0.811722 0.590030
vt 0.806390 0.589639
vt 0.806444 0.589254
vt 0.717401 0.301441
vt 0.717081 0.289346
vt 0.730506 0.286920
vt 0.730603 0.295611
vt 0.717403 0.279940
vt 0.730503 0.277953
vt 0.730830 0.306097
vt 0.728931 0.361124
vt 0.728013 0.369538
vt 0.715429 0.365141
vt 0.716217 0.355231
vt 0.738271 0.277383
vt 0.738728 0.285004
vt 0.739354 0.294257
vt 0.717655 0.313997
vt 0.730918 0.312612
vt 0.736090 0.361800
vt 0.735574 0.371841
vt 0.745446 0.276424
vt 0.747222 0.285070
vt 0.748129 0.292783
vt 0.739519 0.306687
vt 0.729073 0.353726
vt 0.742720 0.373022
vt 0.744250 0.361973
vt 0.753703 0.275389
vt 0.755345 0.284904
vt 0.717541 0.321886
vt 0.730924 0.320700
vt 0.755880 0.291039
vt 0.736446 0.354067
vt 0.738555 0.312978
vt 0.748346 0.305716
vt 0.750903 0.373538
vt 0.751428 0.362562
vt 0.729764 0.344590
vt 0.717628 0.345496
vt 0.762080 0.284362
vt 0.763168 0.290028
vt 0.755646 0.304841
vt 0.760873 0.274528
vt 0.745206 0.354979
vt 0.737769 0.320823
vt 0.737202 0.343780
vt 0.757921 0.373986
vt 0.759105 0.363624
vt 0.717849 0.336642
vt 0.730020 0.336097
vt 0.768511 0.284006
vt 0.772891 0.289150
vt 0.763271 0.303982
vt 0.747247 0.319121
vt 0.743847 0.319863
vt 0.751925 0.318605
vt 0.768214 0.274158
vt 0.752420 0.355927
vt 0.746467 0.344454
vt 0.765087 0.374263
vt 0.764577 0.364281
vt 0.773063 0.302715
vt 0.757038 0.318651
vt 0.736278 0.335588
vt 0.777036 0.274957
vt 0.759895 0.357566
vt 0.742894 0.331598
vt 0.773770 0.374426
vt 0.771351 0.359256
vt 0.787219 0.288500
vt 0.789084 0.276732
vt 0.763817 0.318050
vt 0.753460 0.345225
vt 0.746272 0.331996
vt 0.786288 0.302414
vt 0.750532 0.332490
vt 0.772838 0.317202
vt 0.760976 0.345845
vt 0.755417 0.332665
vt 0.803159 0.291336
vt 0.804846 0.280372
vt 0.802629 0.303835
vt 0.772355 0.345642
vt 0.786725 0.316520
vt 0.786280 0.358753
vt 0.785653 0.374014
vt 0.762701 0.332732
vt 0.772908 0.332667
vt 0.802700 0.316617
vt 0.786884 0.344173
vt 0.801565 0.357800
vt 0.801669 0.372193
vt 0.819611 0.294528
vt 0.819281 0.305709
vt 0.820616 0.284270
vt 0.787250 0.331853
vt 0.819087 0.317416
vt 0.801777 0.342815
vt 0.817295 0.356638
vt 0.817632 0.368602
vt 0.802493 0.331070
vt 0.834602 0.297001
vt 0.835331 0.307534
vt 0.834758 0.287230
vt 0.831778 0.365794
vt 0.832152 0.354935
vt 0.835764 0.318313
vt 0.817931 0.342260
vt 0.846733 0.298344
vt 0.848519 0.308305
vt 0.818715 0.331048
vt 0.846015 0.288921
vt 0.842957 0.364573
vt 0.844240 0.353795
vt 0.834346 0.341806
vt 0.849620 0.319287
vt 0.856891 0.298581
vt 0.860609 0.308163
vt 0.854727 0.289425
vt 0.835860 0.330931
vt 0.851668 0.364371
vt 0.854131 0.353706
vt 0.863560 0.297988
vt 0.867148 0.307517
vt 0.860454 0.289107
vt 0.862897 0.320001
vt 0.846812 0.342060
vt 0.868370 0.297018
vt 0.871881 0.306672
vt 0.864561 0.288224
vt 0.857463 0.364640
vt 0.860966 0.354270
vt 0.849152 0.331050
vt 0.871102 0.295258
vt 0.866728 0.286914
vt 0.869343 0.320350
vt 0.876074 0.305735
vt 0.858644 0.342184
vt 0.869005 0.286341
vt 0.873484 0.293672
vt 0.880656 0.304352
vt 0.872259 0.283425
vt 0.878602 0.289108
vt 0.865839 0.355326
vt 0.861449 0.365897
vt 0.883518 0.294891
vt 0.862623 0.331347
vt 0.873957 0.320611
vt 0.863774 0.367034
vt 0.868142 0.365184
vt 0.864694 0.369400
vt 0.883718 0.284880
vt 0.888793 0.289866
vt 0.877976 0.277990
vt 0.868882 0.356159
vt 0.872664 0.368406
vt 0.867396 0.373847
vt 0.865391 0.342756
vt 0.877838 0.320412
vt 0.872081 0.356829
vt 0.889149 0.279818
vt 0.882955 0.273368
vt 0.894293 0.284456
vt 0.887859 0.299050
vt 0.894287 0.294630
vt 0.878959 0.372141
vt 0.873708 0.379361
vt 0.869091 0.331633
vt 0.881036 0.319855
vt 0.890491 0.302462
vt 0.870229 0.343446
vt 0.877709 0.360439
vt 0.892386 0.276216
vt 0.885846 0.270625
vt 0.887640 0.314488
vt 0.894090 0.307370
vt 0.899232 0.280437
vt 0.901368 0.289108
vt 0.886678 0.319501
vt 0.873244 0.331916
vt 0.897236 0.297643
vt 0.885487 0.376691
vt 0.879046 0.383820
vt 0.873590 0.344074
vt 0.885719 0.364938
vt 0.895717 0.311071
vt 0.901810 0.304205
vt 0.876964 0.344812
vt 0.882335 0.386346
vt 0.891247 0.381996
vt 0.876640 0.332254
vt 0.903649 0.309741
vt 0.890385 0.264960
vt 0.899027 0.267651
vt 0.895502 0.314803
vt 0.880624 0.327384
vt 0.908007 0.269378
vt 0.903436 0.314663
vt 0.895049 0.319617
vt 0.905265 0.293168
vt 0.906943 0.285166
vt 0.879897 0.332997
vt 0.886285 0.326903
vt 0.893516 0.370050
vt 0.882740 0.351537
vt 0.890380 0.389626
vt 0.885779 0.392302
vt 0.910821 0.301487
vt 0.902868 0.319686
vt 0.913435 0.308315
vt 0.892462 0.262330
vt 0.901750 0.263179
vt 0.895090 0.326588
vt 0.911138 0.314288
vt 0.891234 0.356429
vt 0.891756 0.392604
vt 0.887372 0.395054
vt 0.885905 0.331642
vt 0.911382 0.290530
vt 0.909455 0.320062
vt 0.897757 0.260499
vt 0.893979 0.259763
vt 0.902174 0.326956
vt 0.901932 0.376641
vt 0.907607 0.263214
vt 0.915408 0.272553
vt 0.886091 0.336076
vt 0.916369 0.299208
vt 0.892782 0.395731
vt 0.888410 0.397668
vt 0.902390 0.260503
vt 0.896041 0.388165
vt 0.886355 0.342167
vt 0.894628 0.256604
vt 0.898573 0.257054
vt 0.897600 0.390946
vt 0.917399 0.310209
vt 0.914885 0.314925
vt 0.902047 0.257194
vt 0.919783 0.302327
vt 0.895749 0.331824
vt 0.906813 0.260256
vt 0.899641 0.361373
vt 0.892727 0.400382
vt 0.889000 0.400791
vt 0.908389 0.327392
vt 0.912413 0.320519
vt 0.921975 0.304601
vt 0.898366 0.394268
vt 0.916873 0.315390
vt 0.919058 0.310569
vt 0.895974 0.338590
vt 0.901577 0.386641
vt 0.895429 0.252221
vt 0.898462 0.252434
vt 0.901327 0.252391
vt 0.904960 0.257438
vt 0.902794 0.332527
vt 0.923696 0.279457
vt 0.923273 0.305754
vt 0.918978 0.316101
vt 0.921577 0.311724
vt 0.888860 0.405085
vt 0.892582 0.404963
vt 0.914993 0.320852
vt 0.894958 0.346393
vt 0.908189 0.260508
vt 0.925438 0.307906
vt 0.913809 0.264166
vt 0.920696 0.297788
vt 0.927370 0.299771
vt 0.901914 0.390062
vt 0.897849 0.399931
vt 0.911383 0.327149
vt 0.923366 0.292869
vt 0.898355 0.250539
vt 0.895146 0.250442
vt 0.904137 0.252356
vt 0.910253 0.260351
vt 0.917133 0.321135
vt 0.901120 0.250429
vt 0.908122 0.257219
vt 0.907831 0.257247
vt 0.906847 0.256652
vt 0.919731 0.266855
vt 0.903710 0.394860
vt 0.915186 0.262117
vt 0.888468 0.406878
vt 0.892252 0.407028
vt 0.894902 0.248772
vt 0.898227 0.248761
vt 0.900946 0.248678
vt 0.926677 0.320114
vt 0.929074 0.316864
vt 0.906807 0.251743
vt 0.908496 0.257990
vt 0.896787 0.405228
vt 0.909214 0.367225
vt 0.909769 0.333775
vt 0.913947 0.326949
vt 0.903446 0.340548
vt 0.927854 0.301095
vt 0.932489 0.313433
vt 0.905738 0.400898
vt 0.905568 0.401303
vt 0.904901 0.394364
vt 0.903858 0.250265
vt 0.903360 0.390019
vt 0.894766 0.245035
vt 0.897791 0.244992
vt 0.925343 0.323709
vt 0.902153 0.400762
vt 0.891867 0.408888
vt 0.888136 0.408569
vt 0.928634 0.302551
vt 0.906050 0.403831
vt 0.900563 0.244720
vt 0.903636 0.248383
vt 0.916277 0.326728
vt 0.905985 0.389799
vt 0.907367 0.393450
vt 0.906186 0.401410
vt 0.930084 0.305048
vt 0.887580 0.412113
vt 0.891477 0.412426
vt 0.928523 0.284359
vt 0.904178 0.407337
vt 0.900762 0.405869
vt 0.907001 0.249658
vt 0.913762 0.255212
vt 0.911282 0.253605
vt 0.903337 0.244501
vt 0.927643 0.295208
vt 0.896336 0.407383
vt 0.908852 0.383157
vt 0.902928 0.350361
vt 0.897552 0.240685
vt 0.894576 0.241231
vt 0.917001 0.256245
vt 0.900155 0.240473
vt 0.912225 0.332760
vt 0.911563 0.386215
vt 0.929627 0.317896
vt 0.927598 0.321017
vt 0.920100 0.263196
vt 0.906906 0.247835
vt 0.925233 0.328351
vt 0.930655 0.317890
vt 0.928877 0.321157
vt 0.895943 0.409341
vt 0.887602 0.415733
vt 0.891121 0.415921
vt 0.903672 0.409251
vt 0.900245 0.408122
vt 0.936621 0.310896
vt 0.910986 0.342084
vt 0.933228 0.314019
vt 0.927112 0.324027
vt 0.914715 0.332114
vt 0.933955 0.314536
vt 0.933295 0.323279
vt 0.934779 0.320417
vt 0.928616 0.324678
vt 0.895245 0.412948
vt 0.914320 0.399941
vt 0.910734 0.405217
vt 0.906316 0.243985
vt 0.937860 0.318101
vt 0.924796 0.270494
vt 0.893721 0.239877
vt 0.934045 0.300558
vt 0.934385 0.299532
vt 0.902745 0.240179
vt 0.897155 0.239432
vt 0.893705 0.238121
vt 0.900045 0.239284
vt 0.934098 0.301581
vt 0.916927 0.331643
vt 0.912481 0.377942
vt 0.920171 0.257059
vt 0.903416 0.411096
vt 0.899887 0.410121
vt 0.913489 0.388931
vt 0.887871 0.417191
vt 0.890773 0.417754
vt 0.932971 0.327034
vt 0.934798 0.302961
vt 0.914134 0.336724
vt 0.915242 0.336138
vt 0.915519 0.249465
vt 0.912522 0.248054
vt 0.896475 0.234299
vt 0.899531 0.234083
vt 0.938372 0.323238
vt 0.936796 0.325745
vt 0.905758 0.240126
vt 0.893458 0.233899
vt 0.902904 0.238863
vt 0.902669 0.414787
vt 0.898942 0.413712
vt 0.934233 0.296576
vt 0.921732 0.264193
vt 0.894572 0.416486
vt 0.887677 0.418960
vt 0.890825 0.419531
vt 0.932264 0.287444
vt 0.927017 0.328828
vt 0.918597 0.250513
vt 0.941133 0.321895
vt 0.916777 0.335951
vt 0.925415 0.333035
vt 0.915750 0.340146
vt 0.923227 0.264932
vt 0.937869 0.311234
vt 0.928992 0.329282
vt 0.927060 0.268302
vt 0.918478 0.396819
vt 0.911092 0.354951
vt 0.918620 0.335714
vt 0.938081 0.312105
vt 0.902520 0.233503
vt 0.914757 0.408078
vt 0.918045 0.404800
vt 0.936354 0.327632
vt 0.887419 0.422989
vt 0.890513 0.423092
vt 0.915050 0.382388
vt 0.901328 0.418283
vt 0.897989 0.417185
vt 0.894256 0.418215
vt 0.906339 0.238591
vt 0.906015 0.236821
vt 0.941201 0.316202
vt 0.939613 0.308890
vt 0.896608 0.230433
vt 0.894153 0.229329
vt 0.928758 0.274638
vt 0.899124 0.230124
vt 0.933225 0.330396
vt 0.941224 0.326135
vt 0.940142 0.327481
vt 0.918857 0.384991
vt 0.893928 0.419961
vt 0.932284 0.279436
vt 0.921681 0.251424
vt 0.926226 0.336519
vt 0.916231 0.380652
vt 0.916070 0.247063
vt 0.912731 0.245711
vt 0.942990 0.325918
vt 0.919583 0.383579
vt 0.925417 0.388936
vt 0.925425 0.389259
vt 0.933850 0.327837
vt 0.936471 0.328137
vt 0.900539 0.419598
vt 0.897633 0.419091
vt 0.905400 0.232506
vt 0.887821 0.427014
vt 0.890244 0.426756
vt 0.939801 0.328234
vt 0.933669 0.330454
vt 0.917924 0.379082
vt 0.919306 0.248135
vt 0.944006 0.320060
vt 0.936181 0.289977
vt 0.927259 0.333478
vt 0.940599 0.309344
vt 0.916901 0.371335
vt 0.916216 0.409886
vt 0.919577 0.406982
vt 0.913088 0.244155
vt 0.916820 0.245414
vt 0.893334 0.423082
vt 0.900078 0.421359
vt 0.896943 0.420746
vt 0.921982 0.380977
vt 0.928158 0.261166
vt 0.930866 0.263246
vt 0.919818 0.246446
vt 0.931072 0.270886
vt 0.922881 0.257361
vt 0.924907 0.251977
vt 0.922702 0.394255
vt 0.928665 0.392736
vt 0.925613 0.388686
vt 0.901659 0.229738
vt 0.939290 0.328722
vt 0.941121 0.310224
vt 0.937122 0.330722
vt 0.928453 0.333791
vt 0.897600 0.227358
vt 0.896493 0.225589
vt 0.922567 0.249094
vt 0.920963 0.373363
vt 0.898811 0.227089
vt 0.891259 0.423833
vt 0.893165 0.423992
vt 0.890585 0.426805
vt 0.921883 0.401980
vt 0.944653 0.314821
vt 0.898850 0.425275
vt 0.895923 0.424213
vt 0.927253 0.336319
vt 0.918714 0.350510
vt 0.922209 0.343973
vt 0.914757 0.238983
vt 0.918214 0.240339
vt 0.933911 0.333524
vt 0.943328 0.328961
vt 0.920557 0.408513
vt 0.917085 0.411281
vt 0.940662 0.330028
vt 0.903772 0.228098
vt 0.921394 0.241288
vt 0.934622 0.332920
vt 0.941599 0.329718
vt 0.945441 0.324705
vt 0.917874 0.364394
vt 0.889887 0.430230
vt 0.890804 0.429259
vt 0.922868 0.247291
vt 0.931895 0.272190
vt 0.947034 0.320341
vt 0.892597 0.427146
vt 0.928456 0.336969
vt 0.894985 0.424579
vt 0.932817 0.273041
vt 0.934970 0.278303
vt 0.937594 0.333376
vt 0.934628 0.283991
vt 0.900021 0.227021
vt 0.933941 0.337462
vt 0.930805 0.389751
vt 0.931380 0.383461
vt 0.891120 0.429040
vt 0.930159 0.397526
vt 0.925884 0.399429
vt 0.894634 0.427680
vt 0.924557 0.242285
vt 0.926071 0.249866
vt 0.933593 0.265256
vt 0.946712 0.325230
vt 0.894932 0.427768
vt 0.897039 0.428990
vt 0.892196 0.429265
vt 0.938982 0.336301
vt 0.937654 0.333705
vt 0.923510 0.412642
vt 0.920069 0.415358
vt 0.898522 0.224820
vt 0.924149 0.374848
vt 0.923337 0.404140
vt 0.900631 0.225038
vt 0.940354 0.332077
vt 0.932199 0.255941
vt 0.926455 0.258849
vt 0.929837 0.253526
vt 0.920253 0.235318
vt 0.916775 0.234067
vt 0.941365 0.332574
vt 0.891808 0.431224
vt 0.892087 0.429936
vt 0.942362 0.333535
vt 0.922937 0.236270
vt 0.922716 0.367033
vt 0.934846 0.257945
vt 0.926654 0.248354
vt 0.893218 0.429541
vt 0.918484 0.358048
vt 0.937367 0.287603
vt 0.893939 0.431155
vt 0.893442 0.429909
vt 0.924367 0.405665
vt 0.936666 0.281850
vt 0.937189 0.272965
vt 0.939195 0.276478
vt 0.923187 0.365706
vt 0.935776 0.366019
vt 0.935562 0.366308
vt 0.927738 0.367797
vt 0.928240 0.365817
vt 0.923029 0.364214
vt 0.931290 0.399599
vt 0.927345 0.401677
vt 0.935851 0.365785
vt 0.927463 0.364490
vt 0.923417 0.418955
vt 0.926469 0.416403
vt 0.936577 0.390313
vt 0.937591 0.385711
vt 0.922894 0.358574
vt 0.928178 0.243101
vt 0.925692 0.236977
vt 0.920061 0.234083
vt 0.916577 0.231991
vt 0.927295 0.409981
vt 0.937427 0.259865
vt 0.922644 0.351760
vt 0.924977 0.344632
vt 0.938473 0.285469
vt 0.933031 0.378646
vt 0.932263 0.400937
vt 0.928408 0.403162
vt 0.923335 0.234976
vt 0.940297 0.365090
vt 0.936256 0.360259
vt 0.920580 0.232571
vt 0.917361 0.229843
vt 0.935398 0.373814
vt 0.939638 0.369025
vt 0.941837 0.271879
vt 0.937204 0.270971
vt 0.941384 0.268652
vt 0.933794 0.253716
vt 0.931098 0.251301
vt 0.940719 0.279457
vt 0.923739 0.233673
vt 0.926207 0.358279
vt 0.924949 0.420249
vt 0.927941 0.418340
vt 0.936459 0.255786
vt 0.943127 0.274877
vt 0.929271 0.237886
vt 0.926547 0.236061
vt 0.936271 0.266175
vt 0.940454 0.261521
vt 0.930037 0.414001
vt 0.931163 0.407441
vt 0.934955 0.405229
vt 0.939102 0.391043
vt 0.940355 0.386670
vt 0.927480 0.344822
vt 0.926116 0.351387
vt 0.926298 0.422159
vt 0.929498 0.420001
vt 0.943410 0.362272
vt 0.941642 0.357992
vt 0.923016 0.225467
vt 0.925981 0.226453
vt 0.919744 0.223472
vt 0.926973 0.234513
vt 0.932252 0.249505
vt 0.935373 0.251990
vt 0.941962 0.281941
vt 0.937833 0.253952
vt 0.939341 0.381116
vt 0.939191 0.257765
vt 0.942922 0.271242
vt 0.942932 0.267404
vt 0.930607 0.236277
vt 0.941179 0.391905
vt 0.942594 0.387571
vt 0.944666 0.277793
vt 0.937078 0.409670
vt 0.933585 0.411577
vt 0.934707 0.355383
vt 0.939060 0.246843
vt 0.941714 0.248777
vt 0.944369 0.274383
vt 0.931350 0.415923
vt 0.936220 0.244381
vt 0.944806 0.270635
vt 0.944432 0.266625
vt 0.943791 0.372515
vt 0.941332 0.376601
vt 0.940406 0.255764
vt 0.930566 0.427179
vt 0.933269 0.424590
vt 0.946043 0.273700
vt 0.931174 0.234062
vt 0.928993 0.227266
vt 0.933787 0.349721
vt 0.933108 0.343411
vt 0.945142 0.361399
vt 0.943687 0.357200
vt 0.942254 0.259685
vt 0.946569 0.280487
vt 0.945802 0.277557
vt 0.932628 0.417789
vt 0.947025 0.393876
vt 0.948391 0.389621
vt 0.950435 0.268193
vt 0.949425 0.264875
vt 0.924478 0.222207
vt 0.922075 0.219769
vt 0.942001 0.382153
vt 0.927055 0.223000
vt 0.937729 0.411574
vt 0.934859 0.413659
vt 0.946731 0.360894
vt 0.945427 0.356613
vt 0.947466 0.276703
vt 0.940024 0.353365
vt 0.951754 0.271379
vt 0.944314 0.250783
vt 0.932822 0.227446
vt 0.943663 0.258070
vt 0.933663 0.429405
vt 0.935361 0.427057
vt 0.942708 0.242664
vt 0.939793 0.240334
vt 0.939020 0.413525
vt 0.935842 0.415712
vt 0.948457 0.280332
vt 0.944949 0.244463
vt 0.946052 0.373675
vt 0.943966 0.377750
vt 0.953107 0.274565
vt 0.944236 0.383025
vt 0.937677 0.343792
vt 0.938836 0.348469
vt 0.951422 0.358996
vt 0.949690 0.355002
vt 0.935609 0.422137
vt 0.929641 0.223744
vt 0.950085 0.280012
vt 0.926685 0.219359
vt 0.926463 0.216863
vt 0.941988 0.352663
vt 0.928097 0.219643
vt 0.951967 0.395019
vt 0.953056 0.391126
vt 0.955587 0.266671
vt 0.954355 0.263193
vt 0.948114 0.374432
vt 0.946195 0.378595
vt 0.947473 0.252821
vt 0.942166 0.419331
vt 0.938767 0.420892
vt 0.934640 0.424532
vt 0.935625 0.426834
vt 0.956570 0.269404
vt 0.936243 0.423070
vt 0.947304 0.246111
vt 0.932988 0.223043
vt 0.938201 0.430175
vt 0.938093 0.428999
vt 0.950037 0.385289
vt 0.943719 0.352051
vt 0.943304 0.241110
vt 0.940655 0.237971
vt 0.954758 0.277790
vt 0.939471 0.343537
vt 0.940821 0.347863
vt 0.929422 0.220163
vt 0.955728 0.356703
vt 0.954082 0.353111
vt 0.937716 0.425208
vt 0.945990 0.243074
vt 0.937806 0.428131
vt 0.938196 0.422120
vt 0.944293 0.239807
vt 0.942085 0.236120
vt 0.950357 0.248256
vt 0.939979 0.423916
vt 0.957793 0.272039
vt 0.954435 0.395338
vt 0.955837 0.392008
vt 0.946836 0.241947
vt 0.951796 0.380996
vt 0.953706 0.376964
vt 0.940991 0.343219
vt 0.942484 0.347274
vt 0.939166 0.427326
vt 0.956401 0.265731
vt 0.955796 0.261694
vt 0.948116 0.350524
vt 0.928891 0.216996
vt 0.948628 0.245103
vt 0.930969 0.218199
vt 0.943144 0.423046
vt 0.940324 0.423737
vt 0.954650 0.387096
vt 0.957803 0.268901
vt 0.940568 0.429396
vt 0.939698 0.428099
vt 0.957880 0.265141
vt 0.957920 0.260916
vt 0.948282 0.234530
vt 0.950848 0.236597
vt 0.959043 0.268392
vt 0.945846 0.231585
vt 0.949602 0.243788
vt 0.957379 0.355588
vt 0.956342 0.352216
vt 0.945701 0.341928
vt 0.946717 0.345967
vt 0.956675 0.396171
vt 0.958098 0.392528
vt 0.940437 0.426453
vt 0.942206 0.427545
vt 0.941140 0.427011
vt 0.959040 0.272147
vt 0.952680 0.348954
vt 0.958080 0.379468
vt 0.956230 0.383059
vt 0.952384 0.246766
vt 0.959398 0.275420
vt 0.960503 0.271529
vt 0.959553 0.354794
vt 0.958341 0.351145
vt 0.964792 0.262248
vt 0.966000 0.265510
vt 0.964280 0.258594
vt 0.957254 0.388115
vt 0.962148 0.397667
vt 0.962951 0.393914
vt 0.953760 0.244875
vt 0.953550 0.238481
vt 0.961464 0.275459
vt 0.950391 0.340926
vt 0.951278 0.344788
vt 0.954865 0.348206
vt 0.950836 0.231574
vt 0.949453 0.228515
vt 0.953251 0.233392
vt 0.959364 0.388942
vt 0.960102 0.380905
vt 0.958867 0.384300
vt 0.965495 0.352085
vt 0.963736 0.348775
vt 0.963512 0.274502
vt 0.967422 0.268691
vt 0.957060 0.239994
vt 0.956992 0.347481
vt 0.952357 0.340809
vt 0.953591 0.344118
vt 0.968426 0.261292
vt 0.968814 0.258056
vt 0.962308 0.381813
vt 0.960879 0.385453
vt 0.969536 0.264039
vt 0.966319 0.395089
vt 0.966277 0.397960
vt 0.955673 0.235201
vt 0.963429 0.390536
vt 0.969637 0.271638
vt 0.953784 0.229758
vt 0.954326 0.227260
vt 0.955279 0.230687
vt 0.954548 0.340118
vt 0.955814 0.343751
vt 0.963973 0.392898
vt 0.966419 0.394765
vt 0.967341 0.384431
vt 0.965381 0.387737
vt 0.964393 0.390917
vt 0.958996 0.235671
vt 0.961664 0.345884
vt 0.966953 0.347648
vt 0.968587 0.349572
vt 0.970227 0.396137
vt 0.969484 0.395182
vt 0.970651 0.266791
vt 0.971811 0.261151
vt 0.973486 0.259308
vt 0.967284 0.392069
vt 0.956589 0.231862
vt 0.965440 0.389179
vt 0.972632 0.262748
vt 0.960880 0.338654
vt 0.961516 0.342352
vt 0.968812 0.394572
vt 0.963747 0.347030
vt 0.966575 0.346863
vt 0.962843 0.345477
vt 0.968657 0.389147
vt 0.973201 0.268828
vt 0.969674 0.392994
vt 0.957000 0.228392
vt 0.970472 0.345842
vt 0.968951 0.345451
vt 0.970584 0.387019
vt 0.958835 0.230642
vt 0.971943 0.393840
vt 0.970440 0.393277
vt 0.962581 0.343709
vt 0.973160 0.264476
vt 0.965656 0.344552
vt 0.968591 0.345302
vt 0.964910 0.342159
vt 0.970127 0.391043
vt 0.972212 0.391019
vt 0.971017 0.391214
vt 0.968015 0.343737
vt 0.975231 0.261684
vt 0.964731 0.341295
vt 0.964832 0.338774
vt 0.975649 0.264623
vt 0.970301 0.342964
vt 0.968781 0.343464
vt 0.967380 0.342159
vt 0.968629 0.340564
vt 0.967897 0.341481
vt 0.934518 0.270620
vt 0.934319 0.270521
vt 0.934372 0.270258
vt 0.923155 0.261456
vt 0.922904 0.261417
vt 0.922708 0.261343
vt 0.311861 0.246464
vt 0.318512 0.245510
vt 0.317752 0.253105
vt 0.310161 0.252547
vt 0.439519 0.258337
vt 0.416466 0.260357
vt 0.412566 0.240209
vt 0.433100 0.239448
vt 0.517335 0.106315
vt 0.508047 0.098333
vt 0.546784 0.101366
vt 0.546391 0.105860
vt 0.313788 0.224598
vt 0.313286 0.208020
vt 0.313374 0.192483
vt 0.409660 0.205258
vt 0.427092 0.209829
vt 0.427991 0.222729
vt 0.409602 0.221880
vt 0.373505 0.199143
vt 0.389690 0.201974
vt 0.389688 0.219640
vt 0.373688 0.217326
vt 0.309415 0.260191
vt 0.317340 0.260697
vt 0.317207 0.270441
vt 0.310761 0.266567
vt 0.445145 0.279042
vt 0.420323 0.281837
vt 0.415651 0.184520
vt 0.435034 0.191150
vt 0.377466 0.175676
vt 0.395135 0.179445
vt 0.326214 0.262207
vt 0.334617 0.264157
vt 0.333091 0.269817
vt 0.326118 0.272557
vt 0.326209 0.254640
vt 0.334561 0.256283
vt 0.326442 0.246731
vt 0.332687 0.249588
vt 0.334240 0.193649
vt 0.354768 0.196041
vt 0.355427 0.213453
vt 0.334223 0.209350
vt 0.335305 0.173301
vt 0.357058 0.173327
vt 0.573335 0.102773
vt 0.574009 0.108553
vt 0.453112 0.164547
vt 0.459292 0.167247
vt 0.450647 0.175373
vt 0.431369 0.166190
vt 0.392542 0.131352
vt 0.413615 0.137233
vt 0.404048 0.155086
vt 0.384375 0.150974
vt 0.397627 0.111502
vt 0.421387 0.115706
vt 0.464987 0.162117
vt 0.458842 0.158732
vt 0.474392 0.141436
vt 0.484476 0.143449
vt 0.305619 0.071453
vt 0.302109 0.054065
vt 0.374734 0.088418
vt 0.347927 0.088436
vt 0.347575 0.078234
vt 0.375389 0.076741
vt 0.428164 0.093203
vt 0.401750 0.091919
vt 0.405097 0.076107
vt 0.434461 0.076284
vt 0.332895 0.225013
vt 0.436323 0.148632
vt 0.450597 0.124809
vt 0.491377 0.120009
vt 0.461855 0.101469
vt 0.473064 0.080272
vt 0.326801 0.082745
vt 0.325873 0.072911
vt 0.480882 0.595341
vt 0.476580 0.633557
vt 0.469256 0.625163
vt 0.478751 0.594993
vt 0.483951 0.360506
vt 0.504925 0.389355
vt 0.497435 0.394022
vt 0.478222 0.369992
vt 0.526133 0.415973
vt 0.534402 0.441956
vt 0.523057 0.443014
vt 0.515156 0.417580
vt 0.491628 0.571382
vt 0.490186 0.569314
vt 0.537770 0.472620
vt 0.533161 0.502924
vt 0.526432 0.501405
vt 0.528484 0.472403
vt 0.521947 0.525846
vt 0.516385 0.524396
vt 0.508898 0.471673
vt 0.509048 0.498615
vt 0.471037 0.496663
vt 0.471639 0.473435
vt 0.463690 0.428785
vt 0.494402 0.421298
vt 0.502467 0.444637
vt 0.467750 0.450108
vt 0.443625 0.388327
vt 0.466003 0.377191
vt 0.483483 0.399111
vt 0.456040 0.409590
vt 0.465406 0.590885
vt 0.457815 0.616765
vt 0.436572 0.603812
vt 0.445020 0.580700
vt 0.453326 0.557521
vt 0.478966 0.566030
vt 0.501774 0.522172
vt 0.466337 0.518287
vt 0.504121 0.119676
vt 0.422990 0.497094
vt 0.420782 0.514003
vt 0.423547 0.478309
vt 0.418793 0.437963
vt 0.421774 0.457960
vt 0.406326 0.405732
vt 0.413709 0.422988
vt 0.407616 0.564166
vt 0.400789 0.584056
vt 0.413877 0.543271
vt 0.386715 0.510567
vt 0.388001 0.495583
vt 0.388015 0.478999
vt 0.386320 0.461476
vt 0.384449 0.444619
vt 0.381508 0.432508
vt 0.377234 0.418122
vt 0.372442 0.569839
vt 0.377202 0.554331
vt 0.381923 0.535610
vt 0.370766 0.508948
vt 0.372492 0.495091
vt 0.372891 0.479759
vt 0.369942 0.462991
vt 0.367508 0.447885
vt 0.365384 0.436084
vt 0.363796 0.422377
vt 0.358960 0.563728
vt 0.361776 0.549204
vt 0.366563 0.533680
vt 0.343495 0.547173
vt 0.341977 0.561549
vt 0.333056 0.564691
vt 0.333816 0.548822
vt 0.348091 0.423225
vt 0.347089 0.435549
vt 0.336629 0.433682
vt 0.339616 0.420934
vt 0.347981 0.448569
vt 0.349255 0.463467
vt 0.339322 0.461843
vt 0.337867 0.446484
vt 0.345845 0.532907
vt 0.335505 0.533405
vt 0.348634 0.489639
vt 0.348600 0.499470
vt 0.342345 0.499493
vt 0.342098 0.489035
vt 0.348112 0.506869
vt 0.342404 0.506512
vt 0.280339 0.477866
vt 0.280859 0.493533
vt 0.251608 0.493353
vt 0.251717 0.478885
vt 0.277075 0.443154
vt 0.278719 0.459746
vt 0.250657 0.462171
vt 0.249234 0.446871
vt 0.272373 0.407972
vt 0.275073 0.426850
vt 0.246528 0.433047
vt 0.241801 0.417989
vt 0.273815 0.553263
vt 0.270245 0.572369
vt 0.241631 0.563439
vt 0.245031 0.546485
vt 0.276791 0.535587
vt 0.247619 0.530914
vt 0.280443 0.506889
vt 0.250806 0.506120
vt 0.315412 0.478375
vt 0.316689 0.493429
vt 0.299733 0.493732
vt 0.298818 0.477569
vt 0.310391 0.442564
vt 0.312930 0.459195
vt 0.296594 0.459100
vt 0.294406 0.442679
vt 0.312631 0.410305
vt 0.309843 0.426991
vt 0.293167 0.425338
vt 0.293728 0.406214
vt 0.309073 0.554602
vt 0.306968 0.573050
vt 0.289352 0.574449
vt 0.292215 0.555707
vt 0.312357 0.536550
vt 0.295426 0.536793
vt 0.316810 0.507206
vt 0.299527 0.507237
vt 0.335501 0.506437
vt 0.335567 0.498512
vt 0.337203 0.488805
vt 0.327848 0.460230
vt 0.324691 0.443594
vt 0.324145 0.430181
vt 0.328076 0.416231
vt 0.321779 0.569467
vt 0.322361 0.551777
vt 0.323881 0.534828
vt 0.328245 0.495041
vt 0.328458 0.507184
vt 0.328668 0.478803
vt 0.177653 0.483292
vt 0.177032 0.491610
vt 0.154403 0.492287
vt 0.155130 0.484604
vt 0.177979 0.465201
vt 0.178089 0.474146
vt 0.156395 0.476253
vt 0.157602 0.467871
vt 0.174964 0.448303
vt 0.176997 0.456813
vt 0.158293 0.460071
vt 0.158244 0.452440
vt 0.176368 0.525905
vt 0.175916 0.535045
vt 0.159281 0.531808
vt 0.158269 0.524523
vt 0.176270 0.516161
vt 0.156600 0.515970
vt 0.176590 0.500225
vt 0.154407 0.500398
vt 0.228302 0.493046
vt 0.228649 0.480546
vt 0.227985 0.464436
vt 0.226733 0.451991
vt 0.224048 0.439688
vt 0.218695 0.427325
vt 0.219952 0.553648
vt 0.222568 0.540728
vt 0.224837 0.525686
vt 0.227471 0.504292
vt 0.360936 0.497148
vt 0.360654 0.479832
vt 0.358312 0.463768
vt 0.356839 0.448860
vt 0.355275 0.436591
vt 0.355223 0.423606
vt 0.349731 0.561903
vt 0.352382 0.547329
vt 0.355751 0.532941
vt 0.359374 0.508467
vt 0.313986 0.172311
vt 0.312877 0.149739
vt 0.332918 0.148973
vt 0.356852 0.146258
vt 0.608808 0.342709
vt 0.608724 0.325908
vt 0.617301 0.325673
vt 0.617198 0.340795
vt 0.611006 0.356469
vt 0.621028 0.354012
vt 0.614501 0.371427
vt 0.624359 0.368454
vt 0.621410 0.384731
vt 0.628981 0.378557
vt 0.619716 0.267445
vt 0.623950 0.254810
vt 0.632870 0.257778
vt 0.627144 0.271511
vt 0.621255 0.290614
vt 0.627099 0.291851
vt 0.614475 0.311054
vt 0.620575 0.310382
vt 0.630274 0.352002
vt 0.633361 0.366393
vt 0.636046 0.375818
vt 0.639336 0.262187
vt 0.633973 0.274725
vt 0.632326 0.292973
vt 0.627002 0.310210
vt 0.626178 0.324610
vt 0.627589 0.338702
vt 0.315062 0.230014
vt 0.300210 0.236032
vt 0.294341 0.248938
vt 0.294340 0.262285
vt 0.359857 0.237127
vt 0.346874 0.240935
vt 0.331164 0.231286
vt 0.673175 0.335842
vt 0.671803 0.322983
vt 0.692232 0.323217
vt 0.693138 0.335530
vt 0.673956 0.346255
vt 0.693455 0.345348
vt 0.674248 0.357873
vt 0.693282 0.356241
vt 0.674585 0.367967
vt 0.693313 0.365798
vt 0.673332 0.284638
vt 0.676015 0.275619
vt 0.694684 0.278622
vt 0.692869 0.287254
vt 0.671709 0.299190
vt 0.692134 0.300785
vt 0.671004 0.313381
vt 0.691712 0.314079
vt 0.707464 0.345254
vt 0.706565 0.354698
vt 0.706700 0.364100
vt 0.708375 0.279867
vt 0.707412 0.289087
vt 0.706903 0.301375
vt 0.707298 0.314139
vt 0.707408 0.322387
vt 0.707936 0.336113
vt 0.637939 0.322907
vt 0.637978 0.311210
vt 0.650297 0.312293
vt 0.651423 0.322500
vt 0.640442 0.337396
vt 0.653342 0.336358
vt 0.642372 0.349879
vt 0.654641 0.347945
vt 0.643703 0.363514
vt 0.655675 0.360819
vt 0.645847 0.373982
vt 0.656560 0.371391
vt 0.643740 0.277994
vt 0.647799 0.267777
vt 0.657899 0.272080
vt 0.654153 0.281040
vt 0.640228 0.294626
vt 0.651436 0.296753
vt 0.352653 0.489816
vt 0.354483 0.498377
vt 0.353613 0.507145
vt 0.317512 0.237437
vt 0.307293 0.241766
vt 0.303169 0.250192
vt 0.302820 0.260132
vt 0.299490 0.279237
vt 0.305495 0.271723
vt 0.313503 0.290057
vt 0.315249 0.279792
vt 0.327529 0.281801
vt 0.329391 0.293402
vt 0.352056 0.254967
vt 0.343090 0.255615
vt 0.340072 0.245734
vt 0.328320 0.238838
vt 0.338994 0.277258
vt 0.346333 0.285627
vt 0.343085 0.267460
vt 0.351220 0.271222
vt 0.613942 0.265374
vt 0.608225 0.263377
vt 0.611893 0.249178
vt 0.618588 0.252286
vt 0.367993 0.125533
vt 0.371561 0.105481
vt 0.350417 0.479330
vt 0.339917 0.478667
vt 0.378155 0.259040
vt 0.376208 0.237802
vt 0.391401 0.239295
vt 0.394146 0.260290
vt 0.363454 0.257654
vt 0.361956 0.275862
vt 0.379573 0.294566
vt 0.378710 0.279522
vt 0.396233 0.282309
vt 0.401926 0.305245
vt 0.356180 0.294736
vt 0.313154 0.296888
vt 0.330785 0.302754
vt 0.603464 0.310718
vt 0.609107 0.310502
vt 0.602611 0.325981
vt 0.595221 0.325572
vt 0.612315 0.288633
vt 0.616196 0.289457
vt 0.331874 0.313712
vt 0.357201 0.308862
vt 0.343754 0.325016
vt 0.331884 0.324521
vt 0.399499 0.312240
vt 0.379595 0.300921
vt 0.312278 0.312344
vt 0.176337 0.508005
vt 0.155113 0.507704
vt 0.249571 0.517355
vt 0.226332 0.514388
vt 0.279149 0.520361
vt 0.298066 0.521406
vt 0.315107 0.521059
vt 0.326835 0.518719
vt 0.341261 0.512920
vt 0.339352 0.523066
vt 0.334114 0.523653
vt 0.334494 0.514097
vt 0.347259 0.513425
vt 0.345890 0.522706
vt 0.352867 0.514939
vt 0.349914 0.522780
vt 0.368983 0.520398
vt 0.358537 0.517703
vt 0.384858 0.522112
vt 0.417978 0.527872
vt 0.460684 0.537000
vt 0.491290 0.543708
vt 0.501130 0.546984
vt 0.503167 0.550423
vt 0.296992 0.029989
vt 0.311948 0.132024
vt 0.342926 0.133244
vt 0.345865 0.120820
vt 0.311267 0.113631
vt 0.346985 0.102252
vt 0.308909 0.089907
vt 0.328459 0.132734
vt 0.327361 0.116634
vt 0.326727 0.095507
vt 0.311575 0.326393
vt 0.323206 0.341859
vt 0.309661 0.340777
vt 0.128447 0.475303
vt 0.132637 0.464875
vt 0.142939 0.467084
vt 0.139873 0.476644
vt 0.125534 0.484679
vt 0.137940 0.485632
vt 0.137512 0.454254
vt 0.145549 0.459469
vt 0.125271 0.495448
vt 0.137618 0.493618
vt 0.141921 0.447852
vt 0.147904 0.452275
vt 0.138548 0.502245
vt 0.149692 0.532710
vt 0.146813 0.526648
vt 0.142987 0.518607
vt 0.139724 0.509235
vt 0.449404 0.300944
vt 0.423736 0.304152
vt 0.452063 0.323765
vt 0.428168 0.325520
vt 0.141004 0.532506
vt 0.146091 0.537969
vt 0.134177 0.523006
vt 0.129552 0.513457
vt 0.127164 0.504602
vt 0.196675 0.510031
vt 0.197398 0.501322
vt 0.198039 0.491953
vt 0.198654 0.482129
vt 0.198601 0.470495
vt 0.197756 0.460046
vt 0.195850 0.450534
vt 0.192027 0.441358
vt 0.194719 0.531210
vt 0.193005 0.541559
vt 0.195836 0.519381
vt 0.310317 0.351406
vt 0.305281 0.356004
vt 0.615840 0.387187
vt 0.609097 0.390279
vt 0.601911 0.374982
vt 0.608540 0.373053
vt 0.597212 0.360118
vt 0.604513 0.358134
vt 0.595131 0.343818
vt 0.602567 0.344108
vt 0.452835 0.334556
vt 0.437790 0.337119
vt 0.412121 0.325817
vt 0.403984 0.326191
vt 0.324107 0.349005
vt 0.413661 0.345977
vt 0.405582 0.343226
vt 0.335817 0.345693
vt 0.343033 0.344900
vt 0.423903 0.346720
vt 0.437595 0.348943
vt 0.322815 0.368335
vt 0.330373 0.367545
vt 0.346171 0.361605
vt 0.339824 0.363770
vt 0.410073 0.360476
vt 0.403550 0.359010
vt 0.420048 0.362463
vt 0.060951 0.462918
vt 0.060489 0.461109
vt 0.065113 0.461214
vt 0.064479 0.462914
vt 0.048963 0.594673
vt 0.050807 0.592170
vt 0.053326 0.592951
vt 0.054354 0.596073
vt 0.059898 0.474565
vt 0.057350 0.469045
vt 0.057400 0.467334
vt 0.060319 0.472522
vt 0.050317 0.585808
vt 0.052203 0.585465
vt 0.051379 0.587753
vt 0.048793 0.587979
vt 0.057991 0.465564
vt 0.060332 0.467889
vt 0.064300 0.466967
vt 0.063577 0.470522
vt 0.066320 0.463623
vt 0.064518 0.465035
vt 0.054322 0.591098
vt 0.056726 0.593796
vt 0.050899 0.589756
vt 0.047879 0.590704
vt 0.060340 0.465471
vt 0.058725 0.463593
vt 0.061353 0.465118
vt 0.061594 0.463251
vt 0.063782 0.463219
vt 0.063834 0.464837
vt 0.061156 0.466811
vt 0.063806 0.466396
vt 0.066782 0.465155
vt 0.054819 0.589417
vt 0.057432 0.591863
vt 0.067544 0.467018
vt 0.055196 0.587540
vt 0.057476 0.589417
vt 0.049985 0.584985
vt 0.052581 0.583113
vt 0.067728 0.468704
vt 0.064341 0.471931
vt 0.056890 0.586113
vt 0.058782 0.589286
vt 0.061534 0.463117
vt 0.061253 0.465036
vt 0.063861 0.463103
vt 0.063955 0.464761
vt 0.046151 0.471810
vt 0.044053 0.470653
vt 0.048188 0.466616
vt 0.049231 0.468684
vt 0.040247 0.584710
vt 0.038063 0.588204
vt 0.034801 0.582023
vt 0.038709 0.581712
vt 0.053729 0.483053
vt 0.048425 0.480193
vt 0.047684 0.478944
vt 0.053103 0.479959
vt 0.043741 0.575443
vt 0.045954 0.577389
vt 0.043328 0.578576
vt 0.040856 0.576173
vt 0.046249 0.476918
vt 0.050235 0.476667
vt 0.056112 0.475865
vt 0.052989 0.472505
vt 0.051554 0.467709
vt 0.051296 0.470561
vt 0.043047 0.584088
vt 0.042432 0.588600
vt 0.041067 0.579789
vt 0.037614 0.577634
vt 0.048014 0.474572
vt 0.044923 0.474503
vt 0.050507 0.470974
vt 0.048572 0.473365
vt 0.047021 0.471522
vt 0.048905 0.469568
vt 0.051989 0.472405
vt 0.049978 0.475022
vt 0.053385 0.468752
vt 0.045258 0.583101
vt 0.045063 0.587652
vt 0.055554 0.470029
vt 0.047632 0.581870
vt 0.047967 0.585781
vt 0.045098 0.574871
vt 0.048897 0.574416
vt 0.058809 0.475994
vt 0.051435 0.581531
vt 0.046846 0.471466
vt 0.048410 0.473388
vt 0.048869 0.469397
vt 0.050543 0.470803
vt 0.036424 0.486599
vt 0.033740 0.486363
vt 0.036543 0.480143
vt 0.038518 0.481842
vt 0.033728 0.571720
vt 0.030309 0.574664
vt 0.029050 0.566707
vt 0.033115 0.567759
vt 0.050314 0.494335
vt 0.042847 0.494552
vt 0.041467 0.493459
vt 0.048282 0.491791
vt 0.041262 0.562864
vt 0.042553 0.565713
vt 0.039375 0.566050
vt 0.038008 0.562794
vt 0.039127 0.491953
vt 0.042800 0.489647
vt 0.049631 0.486463
vt 0.044438 0.484222
vt 0.040770 0.479958
vt 0.041640 0.482894
vt 0.037120 0.572057
vt 0.035096 0.576525
vt 0.036479 0.566508
vt 0.034028 0.563213
vt 0.039573 0.488644
vt 0.036571 0.490054
vt 0.040917 0.483681
vt 0.039676 0.487087
vt 0.037222 0.485873
vt 0.038514 0.482919
vt 0.043214 0.484532
vt 0.041906 0.488115
vt 0.043397 0.480397
vt 0.039995 0.571689
vt 0.038411 0.576321
vt 0.046675 0.481205
vt 0.043126 0.571009
vt 0.042445 0.575110
vt 0.043083 0.562361
vt 0.046969 0.562941
vt 0.053313 0.485653
vt 0.048487 0.572483
vt 0.037033 0.485899
vt 0.039530 0.487185
vt 0.038409 0.482766
vt 0.040892 0.483502
vt 0.033540 0.527535
vt 0.036838 0.525241
vt 0.039053 0.526951
vt 0.037307 0.530474
vt 0.070429 0.494393
vt 0.071530 0.486225
vt 0.085888 0.489256
vt 0.085308 0.497478
vt 0.117944 0.471239
vt 0.122922 0.461576
vt 0.108616 0.465533
vt 0.114147 0.455874
vt 0.109571 0.528504
vt 0.101247 0.539053
vt 0.087006 0.531869
vt 0.093457 0.521295
vt 0.076224 0.519501
vt 0.073976 0.528628
vt 0.109057 0.572667
vt 0.122164 0.573871
vt 0.115669 0.576268
vt 0.107751 0.578294
vt 0.076686 0.573504
vt 0.092023 0.570274
vt 0.091714 0.578792
vt 0.076534 0.581800
vt 0.099870 0.458452
vt 0.104405 0.448921
vt 0.092656 0.466147
vt 0.100029 0.473024
vt 0.084481 0.480141
vt 0.080700 0.473221
vt 0.073243 0.479244
vt 0.074046 0.472000
vt 0.077031 0.568383
vt 0.110161 0.479605
vt 0.102455 0.486350
vt 0.078685 0.590781
vt 0.069444 0.589325
vt 0.067319 0.582719
vt 0.093932 0.586803
vt 0.118625 0.585692
vt 0.106414 0.586620
vt 0.105287 0.580820
vt 0.115444 0.580796
vt 0.055092 0.530591
vt 0.063240 0.529575
vt 0.061004 0.537939
vt 0.053611 0.536656
vt 0.037732 0.537518
vt 0.032070 0.534626
vt 0.039487 0.534723
vt 0.050943 0.535440
vt 0.051534 0.530297
vt 0.044944 0.520533
vt 0.045290 0.523624
vt 0.041866 0.524910
vt 0.040907 0.522651
vt 0.037272 0.515239
vt 0.044720 0.516016
vt 0.038821 0.519280
vt 0.033858 0.518911
vt 0.043230 0.544594
vt 0.037600 0.547651
vt 0.033282 0.544403
vt 0.039538 0.542661
vt 0.048132 0.534959
vt 0.046543 0.540594
vt 0.042283 0.539647
vt 0.043613 0.535370
vt 0.047913 0.529739
vt 0.043303 0.529682
vt 0.048300 0.523585
vt 0.043072 0.525703
vt 0.039583 0.525485
vt 0.038239 0.524625
vt 0.036133 0.522809
vt 0.032287 0.522918
vt 0.031384 0.540066
vt 0.036560 0.540012
vt 0.050762 0.516789
vt 0.051783 0.521321
vt 0.046802 0.519100
vt 0.069754 0.539328
vt 0.066773 0.475801
vt 0.069356 0.471293
vt 0.041889 0.525328
vt 0.042745 0.518942
vt 0.039110 0.520914
vt 0.039263 0.526152
vt 0.037667 0.525012
vt 0.037302 0.523245
vt 0.039395 0.521125
vt 0.037947 0.523245
vt 0.106240 0.571905
vt 0.055194 0.520758
vt 0.064004 0.519594
vt 0.033966 0.507299
vt 0.031340 0.508734
vt 0.030347 0.501408
vt 0.033243 0.501733
vt 0.031504 0.556803
vt 0.027127 0.559104
vt 0.027505 0.550401
vt 0.031714 0.552535
vt 0.042814 0.511600
vt 0.051509 0.511125
vt 0.048733 0.513855
vt 0.040414 0.513064
vt 0.053744 0.516114
vt 0.046282 0.546296
vt 0.049114 0.547730
vt 0.044053 0.549853
vt 0.041228 0.549143
vt 0.051474 0.542028
vt 0.049283 0.541546
vt 0.051334 0.507241
vt 0.041465 0.510974
vt 0.047879 0.505615
vt 0.041961 0.549417
vt 0.042186 0.552909
vt 0.038705 0.552338
vt 0.038042 0.548351
vt 0.039036 0.510720
vt 0.041490 0.506354
vt 0.047065 0.499630
vt 0.040464 0.500317
vt 0.034186 0.498602
vt 0.036881 0.500780
vt 0.035057 0.557975
vt 0.031996 0.562112
vt 0.035543 0.552057
vt 0.033612 0.547846
vt 0.037978 0.507261
vt 0.035944 0.510420
vt 0.036625 0.501932
vt 0.037255 0.505782
vt 0.034308 0.506158
vt 0.033870 0.502707
vt 0.039373 0.501336
vt 0.039894 0.505426
vt 0.037031 0.497341
vt 0.038197 0.558350
vt 0.035561 0.562825
vt 0.085908 0.503410
vt 0.088635 0.511280
vt 0.073518 0.511609
vt 0.070273 0.502606
vt 0.062082 0.511040
vt 0.040869 0.495854
vt 0.041714 0.558468
vt 0.040480 0.562730
vt 0.059379 0.542958
vt 0.068467 0.543508
vt 0.047588 0.552002
vt 0.057606 0.548462
vt 0.046750 0.560426
vt 0.050595 0.497248
vt 0.034143 0.506300
vt 0.037167 0.505965
vt 0.033672 0.502631
vt 0.036494 0.501779
vt 0.057807 0.499166
vt 0.064544 0.558490
vt 0.054529 0.559119
vt 0.067098 0.548188
vt 0.065667 0.576999
vt 0.061017 0.584606
vt 0.063238 0.589494
vt 0.057607 0.579805
vt 0.062797 0.481176
vt 0.064782 0.569391
vt 0.055271 0.572221
vt 0.059034 0.488952
vt 0.109035 0.514618
vt 0.119958 0.520166
vt 0.101950 0.508854
vt 0.117708 0.511203
vt 0.114381 0.506243
vt 0.091484 0.497781
vt 0.097925 0.500861
vt 0.093382 0.490182
vt 0.110599 0.488176
vt 0.111408 0.498443
vt 0.082814 0.543374
vt 0.081778 0.546611
vt 0.111654 0.560274
vt 0.123187 0.562293
vt 0.124461 0.569358
vt 0.110814 0.566588
vt 0.093739 0.561388
vt 0.077869 0.560284
vt 0.080621 0.550191
vt 0.095172 0.554852
vt 0.123221 0.556932
vt 0.111710 0.550290
vt 0.114370 0.544643
vt 0.126979 0.553943
vt 0.097285 0.546329
vt 0.120763 0.559414
vt 0.112820 0.553553
vt 0.128065 0.562375
vt 0.129383 0.570410
vt 0.126033 0.577444
vt 0.107546 0.565054
vt 0.108798 0.559251
vt 0.133189 0.560869
vt 0.135657 0.571432
vt 0.131094 0.580659
vt 0.137271 0.537996
vt 0.144194 0.544611
vt 0.127089 0.453907
vt 0.131916 0.446968
vt 0.119294 0.445205
vt 0.123848 0.438555
vt 0.114473 0.430928
vt 0.120817 0.423479
vt 0.129764 0.431660
vt 0.109580 0.438587
vt 0.128253 0.527838
vt 0.120215 0.535798
vt 0.132752 0.547097
vt 0.139074 0.553152
vt 0.137168 0.441589
vt 0.426762 0.365881
vt 0.454612 0.351688
vt 0.443078 0.354685
vt 0.453524 0.344893
vt 0.433482 0.369627
vt 0.315751 0.371242
vt 0.818374 0.797285
vt 0.828246 0.798801
vt 0.820813 0.790143
vt 0.828424 0.792683
vt 0.824600 0.784125
vt 0.829084 0.786684
vt 0.828341 0.780027
vt 0.830356 0.779812
vt 0.823594 0.765303
vt 0.838282 0.759588
vt 0.836991 0.764464
vt 0.824854 0.770862
vt 0.834969 0.769876
vt 0.826650 0.776162
vt 0.832067 0.775599
vt 0.840145 0.799043
vt 0.840249 0.793358
vt 0.841095 0.787916
vt 0.843172 0.781865
vt 0.854902 0.763368
vt 0.851880 0.767581
vt 0.848278 0.772641
vt 0.844973 0.777987
vt 0.856721 0.791954
vt 0.857180 0.787716
vt 0.859960 0.792134
vt 0.859303 0.785776
vt 0.861467 0.789226
vt 0.865268 0.799226
vt 0.868875 0.792769
vt 0.871927 0.794088
vt 0.863142 0.795707
vt 0.865637 0.791198
vt 0.857308 0.800059
vt 0.857013 0.795837
vt 0.867292 0.781805
vt 0.871746 0.780105
vt 0.863044 0.783529
vt 0.776853 0.544299
vt 0.776885 0.544434
vt 0.780821 0.543977
vt 0.780805 0.544119
vt 0.784246 0.544393
vt 0.784129 0.544523
vt 0.786355 0.545477
vt 0.786270 0.545502
vt 0.783988 0.546347
vt 0.783861 0.546221
vt 0.776108 0.546946
vt 0.776070 0.546803
vt 0.780237 0.546521
vt 0.780298 0.546677
vt 0.815674 0.797375
vt 0.818429 0.790216
vt 0.822677 0.784314
vt 0.827245 0.779957
vt 0.820867 0.765449
vt 0.822589 0.770862
vt 0.825031 0.775880
vt 0.821381 0.847317
vt 0.824218 0.847428
vn -0.369849 0.153804 0.916273
vn -0.565591 0.133801 0.813759
vn -0.479783 -0.276638 0.832634
vn -0.344952 -0.214950 0.913676
vn -0.165944 -0.251363 0.953561
vn -0.081214 0.123956 0.988959
vn 0.169699 0.016356 0.985360
vn -0.023198 -0.357529 0.933614
vn -0.140922 -0.409498 0.901361
vn 0.004400 -0.143098 0.989699
vn -0.278293 -0.278892 0.919115
vn -0.505641 -0.106164 0.856187
vn -0.730536 0.058668 0.680350
vn -0.549844 -0.356426 0.755402
vn -0.765003 0.126135 0.631554
vn -0.600655 -0.273505 0.751271
vn -0.462941 0.361483 0.809330
vn -0.568905 0.176077 0.803333
vn -0.659078 0.243336 0.711621
vn -0.559581 0.306086 0.770182
vn -0.409999 0.433023 0.802740
vn -0.414963 0.310052 0.855379
vn -0.332389 0.436555 0.836025
vn -0.174323 0.340095 0.924092
vn -0.123869 0.458737 0.879896
vn 0.034565 0.411922 0.910563
vn 0.064315 0.526112 0.847980
vn -0.046205 0.529576 0.847003
vn 0.082552 0.591341 0.802185
vn -0.440013 0.492253 0.751050
vn -0.114976 0.525453 0.843018
vn -0.347483 -0.096430 0.932715
vn -0.211003 -0.134018 0.968254
vn -0.091455 -0.156352 0.983458
vn -0.268202 -0.167448 0.948699
vn -0.828611 -0.005103 0.559801
vn -0.761451 0.362122 0.537643
vn -0.283582 0.461236 0.840739
vn -0.031335 0.330135 0.943414
vn -0.199223 0.235543 0.951225
vn -0.542717 0.147341 0.826891
vn -0.782848 0.121468 0.610241
vn -0.891669 0.108460 0.439503
vn -0.535266 -0.037390 0.843856
vn -0.693117 0.006691 0.720794
vn -0.907447 0.070965 0.414132
vn -0.835266 -0.016749 0.549591
vn -0.616316 -0.151461 0.772796
vn -0.418215 -0.282407 0.863333
vn -0.324560 -0.436230 0.839264
vn -0.395555 -0.471474 0.788194
vn -0.637847 -0.320262 0.700416
vn -0.391944 -0.197224 0.898600
vn -0.656967 0.081013 0.749554
vn 0.000000 0.199916 0.979813
vn -0.000000 -0.101960 0.994788
vn -0.711614 0.375075 0.594074
vn 0.000001 0.514805 0.857307
vn -0.766007 0.372369 0.523999
vn -0.672038 0.461921 0.578787
vn 0.000000 0.622926 0.782281
vn 0.000000 -0.070805 0.997490
vn -0.197641 -0.116833 0.973287
vn -0.333150 -0.078497 0.939601
vn 0.000000 0.275590 0.961275
vn -0.230203 0.261131 0.937452
vn -0.483195 0.261943 0.835409
vn -0.569802 0.021815 0.821492
vn -0.724465 0.238872 0.646599
vn -0.786342 0.072356 0.613540
vn -0.930804 0.059473 0.360648
vn -0.970839 0.037181 0.236833
vn -0.980818 -0.044694 0.189733
vn -0.301076 0.345300 0.888888
vn -0.077604 0.202460 0.976211
vn -0.208433 0.091535 0.973744
vn -0.591500 -0.091029 0.801150
vn -0.919573 -0.223441 0.323203
vn -0.653436 0.447201 0.610764
vn -0.000000 0.539027 0.842289
vn -0.809090 0.329467 0.486647
vn -0.215342 0.173051 0.961083
vn -0.979288 -0.077733 0.186955
vn -0.852533 0.326830 0.407884
vn -0.778686 0.378536 0.500359
vn -0.699752 0.007309 0.714348
vn -0.000000 0.023962 0.999713
vn -0.820305 -0.007997 0.571870
vn -0.854233 -0.018550 0.519560
vn -0.519614 -0.649881 0.554668
vn 0.000000 -0.731013 0.682363
vn -0.073274 -0.240171 0.967961
vn -0.000000 -0.217267 0.976112
vn 0.000000 -0.975737 0.218948
vn -0.521875 -0.839744 0.149925
vn -0.731735 -0.502721 0.460256
vn -0.275132 0.104699 0.955689
vn 0.000001 0.390657 0.920537
vn -0.000000 0.160111 0.987099
vn 0.036281 0.190073 0.981099
vn 0.094070 0.376898 0.921466
vn -0.262363 -0.049738 0.963687
vn -0.238211 0.078002 0.968076
vn -0.266257 -0.070051 0.961353
vn -0.384560 -0.040402 0.922215
vn -0.276031 0.152775 0.948929
vn -0.390059 -0.295462 0.872099
vn -0.333071 -0.382131 0.861998
vn -0.259433 -0.401416 0.878385
vn -0.525774 -0.436677 0.729983
vn -0.000000 -0.315107 0.949056
vn -0.000000 -0.074767 0.997201
vn -0.370235 -0.085189 0.925024
vn -0.462150 -0.286151 0.839366
vn -0.511189 -0.164253 0.843627
vn -0.647288 -0.294757 0.702948
vn -0.396102 -0.310286 0.864191
vn -0.540197 -0.458175 0.705877
vn -0.222077 -0.013241 0.974939
vn -0.149758 0.109000 0.982696
vn -0.544043 -0.224522 0.808460
vn -0.842723 -0.423872 0.331889
vn -0.509062 -0.821637 0.256456
vn -0.000000 -0.967290 0.253673
vn -0.708109 -0.661145 0.247931
vn -0.760658 -0.602450 0.241772
vn -0.957816 -0.287380 0.001268
vn -0.889822 -0.455650 -0.024495
vn -0.786806 -0.616082 -0.037133
vn -0.457575 -0.888728 -0.028061
vn -0.000000 -0.998288 -0.058485
vn -0.660821 -0.750276 -0.020066
vn -0.991578 -0.123829 0.037933
vn -0.992780 -0.014937 0.119016
vn -0.973981 0.046748 0.221754
vn -0.899149 0.145516 0.412742
vn 0.000000 0.647808 0.761804
vn -0.284994 0.641125 0.712557
vn -0.592574 0.594731 0.543279
vn -0.822184 0.424846 0.378839
vn -0.945201 0.222279 0.239138
vn -0.989949 0.028379 0.138547
vn -0.995967 -0.079633 0.041327
vn -0.000000 0.984088 0.177682
vn -0.538432 0.823198 0.180102
vn -0.276170 0.852110 0.444566
vn -0.000000 0.896006 0.444043
vn -0.826536 0.555978 0.087903
vn -0.952009 0.304537 0.030586
vn -0.997459 0.071213 -0.002081
vn -0.998419 -0.024817 -0.050439
vn -0.995789 -0.059442 0.069797
vn -0.670692 -0.731912 -0.120320
vn -0.447173 -0.890201 -0.087054
vn -0.000000 -0.996300 -0.085941
vn -0.778908 -0.609662 -0.147019
vn -0.868791 -0.473927 -0.143511
vn -0.943435 -0.309358 -0.119282
vn -0.982919 -0.175935 -0.054012
vn 0.000000 -0.671514 0.740992
vn -0.836959 -0.459199 0.297718
vn -0.744384 0.292659 0.600202
vn -0.000000 0.055103 0.998481
vn -0.923028 0.384647 0.008071
vn -0.980655 -0.176988 -0.083610
vn -0.737601 -0.129845 -0.662636
vn -0.630828 0.317565 -0.707961
vn 0.000000 -0.998431 0.055997
vn -0.558401 -0.829504 0.010581
vn -0.768628 -0.633146 -0.091307
vn -0.825585 -0.495340 -0.270273
vn -0.585434 -0.549990 -0.595633
vn -0.760185 -0.629431 -0.161046
vn -0.806767 -0.579230 -0.116707
vn -0.767053 -0.592535 -0.246033
vn -0.843802 -0.520301 -0.131477
vn -0.894582 -0.434333 -0.105254
vn -0.874795 -0.383829 -0.295650
vn -0.960389 -0.258279 -0.104620
vn -0.931088 -0.104308 -0.349565
vn -0.930411 0.143184 -0.337392
vn -0.876536 0.390409 -0.281541
vn -0.737894 0.636660 -0.223999
vn -0.457963 0.882360 -0.108216
vn -0.000000 0.997187 -0.074953
vn -0.664390 -0.696297 -0.271581
vn -0.410430 -0.756864 -0.508630
vn -0.462528 -0.654293 -0.598304
vn 0.000000 -0.098196 -0.995167
vn 0.000000 0.153395 -0.988165
vn 0.000000 -0.592116 -0.805853
vn -0.000000 -0.757945 -0.652319
vn -0.000000 -0.648005 -0.761636
vn -0.501601 -0.432222 -0.749386
vn -0.000000 -0.421367 -0.906890
vn -0.524611 -0.102151 -0.845191
vn 0.000000 -0.099385 -0.995049
vn 0.000000 0.180992 -0.983485
vn -0.518272 0.191768 -0.833438
vn 0.000000 0.415444 -0.909619
vn -0.514103 0.434347 -0.739622
vn 0.000000 0.692402 -0.721512
vn -0.458510 0.670012 -0.583826
vn -0.328386 0.856057 -0.399162
vn -0.000000 0.908896 -0.417022
vn -0.480434 -0.791269 0.378255
vn -0.587399 -0.755595 0.289894
vn -0.494250 -0.476625 0.727012
vn -0.190776 -0.635721 0.747973
vn -0.372495 -0.901899 0.218693
vn -0.032515 -0.968279 0.247748
vn -0.156361 -0.961257 0.227017
vn -0.304517 -0.925133 0.226714
vn -0.456356 -0.855635 0.244188
vn -0.611142 -0.733905 0.296461
vn -0.778518 -0.477131 0.407744
vn 0.088107 -0.951804 0.293779
vn 0.317505 0.906482 0.278356
vn 0.578089 0.721233 0.381624
vn 0.164079 0.957407 0.237590
vn 0.052609 0.971148 0.232602
vn -0.005078 0.971860 0.235507
vn -0.133298 0.951518 0.277209
vn -0.421586 0.811429 0.404782
vn 0.019503 -0.975547 0.218926
vn -0.118071 -0.974154 0.192568
vn -0.293768 -0.937342 0.187326
vn -0.471153 -0.857423 0.206980
vn -0.635607 -0.728097 0.256666
vn -0.795775 -0.501846 0.338958
vn 0.153020 -0.951546 0.266729
vn 0.414478 0.874216 0.252892
vn 0.657927 0.669766 0.344304
vn 0.211162 0.956227 0.202584
vn 0.070837 0.978566 0.193365
vn -0.009715 0.980200 0.197770
vn -0.160589 0.957424 0.239896
vn -0.502060 0.785808 0.361168
vn 0.000000 -0.946270 0.323378
vn 0.000003 0.460790 0.887509
vn -0.382633 0.262707 0.885763
vn -0.355919 -0.340580 0.870245
vn -0.000001 -0.355091 0.934832
vn -0.515970 0.053972 0.854904
vn -0.496247 -0.396165 0.772523
vn -0.486306 -0.380393 0.786643
vn -0.539101 -0.573831 0.616513
vn -0.416796 -0.427278 0.802318
vn -0.516394 -0.150046 0.843103
vn -0.597894 -0.424235 0.680108
vn -0.538545 0.035433 0.841852
vn -0.299643 -0.700552 0.647643
vn 0.000000 -0.738381 0.674384
vn 0.000000 -0.197806 0.980241
vn -0.272234 -0.169590 0.947169
vn -0.474075 -0.107133 0.873943
vn -0.546748 -0.571498 0.611929
vn -0.218390 0.090554 0.971651
vn 0.000000 0.064114 0.997943
vn -0.412911 0.125706 0.902055
vn -0.478706 0.232750 0.846562
vn -0.543964 -0.062297 0.836793
vn -0.501898 -0.659550 0.559546
vn -0.434717 -0.569357 0.697749
vn -0.299099 -0.565421 0.768661
vn -0.000000 -0.620758 0.784002
vn -0.965149 -0.230500 -0.123927
vn -0.982359 -0.183919 0.033850
vn -0.933499 -0.303888 -0.190346
vn -0.897218 -0.409138 -0.166154
vn -0.868885 -0.218205 -0.444326
vn -0.958309 -0.066182 0.277963
vn -0.718829 0.387371 0.577259
vn -0.990702 0.056705 -0.123668
vn 0.464957 -0.672170 -0.576197
vn 0.586727 -0.082000 -0.805623
vn -0.810978 -0.360149 -0.461094
vn -0.862021 -0.367603 0.348983
vn 0.511420 0.228356 -0.828434
vn 0.133562 0.785477 -0.604307
vn -0.811354 -0.520168 -0.266700
vn -0.674046 -0.527452 0.517163
vn -0.500045 -0.163313 0.850461
vn -0.548869 0.096622 0.830305
vn -0.471179 -0.325324 0.819851
vn 0.470794 0.178239 -0.864051
vn -0.151576 0.568951 -0.808282
vn 0.506328 -0.078374 -0.858772
vn 0.151864 -0.704801 -0.692959
vn -0.449048 0.401921 0.798007
vn -0.406862 0.001429 0.913488
vn -0.381350 0.172915 0.908115
vn -0.428965 -0.197283 0.881515
vn -0.393978 -0.144604 -0.907673
vn -0.578618 0.209325 -0.788280
vn -0.265182 -0.373887 -0.888756
vn -0.403820 -0.724106 -0.559107
vn -0.377873 0.336737 0.862450
vn -0.884515 -0.295259 -0.361187
vn -0.994103 -0.108061 -0.009058
vn -0.881218 -0.316567 -0.351057
vn -0.633433 0.528416 0.565278
vn -0.882406 -0.465112 -0.070930
vn -0.467119 -0.676664 0.569144
vn -0.523826 -0.658729 0.540077
vn -0.279737 -0.574867 0.768945
vn -0.158837 -0.518529 0.840178
vn -0.108636 -0.311284 0.944087
vn -0.099736 -0.250886 0.962865
vn -0.343454 0.543632 0.765835
vn -0.535499 0.300265 0.789356
vn -0.691113 0.253194 0.676946
vn -0.246918 0.447336 0.859606
vn -0.442496 0.283764 0.850691
vn -0.285004 0.211427 0.934918
vn -0.188912 0.313265 0.930687
vn -0.141675 0.065112 0.987770
vn -0.131725 0.015779 0.991161
vn -0.783097 0.152777 0.602841
vn -0.712183 0.108494 0.693560
vn 0.259573 -0.961937 0.085440
vn -0.631212 0.095220 0.769743
vn -0.531310 -0.844758 0.063982
vn -0.891459 -0.448215 0.066369
vn -0.734868 -0.675300 0.062766
vn -0.583335 0.102328 0.805760
vn -0.503788 0.038749 0.862958
vn -0.458697 -0.118249 0.880690
vn -0.957762 -0.281858 0.056990
vn -0.465239 -0.260425 0.846009
vn -0.997757 0.026089 0.061653
vn -0.095623 0.985210 0.142187
vn -0.562162 -0.443427 0.698102
vn -0.834038 0.531630 0.147478
vn -0.492851 -0.332707 0.803993
vn 0.719510 0.473849 0.507712
vn 0.264241 -0.874142 0.407495
vn 0.777982 0.467888 0.419315
vn 0.376241 -0.845031 0.379954
vn -0.014314 -0.999775 -0.015687
vn -0.091377 -0.927915 -0.361420
vn 0.068848 -0.712132 -0.698662
vn 0.034393 -0.667296 -0.743998
vn 0.210897 -0.039124 -0.976725
vn 0.181521 0.015704 -0.983262
vn -0.028477 -0.975237 0.219321
vn 0.164294 0.522009 -0.836967
vn 0.126550 0.668949 -0.732457
vn 0.063300 -0.768569 -0.636627
vn 0.085920 -0.050634 -0.995015
vn 0.017754 -0.960223 -0.278671
vn 0.085420 -0.668501 0.738789
vn 0.075522 -0.677836 0.731324
vn 0.059327 0.640645 -0.765542
vn 0.068754 -0.739786 -0.669320
vn 0.036779 -0.002346 -0.999321
vn 0.108394 -0.958678 -0.263036
vn -0.011413 -0.983522 0.180428
vn 0.039340 0.913535 -0.404854
vn 0.060290 0.648417 -0.758894
vn 0.016010 -0.655728 -0.754827
vn -0.005899 0.025182 -0.999665
vn 0.108599 0.131524 0.985346
vn 0.114577 0.076613 0.990456
vn 0.105007 -0.950077 -0.293816
vn 0.069649 0.917473 -0.391653
vn -0.095186 -0.656144 0.748608
vn 0.090597 -0.962048 0.257403
vn 0.038429 0.630419 -0.775304
vn 0.055498 0.997799 -0.036301
vn 0.065059 0.992188 -0.106445
vn 0.093986 -0.932567 -0.348548
vn -0.014052 -0.569809 -0.821657
vn 0.091053 -0.961703 0.258528
vn -0.011898 0.026644 -0.999574
vn 0.109647 0.913372 -0.392083
vn 0.005593 0.091952 0.995748
vn 0.077901 0.993956 0.077350
vn 0.064430 0.602296 -0.795669
vn 0.114130 0.621258 0.775250
vn 0.103930 0.658799 0.745105
vn -0.026966 -0.826986 -0.561575
vn -0.098480 -0.490946 -0.865606
vn 0.090693 -0.963480 0.251954
vn 0.070489 -0.090896 0.993363
vn 0.133960 -0.392378 0.909997
vn 0.073653 -0.418782 0.905095
vn -0.115953 0.043636 -0.992296
vn 0.083394 0.907748 -0.411142
vn 0.134252 0.978491 0.156628
vn -0.031622 0.533627 -0.845128
vn -0.018948 -0.982401 0.185820
vn 0.055263 -0.349603 0.935267
vn 0.009429 0.620924 0.783814
vn -0.086894 0.067648 -0.993918
vn 0.115708 0.905906 -0.407365
vn 0.071770 0.484165 0.872028
vn -0.002149 0.812010 -0.583639
vn -0.105989 -0.732637 -0.672317
vn -0.077895 0.083832 -0.993431
vn 0.047153 -0.361516 0.931173
vn 0.086235 0.983463 0.159261
vn 0.181628 0.586838 0.789070
vn -0.122483 -0.983339 0.134319
vn 0.096475 0.585395 0.804988
vn -0.021226 -0.409677 0.911984
vn 0.127983 0.979765 0.153884
vn 0.054949 0.550654 0.832923
vn -0.139958 -0.752505 -0.643543
vn -0.099670 0.094743 -0.990500
vn -0.139787 -0.983249 0.116965
vn 0.070725 0.982420 0.172768
vn -0.066118 -0.475689 0.877125
vn -0.068502 0.785403 -0.615183
vn 0.078040 0.506216 0.858869
vn 0.036210 0.431360 0.901453
vn -0.079324 -0.537486 0.839533
vn -0.018191 0.975233 0.220428
vn -0.106692 0.795554 -0.596415
vn -0.091785 -0.990019 0.106949
vn -0.093545 -0.764866 -0.637362
vn -0.082856 0.102517 -0.991275
vn 0.001110 0.334015 0.942567
vn -0.073892 -0.590435 0.803696
vn -0.088599 0.968570 0.232428
vn -0.097756 0.815353 -0.570651
vn -0.040337 0.269255 0.962224
vn -0.051307 -0.992237 0.113286
vn -0.056419 -0.761182 -0.646079
vn -0.057068 0.121107 -0.990998
vn -0.070524 0.843607 -0.532310
vn -0.030825 -0.635199 0.771733
vn -0.103573 0.974192 0.200556
vn -0.017197 -0.993322 0.114085
vn -0.034552 -0.762004 -0.646649
vn -0.070919 0.263863 0.961950
vn -0.046368 0.147436 -0.987984
vn -0.064558 0.871782 -0.485622
vn -0.074262 0.976271 0.203419
vn 0.028953 -0.679867 0.732764
vn 0.000548 -0.993845 0.110782
vn -0.017158 -0.766168 -0.642411
vn -0.046271 0.179083 -0.982745
vn -0.042776 0.263349 0.963752
vn -0.076486 0.895471 -0.438500
vn 0.051327 -0.995157 0.083836
vn 0.031844 -0.751792 -0.658631
vn -0.017603 0.226674 -0.973812
vn 0.066201 -0.711128 0.699939
vn -0.061962 0.974787 0.214363
vn 0.003690 -0.996982 0.077545
vn 0.033819 -0.790623 -0.611369
vn 0.068895 0.244391 -0.967226
vn -0.058292 0.911340 -0.407506
vn 0.010402 0.281182 0.959598
vn 0.051437 -0.814050 -0.578512
vn 0.258744 0.230568 -0.938025
vn 0.120869 -0.754540 0.645027
vn -0.043444 -0.997571 0.054444
vn -0.052517 0.967126 0.248816
vn 0.455561 -0.132859 -0.880234
vn 0.387110 -0.793419 -0.469715
vn 0.250776 -0.965560 -0.069321
vn 0.324117 -0.038507 -0.945233
vn 0.340426 -0.725715 -0.597870
vn -0.018952 0.922501 -0.385530
vn 0.259301 -0.958223 -0.120713
vn 0.060148 0.291220 0.954763
vn 0.077299 -0.773416 0.629168
vn 0.287920 0.771310 -0.567612
vn -0.028020 -0.996520 -0.078500
vn 0.116172 -0.718391 -0.685871
vn 0.136209 0.043311 -0.989733
vn 0.135001 0.941900 -0.307569
vn 0.128074 0.784826 -0.606338
vn -0.040746 0.971452 0.233709
vn 0.033635 -0.845858 0.532347
vn 0.163117 0.968670 -0.187274
vn -0.031954 -0.767650 -0.640072
vn 0.059826 0.099087 -0.993279
vn -0.192303 -0.981225 -0.014702
vn 0.028579 -0.991117 0.129886
vn -0.117648 -0.987985 0.100220
vn 0.052159 0.814978 -0.577140
vn 0.100426 0.354406 0.929683
vn 0.462057 -0.822621 0.331358
vn 0.180195 -0.930005 -0.320343
vn -0.035929 0.970298 0.239229
vn 0.056771 0.976242 -0.209115
vn -0.042145 -0.876761 -0.479077
vn 0.082354 -0.028944 -0.996183
vn 0.571684 -0.820453 -0.005970
vn 0.265419 -0.882956 -0.387223
vn -0.108574 -0.989712 0.093172
vn -0.258373 -0.964955 0.045879
vn 0.689479 -0.590458 0.419497
vn 0.076863 0.361515 0.929193
vn -0.093742 -0.860927 -0.500017
vn 0.041144 0.844171 -0.534492
vn 0.028994 0.967790 0.250085
vn 0.013842 0.977182 -0.211951
vn 0.429095 -0.887237 -0.169378
vn -0.001329 -0.830665 -0.556770
vn 0.162971 0.970179 0.179426
vn 0.056897 0.839591 -0.540231
vn 0.139199 0.431858 0.891135
vn 0.205188 -0.957421 -0.203082
vn -0.051610 -0.926996 -0.371504
vn 0.069872 -0.248273 -0.966167
vn 0.593087 -0.791434 0.147921
vn 0.575386 -0.291850 0.764039
vn -0.069614 -0.991113 0.113354
vn 0.461165 -0.877638 0.130688
vn 0.654964 -0.473428 0.588972
vn -0.315992 -0.789731 -0.525807
vn -0.116240 -0.993164 0.010612
vn 0.473246 0.538257 0.697365
vn 0.564199 -0.264297 0.782194
vn 0.045340 0.974562 -0.219486
vn 0.046483 0.998901 0.006061
vn 0.137276 0.544330 -0.827563
vn -0.296608 -0.804702 -0.514274
vn 0.632594 -0.446991 0.632475
vn -0.116259 -0.970404 -0.211661
vn -0.214021 -0.940216 -0.264932
vn -0.097519 -0.318145 -0.943013
vn 0.525602 -0.153109 0.836839
vn 0.321538 -0.940635 0.108722
vn 0.023425 0.999684 0.009167
vn -0.076702 0.538028 -0.839430
vn 0.394772 0.284584 0.873595
vn -0.291835 -0.907681 -0.301574
vn 0.576396 -0.473199 0.666221
vn 0.064926 -0.698624 -0.712537
vn -0.084583 -0.026370 -0.996068
vn 0.501304 0.027475 0.864835
vn 0.013914 0.969833 -0.243375
vn -0.286305 -0.957266 0.040894
vn -0.097745 -0.994908 0.024574
vn 0.240409 0.634825 0.734303
vn -0.584719 -0.716767 -0.379932
vn -0.135887 0.550342 -0.823807
vn -0.288833 -0.953638 -0.084556
vn 0.023900 0.943463 -0.330615
vn 0.090124 0.910649 0.403233
vn -0.091167 -0.745340 -0.660422
vn -0.068955 -0.085594 -0.993941
vn -0.170815 0.925474 -0.338113
vn 0.225193 -0.964918 0.134991
vn -0.254350 -0.898632 -0.357444
vn -0.115847 -0.992879 -0.027776
vn -0.645480 -0.762176 -0.049432
vn 0.252993 0.259439 0.932033
vn -0.465222 -0.835105 0.293545
vn 0.077941 0.996953 -0.003300
vn -0.087871 0.551890 -0.829274
vn 0.436991 0.138588 0.888725
vn 0.492137 -0.497964 0.714026
vn -0.678307 -0.495327 -0.542725
vn -0.265046 0.935756 -0.232616
vn 0.263293 -0.954822 0.137811
vn -0.006209 -0.712347 -0.701800
vn 0.086198 0.587249 0.804804
vn -0.069111 0.944412 -0.321419
vn -0.148465 -0.742870 -0.652765
vn -0.061085 -0.115884 -0.991383
vn -0.216503 -0.975882 -0.027949
vn -0.163970 -0.830644 0.532113
vn 0.199437 0.405459 0.892092
vn -0.185963 -0.970278 -0.154851
vn -0.323186 -0.030336 -0.945849
vn 0.334452 -0.938729 0.083247
vn -0.102054 -0.833306 -0.543311
vn -0.028808 0.576953 -0.816269
vn 0.416778 -0.526249 0.741187
vn 0.040782 0.911465 0.409352
vn -0.805518 -0.264918 -0.530056
vn -0.533927 -0.204642 -0.820393
vn -0.326023 -0.944876 0.030293
vn -0.604675 -0.519137 0.604041
vn -0.614224 -0.771888 -0.164067
vn -0.297387 0.948480 0.109299
vn -0.157462 0.982518 -0.099322
vn 0.400554 0.161074 0.902004
vn -0.398064 -0.910160 -0.114694
vn 0.082891 -0.802182 -0.591298
vn 0.094601 -0.126178 -0.987487
vn -0.215466 -0.789868 0.574180
vn -0.247906 -0.814584 -0.524401
vn 0.475932 -0.532560 0.699906
vn 0.059543 -0.998223 0.002210
vn -0.773124 0.256616 -0.580024
vn -0.308883 0.120715 0.943408
vn -0.150558 -0.095369 0.983990
vn -0.288859 -0.957257 0.014787
vn -0.378059 0.808012 0.451871
vn -0.217446 -0.974709 0.051565
vn 0.038216 0.585613 -0.809689
vn 0.114866 -0.803376 -0.584289
vn 0.011304 -0.103221 -0.994594
vn 0.132620 -0.991155 0.004802
vn 0.380572 -0.922616 0.062808
vn -0.176098 -0.852371 -0.492395
vn -0.103111 -0.087259 0.990835
vn -0.091473 0.030209 -0.995349
vn -0.037735 0.999252 -0.008491
vn 0.046074 0.998721 -0.020807
vn 0.044115 0.457036 0.888354
vn 0.309493 0.103601 0.945241
vn 0.084069 0.578269 0.811503
vn -0.946282 0.182110 -0.267181
vn -0.631396 -0.231741 -0.740023
vn -0.616019 0.488946 -0.617618
vn 0.024750 -0.809976 0.585940
vn -0.379723 0.785074 -0.489355
vn -0.067367 -0.795693 -0.601943
vn -0.063428 -0.107540 -0.992175
vn 0.545980 -0.474166 0.690704
vn -0.152420 0.556466 0.816771
vn -0.076770 0.568418 -0.819150
vn -0.576635 0.535585 -0.616960
vn -0.084977 -0.996377 -0.003320
vn 0.073025 -0.802707 0.591886
vn 0.337823 0.096249 0.936275
vn -0.203356 0.737141 -0.644415
vn -0.108378 0.484928 -0.867813
vn -0.675921 0.473130 -0.565047
vn -0.074008 0.574555 -0.815113
vn -0.295205 -0.955166 -0.022644
vn -0.051410 0.546237 0.836052
vn 0.019559 -0.105231 0.994255
vn -0.126865 -0.838592 -0.529782
vn -0.035295 -0.055611 -0.997829
vn -0.109169 -0.794941 0.596784
vn -0.370942 -0.661272 0.652013
vn -0.026389 0.999651 -0.000877
vn -0.042850 0.967220 -0.250297
vn 0.089224 0.877539 0.471132
vn -0.167681 -0.798783 -0.577779
vn -0.043044 -0.061978 -0.997149
vn -0.104784 -0.992633 0.060833
vn -0.205625 -0.978601 -0.007612
vn 0.010033 0.656686 0.754097
vn -0.309775 0.926206 -0.214901
vn 0.549863 -0.835233 -0.006074
vn 0.361625 -0.790008 -0.495091
vn -0.220996 -0.848863 0.480200
vn -0.059020 -0.102913 0.992938
vn 0.374285 0.131756 0.917906
vn 0.424290 -0.904294 0.047229
vn 0.274494 -0.600587 -0.750965
vn -0.138841 0.990301 -0.005170
vn 0.031677 0.610577 -0.791323
vn -0.016732 0.579508 0.814795
vn -0.731548 0.467292 -0.496464
vn 0.001495 0.438585 0.898689
vn -0.276324 -0.083739 -0.957410
vn 0.550601 -0.458950 0.697283
vn -0.079488 0.616608 0.783248
vn -0.051397 0.033943 -0.998101
vn 0.414981 -0.908874 0.041706
vn 0.115881 -0.675574 -0.728128
vn 0.359419 -0.611260 0.705109
vn -0.104305 0.994539 -0.003490
vn -0.007084 0.467597 -0.883913
vn -0.132288 -0.106686 0.985453
vn -0.239071 -0.097614 -0.966083
vn -0.338019 -0.941137 -0.002228
vn 0.083155 0.041971 -0.995652
vn -0.593945 0.757542 0.270850
vn -0.446978 0.152074 0.881524
vn -0.205049 -0.797690 0.567138
vn 0.061264 -0.806184 -0.588484
vn 0.004500 -0.043034 -0.999064
vn 0.042410 -0.999100 0.001257
vn -0.557656 0.827047 0.070796
vn 0.012207 0.581474 0.813474
vn -0.102023 0.972924 -0.207391
vn -0.094485 -0.812002 0.575955
vn -0.134190 0.567716 0.812214
vn -0.166983 0.981510 -0.093570
vn 0.052223 0.629012 -0.775639
vn 0.359609 -0.624438 0.693367
vn -0.485449 0.869783 0.088413
vn -0.208649 -0.784153 -0.584439
vn -0.021785 -0.078769 -0.996655
vn -0.015098 -0.999885 -0.001682
vn -0.008210 -0.763663 -0.645562
vn 0.331545 -0.938247 0.098843
vn -0.078032 -0.812634 -0.577526
vn -0.110042 -0.061029 0.992052
vn -0.029894 0.015949 -0.999426
vn 0.029749 -0.806476 0.590518
vn -0.130571 0.573226 0.808927
vn -0.184998 -0.022148 0.982489
vn -0.958096 -0.274622 -0.081451
vn -0.002026 0.999998 0.000595
vn -0.103023 0.652367 -0.750869
vn -0.260254 -0.719771 0.643582
vn 0.307010 0.096397 0.946812
vn -0.267733 -0.963493 0.000539
vn -0.519910 -0.241903 -0.819254
vn 0.013694 0.655706 0.754892
vn -0.414327 -0.793722 -0.445353
vn -0.370367 0.788428 -0.491131
vn 0.093484 0.003151 0.995616
vn -0.384509 -0.923047 0.011691
vn -0.053624 0.997969 -0.034373
vn 0.100491 0.879245 0.465651
vn -0.372153 0.609663 -0.699867
vn -0.031495 -0.765247 0.642966
vn 0.031699 0.518092 -0.854738
vn 0.491229 -0.684335 0.538870
vn -0.129248 0.600509 -0.789103
vn -0.370106 0.875947 0.309418
vn -0.021485 0.608293 0.793422
vn 0.041168 0.999150 0.002116
vn 0.026147 0.040303 0.998845
vn -0.048226 -0.042579 0.997929
vn -0.504465 0.465214 -0.727387
vn -0.477846 0.877085 0.048838
vn -0.307952 -0.664859 -0.680535
vn -0.244304 0.068978 -0.967242
vn -0.336226 -0.941157 -0.034280
vn -0.309956 -0.950633 -0.014979
vn 0.025683 0.000987 0.999670
vn -0.081331 -0.972547 0.218033
vn -0.362290 -0.900094 -0.242025
vn -0.223361 0.673509 0.704624
vn -0.164756 0.986309 -0.007103
vn -0.309216 -0.947366 0.082968
vn -0.234565 -0.784422 0.574161
vn -0.429132 0.775506 -0.463073
vn 0.089101 -0.799782 -0.593642
vn 0.124428 -0.094952 -0.987675
vn -0.842912 -0.393654 -0.366792
vn -0.637986 0.502324 -0.583648
vn -0.109164 0.074499 0.991228
vn -0.823775 0.348085 -0.447473
vn 0.360885 -0.072895 0.929757
vn 0.332692 -0.171471 0.927315
vn 0.009330 0.626642 0.779252
vn -0.063878 0.017845 0.997798
vn -0.151657 0.551750 -0.820105
vn 0.092556 -0.723638 0.683945
vn 0.256552 0.150444 0.954750
vn -0.216370 0.783593 -0.582380
vn 0.084814 -0.996393 0.002765
vn -0.713831 0.373000 -0.592720
vn -0.061664 -0.040274 0.997284
vn 0.025338 0.579052 0.814897
vn -0.328071 0.937131 0.118972
vn -0.082893 0.996177 -0.027579
vn 0.057951 0.566279 -0.822174
vn 0.015369 -0.100408 -0.994828
vn 0.147555 -0.796953 -0.585742
vn -0.306169 0.951929 -0.009590
vn -0.143418 0.652864 0.743774
vn -0.122260 0.542429 -0.831158
vn -0.196459 -0.980487 0.006999
vn -0.184868 -0.803366 -0.566063
vn 0.182774 -0.983136 0.006061
vn -0.374599 -0.800623 0.467631
vn -0.065498 -0.079132 0.994710
vn -0.093991 -0.083937 0.992028
vn -0.056304 0.505249 0.861135
vn -0.148468 0.061446 -0.987006
vn -0.328912 -0.668327 0.667200
vn 0.246333 -0.289797 0.924845
vn -0.527946 0.835845 0.150457
vn 0.166041 0.133961 0.976977
vn -0.285331 0.542560 0.790073
vn -0.712774 -0.405499 -0.572298
vn -0.633066 0.133536 -0.762493
vn 0.047459 -0.799486 0.598807
vn -0.286172 0.956160 0.062160
vn -0.827865 -0.558722 -0.049696
vn -0.154153 0.972105 -0.176772
vn -0.160509 0.987002 -0.008017
vn 0.007262 0.961706 -0.273986
vn -0.009908 0.999876 -0.012255
vn -0.561306 0.815956 0.138392
vn -0.158081 0.601010 0.783452
vn 0.046180 0.401377 0.914748
vn -0.048089 -0.779518 -0.624531
vn -0.054399 -0.107043 -0.992765
vn -0.320793 0.553241 0.768776
vn -0.805460 -0.413380 0.424678
vn -0.105293 0.569460 -0.815248
vn 0.002673 0.062558 0.998038
vn -0.269128 0.071693 0.960432
vn -0.056398 -0.998406 -0.002006
vn 0.099625 0.354543 0.929717
vn -0.557411 -0.220364 0.800458
vn -0.952269 0.193829 -0.235828
vn -0.098030 0.982109 0.160786
vn -0.421868 0.534962 -0.732013
vn 0.107998 -0.796508 0.594905
vn -0.952425 -0.296627 0.069991
vn -0.585868 0.788792 0.185921
vn 0.032707 0.999455 0.004520
vn -0.153748 0.974136 0.165594
vn -0.253468 -0.963461 0.086590
vn -0.385968 -0.824719 -0.413361
vn -0.016544 0.389912 0.920704
vn -0.218755 -0.725350 0.652697
vn -0.753325 -0.414645 0.510463
vn -0.037915 -0.044811 -0.998276
vn -0.016466 0.469872 -0.882581
vn -0.084788 0.871621 -0.482791
vn -0.039114 0.520964 0.852682
vn -0.003794 0.962121 0.272598
vn -0.088585 -0.779289 0.620372
vn 0.055597 -0.094893 0.993934
vn -0.170421 -0.801414 0.573317
vn -0.814925 0.489918 0.309641
vn -0.166759 0.555463 0.814648
vn -0.089269 0.995996 0.004760
vn -0.363065 0.730714 0.578136
vn -0.079827 0.572288 -0.816158
vn -0.985776 0.152477 -0.070680
vn -0.134352 0.979750 0.148458
vn -0.021039 0.999778 -0.000762
vn -0.678812 0.144915 0.719871
vn -0.163560 0.401939 0.900940
vn -0.211544 -0.784576 -0.582829
vn -0.047354 -0.075196 -0.996044
vn -0.224013 -0.773337 -0.593100
vn -0.035220 -0.080881 -0.996101
vn -0.628667 0.484393 0.608393
vn -0.825743 0.560672 -0.061606
vn -0.275175 -0.961351 -0.009150
vn -0.287447 0.740719 0.607214
vn -0.255812 -0.966726 0.001147
vn -0.051164 -0.100210 0.993650
vn -0.100632 0.879280 0.465553
vn 0.034728 0.937305 0.346775
vn -0.073148 -0.071026 0.994789
vn -0.456478 0.554801 0.695574
vn -0.194120 0.980957 -0.006331
vn -0.118079 -0.760579 0.638418
vn -0.113110 -0.993533 0.009919
vn -0.157082 -0.828684 -0.537223
vn -0.583506 0.759662 0.287114
vn -0.863148 0.432244 0.261039
vn -0.750812 0.579246 0.317420
vn -0.098481 0.504011 0.858064
vn -0.074692 0.037989 0.996483
vn -0.350260 0.882378 -0.314209
vn 0.001099 0.565842 0.824513
vn -0.183928 0.143832 -0.972359
vn -0.272439 0.685125 -0.675559
vn 0.068148 0.612146 -0.787803
vn 0.003141 0.509763 -0.860309
vn -0.184584 0.944861 0.270494
vn -0.118707 -0.106737 0.987176
vn -0.261043 -0.772772 0.578515
vn -0.045426 -0.729750 -0.682204
vn 0.093214 0.024597 -0.995342
vn -0.129119 0.991620 -0.004350
vn -0.211685 -0.790199 0.575131
vn -0.026427 0.488781 0.872006
vn -0.064151 -0.064670 0.995843
vn -0.031536 0.996665 0.075264
vn -0.159366 0.568861 0.806845
vn -0.166597 -0.986008 -0.005729
vn -0.130171 -0.026670 -0.991133
vn -0.120954 0.517667 -0.846990
vn 0.085535 -0.795945 -0.599296
vn 0.001549 -0.073538 -0.997291
vn 0.006969 0.464419 0.885588
vn -0.025691 -0.076024 0.996775
vn -0.319474 -0.797150 -0.512337
vn -0.109781 -0.021042 -0.993733
vn 0.030512 -0.802991 -0.595209
vn 0.033857 -0.104121 -0.993988
vn -0.063159 -0.817548 0.572387
vn 0.101879 -0.994792 0.003211
vn -0.242749 0.965545 0.093785
vn 0.094848 0.635030 -0.766642
vn 0.064432 -0.997922 0.000004
vn -0.318399 -0.947870 0.012860
vn -0.097458 -0.080523 0.991977
vn -0.085327 -0.729632 0.678496
vn -0.053443 -0.089486 0.994553
vn 0.062667 0.998031 0.002658
vn -0.132535 0.571836 0.809591
vn -0.000048 0.562843 -0.826564
vn -0.100363 0.484439 0.869049
vn -0.073921 0.649942 -0.756380
vn -0.045047 0.540617 -0.840062
vn -0.013575 -0.999908 -0.000563
vn -0.011985 -0.774130 -0.632914
vn -0.027614 -0.051829 -0.998274
vn 0.051328 -0.796289 0.602734
vn 0.103315 -0.790480 -0.603711
vn -0.019990 -0.099713 -0.994815
vn -0.025779 -0.151084 0.988185
vn 0.153171 -0.988200 0.000002
vn -0.004299 0.999921 0.011813
vn 0.040075 -0.800498 0.597995
vn 0.002239 -0.804763 -0.593592
vn 0.089144 -0.066979 -0.993764
vn 0.033151 0.024128 0.999159
vn -0.111135 0.560693 -0.820532
vn -0.224619 -0.781383 0.582226
vn 0.018605 0.611032 0.791387
vn -0.132728 0.990741 0.028555
vn -0.051646 -0.998665 0.000001
vn -0.059862 -0.773368 -0.631125
vn 0.018482 -0.999829 0.000178
vn 0.107107 0.994240 0.003842
vn -0.073542 -0.102426 -0.992018
vn 0.098745 -0.836136 -0.539561
vn -0.050570 -0.143768 -0.988318
vn 0.000436 0.515241 0.857045
vn 0.103313 -0.790471 0.603724
vn -0.099245 0.618343 -0.779617
vn 0.146050 -0.989266 -0.004693
vn -0.054486 -0.073059 0.995838
vn -0.046664 -0.772580 0.633200
vn -0.057317 0.492405 0.868477
vn 0.007282 0.584049 -0.811686
vn 0.036984 -0.107867 0.993477
vn -0.020994 -0.068206 0.997450
vn 0.037174 -0.802557 0.595416
vn -0.131543 0.991296 -0.005320
vn -0.091768 0.565040 -0.819944
vn -0.066533 -0.808636 -0.584535
vn -0.113954 -0.128506 -0.985140
vn -0.347018 -0.641061 -0.684558
vn -0.276068 -0.005120 -0.961124
vn -0.032270 0.999479 -0.000002
vn -0.373160 -0.927642 -0.015215
vn 0.048767 0.633977 0.771813
vn -0.168122 0.568603 -0.805249
vn 0.127544 -0.826185 0.548772
vn -0.034517 0.999390 0.005240
vn -0.028190 -0.999602 0.000955
vn -0.059858 -0.773364 0.631130
vn -0.081644 -0.051215 0.995345
vn -0.019992 -0.099701 0.994817
vn -0.177044 0.520339 -0.835405
vn -0.219919 -0.768044 -0.601452
vn -0.060345 -0.081705 -0.994828
vn -0.116611 0.650615 0.750401
vn 0.154323 -0.081666 0.984640
vn -0.260282 -0.965533 -0.000001
vn -0.000045 0.562843 0.826564
vn -0.026026 -0.797570 0.602665
vn -0.162046 0.986783 -0.000004
vn 0.019664 0.535529 0.844288
vn -0.135930 0.579502 -0.803555
vn -0.230360 0.973086 -0.006146
vn -0.382033 -0.644228 0.662587
vn 0.013638 -0.135798 0.990643
vn -0.702497 -0.395019 -0.591994
vn -0.656123 0.088401 -0.749459
vn -0.022322 0.999751 0.000741
vn -0.843810 -0.535221 -0.039027
vn 0.037917 0.600091 -0.799033
vn -0.240912 -0.798654 -0.551465
vn -0.090856 -0.084749 -0.992251
vn -0.111133 0.560694 0.820531
vn -0.073538 -0.102432 0.992018
vn -0.140958 0.617290 0.774005
vn 0.008786 0.942062 -0.335323
vn -0.180804 0.966142 -0.184063
vn -0.244432 -0.969636 0.007719
vn -0.206871 0.978327 -0.008998
vn -0.219918 -0.768044 0.601452
vn -0.325168 -0.004835 0.945644
vn -0.484325 0.482771 -0.729631
vn -0.115261 0.993335 -0.000001
vn -0.207576 0.978200 0.006118
vn -0.073532 -0.731006 -0.678397
vn 0.041377 0.015469 -0.999024
vn -0.047657 -0.123464 0.991204
vn 0.065090 0.587916 0.806299
vn -0.738165 -0.400073 0.543189
vn 0.023366 0.627850 -0.777983
vn 0.072922 0.997333 0.002908
vn -0.141538 -0.989933 0.000005
vn -0.106373 0.855830 -0.506202
vn -0.191474 0.966582 0.170459
vn 0.088356 -0.790612 -0.605910
vn -0.015186 -0.055686 -0.998333
vn -0.060345 -0.081705 0.994828
vn -0.009003 0.942060 0.335325
vn -0.200845 -0.793905 0.573913
vn 0.061979 0.628027 -0.775720
vn 0.115107 -0.993353 0.000004
vn -0.091768 0.565043 0.819942
vn -0.114363 0.580023 0.806532
vn -0.133366 0.991060 -0.003749
vn -0.085816 -0.744738 -0.661816
vn 0.035446 0.025923 -0.999035
vn -0.135156 0.990815 0.004232
vn -0.990713 0.125608 -0.052055
vn -0.073526 -0.731005 0.678400
vn -0.700856 0.091203 0.707448
vn -0.216425 0.525242 0.822971
vn 0.056979 0.998375 0.000002
vn -0.166990 -0.985945 0.005273
vn -0.828159 0.558728 -0.044437
vn 0.062783 -0.814863 -0.576244
vn -0.047253 -0.054677 -0.997385
vn -0.025746 -0.999669 0.000004
vn -0.019465 -0.772804 -0.634346
vn 0.102287 -0.994750 -0.003145
vn -0.027860 -0.030976 -0.999132
vn 0.088354 -0.790602 0.605923
vn 0.050396 0.649786 -0.758445
vn -0.085591 0.589597 0.803150
vn -0.102362 0.639717 -0.761764
vn -0.138730 0.855982 0.498044
vn -0.520070 0.493699 0.696985
vn -0.046008 -0.745343 0.665092
vn 0.063959 0.997950 -0.002121
vn 0.037915 0.600087 0.799036
vn 0.041381 0.015458 0.999024
vn -0.027919 -0.092240 0.995345
vn 0.095804 -0.814947 0.571562
vn -0.120264 0.665343 -0.736787
vn -0.021167 -0.999776 0.000868
vn -0.046726 -0.782127 -0.621364
vn -0.077282 -0.026747 -0.996651
vn 0.096546 0.995329 -0.000004
vn -0.118657 0.610764 -0.782872
vn -0.015188 -0.055676 0.998333
vn -0.019464 -0.772796 0.634356
vn 0.095983 0.026290 0.995036
vn 0.071199 0.632960 0.770903
vn 0.107186 0.994233 -0.003521
vn -0.343639 -0.657164 -0.670856
vn -0.246198 0.020082 -0.969011
vn -0.375713 -0.926736 -0.000003
vn -0.146589 0.989197 0.000002
vn 0.061981 0.628034 0.775714
vn -0.140102 0.637066 -0.757970
vn 0.009484 -0.055113 0.998435
vn -0.012458 -0.783246 0.621587
vn -0.027858 -0.030978 0.999132
vn -0.134093 0.990959 0.004414
vn 0.096032 0.650628 0.753300
vn -0.382606 -0.668534 -0.637711
vn -0.305986 0.015522 -0.951910
vn -0.102364 0.639724 0.761758
vn -0.375522 -0.926712 0.013735
vn -0.135031 0.558260 -0.818604
vn -0.343634 -0.657163 0.670859
vn -0.282025 0.959407 0.000000
vn -0.022791 -0.027345 0.999366
vn -0.756809 -0.397116 -0.519172
vn -0.713525 0.109124 -0.692080
vn -0.861339 -0.508031 -0.000013
vn -0.077712 0.664713 0.743046
vn 0.018224 0.946934 -0.320911
vn -0.160435 0.967388 -0.196015
vn -0.119848 0.607596 0.785152
vn -0.182688 0.983128 0.009152
vn -0.246193 0.020079 0.969013
vn -0.233379 0.972361 0.007019
vn -0.188794 0.563593 -0.804189
vn -0.523090 0.508591 -0.683895
vn -0.348423 -0.666546 0.659027
vn -0.764052 -0.404515 -0.502586
vn -0.721404 0.114806 -0.682932
vn 0.097495 0.995173 0.011229
vn -0.756819 -0.397115 0.519158
vn -0.150817 0.967515 0.202900
vn -0.859334 -0.510323 0.033404
vn -0.098198 0.637081 0.764516
vn -0.116478 0.858613 -0.499216
vn -0.008583 0.953840 -0.300194
vn -0.176865 0.967298 -0.181808
vn -0.207457 0.978206 0.008676
vn -0.051656 0.689094 0.722828
vn -0.255704 0.009401 0.966710
vn -0.160328 0.986909 0.017458
vn -0.992196 0.124690 -0.000005
vn -0.515113 0.540691 -0.665065
vn -0.713530 0.109129 0.692074
vn -0.873054 0.487623 -0.000006
vn -0.171131 0.966176 0.192921
vn -0.731005 -0.401793 0.551538
vn 0.073301 0.997236 -0.012118
vn -0.120991 0.887541 -0.444559
vn 0.002897 0.945264 0.326295
vn -0.086480 0.864045 0.495931
vn -0.553279 0.482737 0.678858
vn -0.124659 0.992187 0.005092
vn -0.990317 0.135560 0.029930
vn -0.143864 0.560986 0.815229
vn -0.687046 0.091582 0.720820
vn -0.846157 0.531296 0.041755
vn -0.130268 0.869226 0.476945
vn -0.488886 0.514973 0.704126
vn 0.220531 -0.458137 0.861091
vn 0.322474 -0.080233 0.943172
vn -0.193804 -0.142690 0.970608
vn -0.171666 -0.557112 0.812500
vn 0.000000 -0.327847 -0.944731
vn 0.000000 -0.358489 -0.933534
vn -0.318101 -0.361335 -0.876498
vn -0.310997 -0.347399 -0.884644
vn -0.000000 -0.866636 -0.498942
vn -0.000000 -0.995967 -0.089725
vn 0.530028 -0.843255 -0.089396
vn 0.261652 -0.459495 -0.848765
vn -0.112740 -0.412793 0.903821
vn -0.250083 -0.272369 0.929125
vn -0.000000 -0.199251 0.979949
vn -0.000000 -0.281694 0.959504
vn -0.359663 -0.066063 0.930741
vn -0.000000 -0.063504 0.997982
vn -0.376897 0.110389 -0.919654
vn -0.333956 -0.240202 -0.911469
vn -0.000000 -0.214649 -0.976691
vn -0.000000 0.134357 -0.990933
vn -0.981698 0.001983 -0.190433
vn -0.937499 -0.303853 -0.169612
vn -0.707388 -0.283787 -0.647354
vn -0.759589 0.039943 -0.649176
vn 0.318292 0.208305 0.924824
vn 0.184105 0.428441 0.884615
vn -0.161725 0.504995 0.847836
vn -0.199794 0.226794 0.953230
vn -0.000000 -0.257830 -0.966190
vn -0.270073 -0.297471 -0.915736
vn -0.333664 0.397331 -0.854867
vn -0.000000 0.367182 -0.930149
vn -0.673046 0.426220 -0.604439
vn -0.897599 0.404244 -0.175792
vn -0.529143 0.177087 0.829848
vn -0.468522 0.483182 0.739610
vn -0.751053 0.335893 0.568414
vn -0.853260 0.038105 0.520092
vn -0.549797 -0.192142 0.812899
vn -0.837120 -0.246120 0.488523
vn -0.484428 -0.574079 0.660124
vn -0.709294 -0.522500 0.473177
vn -0.723543 -0.052642 0.688269
vn -0.726621 -0.321390 0.607232
vn -0.919162 -0.306673 0.247168
vn -0.963616 -0.017327 0.266728
vn -0.650599 0.224684 0.725423
vn -0.886930 0.372381 0.273290
vn -0.000000 -0.993335 0.115260
vn 0.278979 -0.950936 0.133759
vn 0.112663 0.686671 -0.718185
vn -0.202826 0.646674 -0.735306
vn -0.000000 0.509423 -0.860516
vn -0.000000 0.625817 -0.779970
vn -0.800048 0.591454 -0.100529
vn -0.784289 0.608560 -0.120602
vn -0.539699 0.696657 -0.472645
vn -0.528235 0.704061 -0.474622
vn -0.676677 0.433194 -0.595358
vn -0.907481 0.405917 -0.108207
vn -0.000000 0.436571 -0.899670
vn -0.000000 0.153117 -0.988208
vn 0.258665 0.274784 -0.926059
vn 0.205431 0.541204 -0.815412
vn -0.195081 -0.461616 0.865363
vn -0.000764 -0.820399 0.571791
vn -0.000000 -0.946750 0.321970
vn -0.000000 -0.557797 0.829978
vn -0.927479 0.205558 0.312296
vn -0.948298 0.103370 0.300075
vn -0.571567 0.064406 0.818024
vn -0.617037 0.078467 0.783012
vn -0.762641 0.090064 -0.640521
vn -0.761784 -0.159065 -0.628000
vn -0.984737 0.017730 -0.173141
vn -0.971398 0.195575 -0.134673
vn -0.694597 -0.496217 0.520869
vn -0.165132 0.677264 -0.716969
vn -0.191287 0.350895 -0.916669
vn -0.207678 -0.353812 -0.911969
vn -0.222032 -0.050312 -0.973741
vn 0.271971 -0.100237 -0.957071
vn -0.264199 -0.318798 0.910256
vn -0.366997 -0.197298 0.909058
vn 0.968220 -0.212895 -0.131251
vn 0.436871 -0.525187 -0.730289
vn -0.240784 -0.402772 -0.883062
vn -0.751960 -0.237254 -0.615034
vn -0.973998 -0.096938 -0.204769
vn 0.976135 -0.105854 0.189621
vn -0.952872 -0.026535 0.302210
vn -0.583558 -0.009780 0.812012
vn -0.077134 -0.018720 0.996845
vn -0.940357 -0.173863 0.292405
vn -0.925932 -0.247462 0.285329
vn -0.592181 -0.198065 0.781084
vn -0.599713 -0.129790 0.789620
vn -0.692673 -0.244022 -0.678717
vn -0.944644 -0.254189 -0.207451
vn -0.954046 -0.206264 -0.217375
vn -0.703706 -0.239599 -0.668872
vn 0.599708 -0.145102 -0.786954
vn -0.089605 -0.203636 -0.974938
vn -0.142340 -0.250222 -0.957668
vn 0.590207 -0.189410 -0.784716
vn 0.986303 -0.028003 -0.162547
vn 0.983621 -0.045711 -0.174359
vn 0.968888 -0.032016 0.245420
vn 0.976627 -0.005564 0.214869
vn -0.043811 -0.150581 0.987626
vn -0.086669 -0.096661 0.991537
vn -0.000000 -0.229745 -0.973251
vn -0.574249 -0.227556 0.786420
vn -0.000095 -0.172826 0.984952
vn -0.920728 -0.258768 0.292061
vn -0.683144 -0.238447 -0.690259
vn -0.946425 -0.255764 -0.197142
vn 0.627698 -0.120641 -0.769053
vn -0.040953 -0.170027 -0.984588
vn 0.981545 -0.064183 -0.180140
vn 0.963959 -0.058145 0.259621
vn -0.582485 -0.211979 0.784714
vn 0.014111 -0.149419 0.988673
vn -0.927724 -0.247401 0.279501
vn -0.688729 -0.220316 -0.690734
vn -0.951249 -0.234783 -0.200007
vn 0.646128 -0.121198 -0.753545
vn -0.017215 -0.158179 -0.987260
vn 0.977628 -0.080966 -0.194132
vn 0.968985 -0.078608 0.234284
vn -0.644827 -0.124254 0.754161
vn 0.000321 -0.096653 0.995318
vn -0.946125 -0.140208 0.291871
vn -0.730221 -0.108050 -0.674613
vn -0.976855 -0.111396 -0.182608
vn 0.665155 -0.123433 -0.736432
vn -0.027765 -0.105237 -0.994060
vn 0.973849 -0.105059 -0.201449
vn 0.971287 -0.101605 0.215122
vn 0.974190 0.063590 -0.216588
vn 0.958396 0.200794 -0.202877
vn 0.651484 0.386418 -0.652878
vn 0.705818 0.181559 -0.684732
vn -0.025576 0.494292 -0.868920
vn -0.016798 0.281485 -0.959419
vn -0.725295 0.232098 -0.648134
vn -0.663718 0.432493 -0.610269
vn -0.949561 0.274626 -0.151377
vn -0.979222 0.135282 -0.151074
vn 0.990728 -0.007796 0.135637
vn 0.984265 0.069520 0.162447
vn -0.830399 0.043311 0.555483
vn -0.829524 0.045103 0.556647
vn -0.576987 -0.060471 0.814512
vn -0.568311 0.077632 0.819143
vn 0.008774 -0.132827 0.991100
vn 0.022207 0.088284 0.995848
vn -0.925803 -0.108195 0.362191
vn -0.921554 -0.169390 0.349351
vn -0.555715 -0.125566 0.821836
vn -0.554475 -0.094134 0.826859
vn -0.714650 -0.111123 -0.690599
vn -0.710023 -0.204550 -0.673815
vn -0.970797 -0.188465 -0.148442
vn -0.981712 -0.116369 -0.150668
vn 0.652855 -0.099227 -0.750956
vn 0.659764 -0.154570 -0.735405
vn -0.055399 -0.195634 -0.979111
vn -0.059080 -0.093525 -0.993862
vn 0.975351 -0.093994 -0.199639
vn 0.974642 -0.093872 -0.203127
vn 0.967510 -0.085833 0.237816
vn 0.972499 -0.067475 0.222920
vn 0.037727 -0.085855 0.995593
vn 0.028590 -0.080912 0.996311
vn -0.925072 0.133486 0.355560
vn -0.930277 0.030433 0.365594
vn -0.548731 -0.051474 0.834413
vn -0.575196 -0.007437 0.817982
vn -0.680501 0.314831 -0.661665
vn -0.710269 0.111783 -0.694998
vn -0.987032 0.079777 -0.139295
vn -0.960398 0.245668 -0.131462
vn 0.632977 0.286129 -0.719354
vn 0.655126 0.092802 -0.749799
vn -0.045792 0.126920 -0.990855
vn -0.030208 0.316728 -0.948035
vn 0.961436 0.185954 -0.202638
vn 0.978524 0.031146 -0.203767
vn 0.965573 0.090574 0.243853
vn 0.969168 -0.016259 0.245863
vn 0.040383 -0.086252 0.995455
vn 0.038928 -0.099886 0.994237
vn -0.562986 -0.262975 0.783512
vn -0.003271 -0.376090 0.926578
vn -0.799681 -0.066230 0.596761
vn -0.659907 0.417482 -0.624685
vn -0.947579 0.286075 -0.142321
vn 0.623018 0.394764 -0.675285
vn -0.022440 0.452084 -0.891693
vn 0.949121 0.239761 -0.204167
vn 0.966772 0.113301 0.229162
vn -0.602047 -0.095079 0.792780
vn 0.037719 -0.241326 0.969711
vn -0.939511 0.154638 0.305625
vn -0.906587 -0.095028 0.411180
vn -0.889214 -0.030352 0.456484
vn -0.581328 -0.022285 0.813364
vn -0.607404 -0.072034 0.791120
vn -0.722953 -0.175034 -0.668358
vn -0.736294 -0.101886 -0.668947
vn -0.989443 -0.069447 -0.127197
vn -0.983699 -0.131610 -0.122537
vn 0.616502 -0.106409 -0.780130
vn 0.559276 -0.059361 -0.826853
vn -0.108886 -0.100357 -0.988975
vn -0.074574 -0.179545 -0.980919
vn 0.946650 -0.025130 -0.321282
vn 0.925127 -0.026224 -0.378752
vn 0.990686 0.008261 0.135913
vn 0.995356 -0.016011 0.094924
vn -0.014152 -0.011480 0.999834
vn -0.019119 -0.033742 0.999248
vn -0.917773 -0.192563 0.347293
vn -0.572044 -0.148353 0.806695
vn -0.697086 -0.252675 -0.670989
vn -0.963345 -0.221660 -0.151108
vn 0.664420 -0.167126 -0.728433
vn -0.038648 -0.240949 -0.969768
vn 0.968791 -0.087700 -0.231848
vn 0.979739 -0.054114 0.192831
vn 0.027894 -0.099891 0.994607
vn -0.959000 -0.043312 0.280076
vn -0.638634 -0.027045 0.769035
vn -0.746949 0.004122 -0.664868
vn -0.987609 -0.015179 -0.156197
vn 0.688462 -0.028134 -0.724727
vn -0.033787 0.019522 -0.999238
vn 0.974108 -0.067195 -0.215866
vn 0.975957 -0.098366 0.194503
vn 0.027207 -0.054107 0.998164
vn -0.342194 0.113282 0.932776
vn -0.000000 0.080444 0.996759
vn -0.269453 0.184691 0.945137
vn -0.000000 0.146188 0.989257
vn -0.541327 0.300570 0.785253
vn -0.804216 0.485586 0.342699
vn -0.185273 0.775564 0.603469
vn -0.270185 0.755945 0.596278
vn -0.206774 0.238647 0.948837
vn -0.126634 0.224711 0.966162
vn -0.193183 0.975167 -0.108302
vn -0.295617 0.951923 -0.080330
vn -0.166818 0.710805 -0.683321
vn -0.274794 0.703918 -0.654972
vn -0.160853 0.094911 -0.982404
vn -0.233547 0.128178 -0.963860
vn -0.142605 -0.588648 -0.795711
vn -0.156827 -0.586204 -0.794840
vn -0.073391 -0.996194 -0.047019
vn -0.076560 -0.996057 -0.044827
vn -0.126229 -0.554554 0.822518
vn -0.133581 -0.592711 0.794261
vn -0.229149 0.700108 -0.676269
vn -0.219169 0.973445 -0.066109
vn -0.174707 0.099209 -0.979610
vn -0.158294 -0.577617 -0.800813
vn -0.122634 -0.992321 -0.016100
vn -0.102619 -0.611265 0.784745
vn -0.128140 0.211251 0.968996
vn -0.181847 0.759940 0.624038
vn 0.419097 -0.374050 0.827312
vn -0.001810 -0.660694 0.750654
vn -0.000000 -0.113897 0.993493
vn 0.586661 -0.091975 0.804592
vn -0.000001 0.211520 0.977374
vn 0.572248 0.152890 0.805703
vn -0.555007 -0.726116 0.405860
vn -0.793599 -0.586239 0.162864
vn -0.904884 -0.411393 0.109277
vn -0.009737 0.734135 0.678934
vn -0.020319 0.708602 0.705316
vn -0.022716 0.165021 0.986028
vn -0.012661 0.168826 0.985565
vn -0.028504 0.994493 -0.100851
vn -0.034646 0.994169 -0.102116
vn -0.068295 0.656896 -0.750882
vn -0.092148 0.631054 -0.770247
vn -0.090115 0.084893 -0.992307
vn -0.118122 0.080699 -0.989715
vn -0.082372 -0.668120 -0.739480
vn -0.092911 -0.641006 -0.761892
vn -0.046885 -0.998900 0.000626
vn -0.039758 -0.999204 0.003179
vn -0.025244 -0.688068 0.725207
vn -0.020144 -0.674510 0.737991
vn -0.049604 0.643547 -0.763798
vn -0.004430 0.994777 -0.101973
vn -0.083095 0.074890 -0.993724
vn -0.077540 -0.625072 -0.776706
vn -0.035057 -0.999331 0.010410
vn -0.016129 -0.674781 0.737842
vn -0.017346 0.145873 0.989151
vn -0.004091 0.684350 0.729142
vn -0.038007 0.171785 0.984401
vn -0.017175 0.162472 0.986564
vn -0.034067 -0.692270 0.720834
vn -0.055761 -0.657788 0.751137
vn -0.061424 0.762577 0.643975
vn -0.015772 0.736358 0.676409
vn -0.088757 0.992116 -0.088480
vn -0.038551 0.994386 -0.098541
vn -0.134279 0.691792 -0.709502
vn -0.091528 0.656830 -0.748463
vn -0.136639 0.085552 -0.986920
vn -0.116730 0.079341 -0.989990
vn -0.147687 -0.623778 -0.767522
vn -0.112033 -0.672344 -0.731712
vn -0.111184 -0.993797 0.002259
vn -0.066163 -0.997805 0.002891
vn -0.818531 0.021226 0.574069
vn -0.603807 0.047018 0.795743
vn -0.004230 0.014910 0.999880
vn 0.412972 -0.456224 0.788235
vn -0.061975 -0.722668 0.688411
vn 0.629704 -0.100459 0.770312
vn 0.609329 0.155585 0.777504
vn 0.370603 0.453265 0.810681
vn 0.376735 0.452260 0.808413
vn 0.020428 0.665915 0.745748
vn -0.049508 0.622860 0.780765
vn -0.571394 0.665063 0.480833
vn -0.510811 0.590175 0.625112
vn -0.753086 -0.602643 0.263974
vn -0.932279 -0.320990 0.166798
vn -0.939023 -0.341794 0.037590
vn -0.466969 -0.744667 0.476877
vn -0.847693 0.382727 0.367338
vn -0.894903 0.381360 0.231762
vn -0.982126 -0.018363 0.187327
vn -0.995965 -0.052153 0.073039
vn -0.193952 -0.567649 -0.800098
vn -0.066984 0.101044 -0.992624
vn -0.202111 0.137828 -0.969616
vn -0.436532 -0.300702 -0.847949
vn -0.892626 0.303662 0.333179
vn -0.852186 0.444815 0.275535
vn -0.979473 0.072109 0.188239
vn -0.967628 0.166452 0.189711
vn -0.894367 -0.370975 -0.249971
vn -0.640732 -0.377877 -0.668335
vn -0.674960 -0.368252 -0.639390
vn -0.905751 -0.373098 -0.201032
vn -0.941195 -0.337620 -0.012816
vn -0.991276 -0.125796 0.039327
vn -0.954506 -0.142592 -0.261888
vn -0.490518 -0.253586 -0.833719
vn -0.608572 -0.340267 -0.716840
vn -0.933842 -0.258057 -0.247681
vn -0.943908 0.265218 0.196718
vn -0.000000 0.626734 0.779233
vn 0.006714 0.734544 0.678528
vn -0.564758 0.706134 0.427110
vn -0.839318 0.273862 0.469622
vn -0.549349 0.390445 0.738761
vn -0.253831 0.247394 0.935075
vn -0.304048 -0.511926 0.803422
vn -0.917974 -0.334369 -0.213354
vn -0.302273 -0.951633 -0.055002
vn -0.529096 0.647800 0.548099
vn -0.392596 0.594931 0.701374
vn -0.063321 0.733485 0.676750
vn 0.000000 0.697462 0.716622
vn 0.727660 0.008464 0.685885
vn 0.771723 -0.004857 0.635940
vn 0.688870 -0.061693 0.722255
vn 0.704718 -0.054909 0.707360
vn 0.668894 -0.080124 0.739027
vn 0.659827 -0.064724 0.748625
vn 0.674882 -0.022050 0.737597
vn 0.686922 -0.073717 0.722983
vn 0.628088 -0.122061 0.768509
vn 0.623115 -0.239957 0.744411
vn 0.834203 -0.071326 0.546825
vn 0.843919 -0.057640 0.533366
vn 0.634363 0.003395 0.773028
vn 0.846145 -0.052117 0.530399
vn 0.655890 -0.081626 0.750431
vn 0.841661 -0.099516 0.530757
vn 0.725601 -0.108775 0.679463
vn 0.718755 -0.103245 0.687554
vn 0.677869 -0.099123 0.728470
vn 0.660162 -0.099614 0.744488
vn 0.648367 -0.097633 0.755042
vn 0.610634 -0.074895 0.788363
vn 0.559668 -0.049540 0.827235
vn -0.204749 0.122697 0.971094
vn -0.000000 0.104691 0.994505
vn -0.620635 0.241118 0.746106
vn -0.643105 0.187913 0.742364
vn -0.181973 0.043829 0.982326
vn 0.000000 0.023901 0.999714
vn -0.628990 0.126742 0.767012
vn -0.169016 -0.091512 0.981356
vn 0.000000 -0.108623 0.994083
vn -0.396704 0.089700 0.913554
vn -0.428669 0.180161 0.885317
vn -0.381911 -0.008402 0.924161
vn -0.000000 0.701121 0.713042
vn -0.121973 0.699510 0.704137
vn -0.154375 0.683604 0.713340
vn -0.125232 0.683418 0.719206
vn -0.951845 0.289619 -0.100560
vn -0.991768 0.058717 -0.113790
vn -0.772390 0.048137 -0.633321
vn -0.805338 0.284554 -0.520058
vn -0.845795 0.437913 0.304735
vn -0.872111 0.120419 0.474259
vn -0.204384 0.094677 -0.974302
vn -0.258262 0.374875 -0.890376
vn -0.424637 0.546388 0.721903
vn -0.534650 0.137023 0.833891
vn 0.515440 0.103022 -0.850710
vn 0.505973 0.314574 -0.803140
vn 0.063612 0.096482 0.993300
vn 0.924224 0.032090 -0.380500
vn 0.998816 0.003803 0.048501
vn 0.824103 0.031064 0.565588
vn -0.209648 -0.155839 -0.965278
vn 0.000000 -0.116625 -0.993176
vn -0.000000 0.096124 -0.995369
vn -0.168129 0.122568 -0.978115
vn 0.931304 0.145543 -0.333902
vn 0.997513 0.065379 0.026345
vn 0.898109 0.144581 0.415326
vn 0.208455 0.412952 0.886576
vn 0.709462 -0.026399 0.704249
vn 0.003800 -0.074665 0.997202
vn -0.594243 -0.124370 0.794612
vn -0.916308 -0.163640 0.365517
vn -0.971066 -0.199389 -0.131433
vn -0.702751 -0.243424 -0.668496
vn -0.044740 -0.244865 -0.968524
vn 0.651007 -0.167843 -0.740283
vn 0.963283 -0.074776 -0.257867
vn 0.985826 -0.029668 0.165130
vn -0.000000 0.679222 0.733933
vn -0.295617 0.784812 0.544683
vn -0.000000 0.563705 0.825976
vn -0.071906 0.708053 -0.702489
vn -0.161050 0.681796 -0.713595
vn -0.066961 0.992188 -0.105261
vn -0.115125 0.989766 -0.084312
vn -0.160233 0.810993 0.562686
vn -0.296021 0.765129 0.571795
vn -0.000000 0.417538 -0.908659
vn -0.088028 0.441272 -0.893045
vn -0.307335 0.128549 -0.942879
vn -0.171718 0.899887 0.400895
vn -0.284111 0.698299 -0.657008
vn -0.247493 0.833565 0.493879
vn -0.246648 0.708927 -0.660748
vn -0.256407 0.672424 -0.694335
vn -0.370349 0.928776 0.014717
vn -0.198301 0.979755 -0.027525
vn -0.203334 0.978651 -0.029960
vn 0.260072 0.730352 0.631624
vn -0.509473 0.722558 0.467277
vn -0.640638 -0.039999 0.766801
vn 0.299188 0.032158 0.953652
vn -0.428419 -0.702685 0.568059
vn 0.295720 -0.631510 0.716760
vn -0.356069 0.874566 0.329164
vn 0.293764 0.768527 0.568391
vn 0.967793 0.012644 0.251428
vn -0.989313 -0.100302 0.105829
vn 0.991034 0.047404 0.124921
vn 0.592992 -0.791563 -0.147611
vn 0.501642 -0.859364 0.099238
vn 0.553074 0.680093 0.481231
vn -0.663822 0.685557 0.298918
vn -0.763346 0.610168 0.212125
vn -0.991065 -0.128351 -0.036270
vn -0.847286 0.527987 0.057770
vn -0.497767 -0.861536 -0.099918
vn 0.633158 -0.768559 0.091809
vn 0.952416 0.043421 0.301692
vn 0.763992 0.558142 0.323717
vn -0.099781 0.931276 0.350384
vn -0.166504 0.926233 0.338186
vn -0.176162 0.897374 0.404582
vn -0.064046 0.902886 0.425083
vn -0.138500 0.921700 0.362336
vn -0.149567 0.926948 0.344089
vn -0.979154 -0.073984 -0.189166
vn -0.421558 -0.856616 -0.297486
vn -0.984697 -0.073606 -0.157972
vn -0.473794 -0.876058 -0.089680
vn -0.041762 -0.973156 0.226328
vn -0.999141 0.029274 -0.029341
vn -0.775748 0.621868 0.107217
vn -0.626150 -0.776333 0.072414
vn 0.022726 0.892396 0.450680
vn -0.059924 0.766520 0.639418
vn -0.233120 0.748812 0.620432
vn -0.276485 0.901280 0.333543
vn 0.267361 0.741951 0.614839
vn -0.517847 0.728081 0.449146
vn -0.653463 -0.038767 0.755966
vn 0.307918 0.032051 0.950873
vn -0.436482 -0.713177 0.548509
vn 0.305645 -0.640908 0.704144
vn -0.073438 0.911739 0.404153
vn 0.333732 0.866344 0.371579
vn 0.955559 0.021926 0.293983
vn -0.914808 -0.129308 0.382630
vn 0.993423 0.041733 0.106627
vn 0.593936 -0.792008 -0.141291
vn 0.467951 -0.848634 0.246662
vn 0.554145 0.731302 0.397643
vn -0.634674 0.768236 0.083684
vn -0.754202 0.640136 0.146303
vn -0.991175 -0.128034 -0.034340
vn -0.847909 0.527221 0.055569
vn -0.498164 -0.861710 -0.096379
vn 0.633332 -0.768955 0.087169
vn 0.955962 0.043697 0.290220
vn 0.767599 0.560467 0.310917
vn -0.168061 0.930618 0.325123
vn -0.177188 0.903793 0.389567
vn -0.064590 0.909507 0.410641
vn -0.100236 0.936094 0.337165
vn -0.150643 0.931509 0.331055
vn -0.139580 0.926755 0.348774
vn -0.980064 -0.074630 -0.184135
vn -0.423681 -0.859404 -0.286216
vn -0.979856 -0.061484 -0.190003
vn -0.500973 -0.865450 -0.004645
vn 0.014327 -0.944826 0.327259
vn -0.541788 0.826282 0.154028
vn -0.210334 -0.949008 0.234828
vn 0.022930 0.900132 0.435012
vn -0.060430 0.781264 0.621269
vn -0.238531 0.760741 0.603636
vn -0.278412 0.905440 0.320415
vn 0.247163 0.778753 0.576589
vn -0.486819 0.765153 0.421365
vn -0.654118 -0.040501 0.755307
vn 0.303505 0.033059 0.952256
vn -0.411494 -0.747770 0.521069
vn 0.296099 -0.680585 0.670171
vn -0.052924 0.943534 0.327020
vn 0.309173 0.891786 0.330347
vn 0.968120 0.042592 0.246838
vn -0.759191 -0.335874 0.557511
vn 0.991581 0.051450 0.118831
vn 0.553117 -0.822741 -0.130994
vn 0.404190 -0.891130 0.206199
vn 0.527814 0.727696 0.438031
vn -0.618171 0.775577 0.127847
vn -0.726263 0.658053 0.198770
vn -0.989371 -0.141545 -0.033311
vn -0.819354 0.570725 0.054149
vn -0.458954 -0.883947 -0.089436
vn 0.593609 -0.800746 0.080214
vn 0.955461 0.047198 0.291320
vn 0.738361 0.603420 0.301175
vn -0.154012 0.943227 0.294285
vn -0.161872 0.920976 0.354403
vn -0.061194 0.925758 0.373133
vn -0.091786 0.947897 0.305067
vn -0.137894 0.944006 0.299731
vn -0.128121 0.940091 0.315933
vn -0.980349 -0.081085 -0.179837
vn -0.389790 -0.882330 -0.263738
vn -0.991049 -0.042026 -0.126708
vn -0.383014 -0.921112 0.069668
vn 0.064278 -0.944626 0.321792
vn -0.537089 0.834859 0.120609
vn -0.115062 -0.951195 0.286336
vn 0.018763 0.917993 0.396153
vn -0.055946 0.813051 0.579498
vn -0.225918 0.793884 0.564544
vn -0.254194 0.922202 0.291427
vn -0.130516 -0.076573 0.988485
vn 0.600958 -0.028313 0.798779
vn 0.505062 0.571822 0.646477
vn -0.114590 0.476695 0.871568
vn -0.400253 0.821611 0.405899
vn -0.423674 0.819279 0.386371
vn -0.537939 0.776485 0.328166
vn -0.476997 0.827601 0.295889
vn -0.918681 0.195970 -0.342960
vn -0.958812 0.241822 -0.149001
vn -0.931336 0.083497 -0.354459
vn -0.964199 0.120384 -0.236279
vn 0.979996 0.109248 0.166353
vn 0.929246 0.330136 0.165869
vn 0.999933 -0.002499 0.011332
vn 0.991781 -0.044342 0.120018
vn 0.808854 0.563926 0.166564
vn 0.997709 0.063526 0.023275
vn -0.084786 -0.990719 0.106242
vn -0.447680 -0.894194 -0.000131
vn -0.425470 -0.891105 -0.157819
vn -0.190061 -0.959075 -0.209888
vn -0.014194 -0.997804 -0.064693
vn -0.681132 -0.679891 -0.271677
vn -0.581398 -0.761514 -0.286484
vn -0.023332 -0.994369 -0.103371
vn -0.929967 0.002791 -0.367632
vn -0.957195 0.050891 -0.284934
vn -0.943843 0.071947 -0.322466
vn -0.957465 0.125709 -0.259726
vn -0.854154 0.517422 -0.051913
vn -0.935523 0.261042 -0.238020
vn -0.706955 0.697688 0.115961
vn -0.981802 0.130594 -0.137880
vn 0.021480 -0.998969 -0.039990
vn -0.811881 0.574729 0.102641
vn -0.934684 0.342977 -0.093452
vn -0.624574 -0.766779 -0.148182
vn -0.866600 -0.347899 -0.357732
vn -0.703786 -0.659078 -0.265143
vn 0.984921 0.075466 0.155676
vn 0.745318 -0.662825 0.071867
vn 0.820583 -0.563977 0.092594
vn 0.985963 0.077679 0.147793
vn -0.096789 -0.719617 0.687593
vn 0.492372 -0.583583 0.645756
vn 0.987756 0.153693 -0.026751
vn 0.767330 -0.623063 -0.151647
vn -0.083172 0.948197 0.306601
vn -0.073200 0.991226 0.110059
vn 0.254066 0.951420 0.173926
vn 0.142373 0.941778 0.304606
vn -0.996234 0.023977 -0.083320
vn -0.995903 0.017915 0.088632
vn -0.789719 0.602846 0.113666
vn -0.805217 0.586339 0.088501
vn -0.687569 -0.695799 -0.207636
vn -0.741314 -0.671129 -0.006314
vn 0.758555 -0.650353 0.040440
vn 0.657592 -0.702943 0.271004
vn -0.028830 -0.999113 0.030702
vn 0.035963 -0.984347 -0.172533
vn 0.972732 0.141174 0.184016
vn 0.913454 0.072470 0.400436
vn 0.716137 0.658682 0.230837
vn 0.715341 0.608155 0.344145
vn -0.074970 0.915267 0.395810
vn 0.293224 0.893989 0.338828
vn -0.805710 -0.037601 0.591116
vn -0.652632 0.581337 0.485920
vn -0.668656 -0.597641 0.442407
vn -0.073328 0.964550 0.253507
vn -0.089093 0.899852 0.427000
vn 0.706219 0.690695 0.155549
vn 0.884097 -0.467301 -0.001744
vn -0.695869 0.707634 0.122561
vn -0.990157 0.120634 -0.070967
vn 0.428870 0.859947 0.276697
vn -0.326222 0.932901 0.152561
vn -0.278879 0.924218 0.260861
vn 0.308845 0.842639 0.441105
vn -0.074824 0.752452 0.654383
vn -0.334349 0.910642 0.242782
vn -0.429159 0.899489 0.082115
vn -0.465822 0.851742 0.239885
vn -0.052179 -0.998617 -0.006443
vn 0.739550 0.627640 0.243175
vn 0.719496 0.643376 0.261521
vn 0.257932 0.766851 0.587716
vn -0.502666 0.751243 0.427739
vn -0.657757 -0.039321 0.752203
vn 0.308137 0.032521 0.950786
vn -0.424602 -0.736370 0.526756
vn 0.303407 -0.666651 0.680824
vn -0.131294 -0.211335 0.968555
vn -0.980582 -0.000279 -0.196109
vn -0.793394 0.608504 0.015790
vn -0.420489 0.813683 0.401384
vn 0.093619 0.964310 0.247672
vn -0.678292 -0.687745 -0.258704
vn -0.318780 -0.946838 0.043327
vn 0.020469 -0.980179 -0.197056
vn 0.035785 -0.999116 0.022084
vn -0.020491 0.932080 0.361672
vn 0.347273 0.845120 0.406415
vn 0.974136 0.025161 0.224558
vn 0.991872 0.049620 0.117169
vn 0.570861 -0.810119 -0.133512
vn 0.468478 -0.882616 0.038969
vn 0.543708 0.712665 0.443273
vn -0.605700 0.770243 0.199631
vn -0.741730 0.640301 0.199630
vn -0.990224 -0.135484 -0.033163
vn -0.832178 0.551860 0.054124
vn -0.475695 -0.874856 -0.091329
vn 0.610696 -0.787628 0.081808
vn 0.956753 0.045749 0.287281
vn 0.752282 0.585767 0.301578
vn -0.160352 0.939308 0.303295
vn -0.168571 0.915749 0.364676
vn -0.062778 0.920972 0.384539
vn -0.095432 0.944433 0.314546
vn -0.143549 0.940186 0.308940
vn -0.133244 0.936065 0.325622
vn -0.980999 -0.077920 -0.177677
vn -0.404742 -0.873691 -0.269904
vn -0.037917 0.891671 0.451093
vn -0.159985 0.865731 0.474252
vn 0.262707 0.884973 0.384458
vn 0.432139 0.814200 0.387730
vn 0.052957 0.916084 0.397474
vn -0.985656 -0.066369 -0.155167
vn -0.330239 -0.938715 -0.098777
vn 0.055960 -0.997853 0.034033
vn 0.032085 -0.999005 0.030962
vn 0.121237 -0.942568 0.311235
vn 0.003042 -0.999314 0.036921
vn -0.011537 -0.957024 0.289780
vn -0.488008 0.856554 0.167820
vn 0.020495 0.912877 0.407720
vn -0.058025 0.804173 0.591556
vn -0.233007 0.783557 0.575974
vn -0.264967 0.916496 0.299712
vn -0.249732 0.876747 0.411033
vn 0.040367 -0.998832 -0.026541
vn -0.018792 -0.999822 0.001648
vn 0.068581 -0.995479 0.065716
vn -0.011698 -0.998948 -0.044342
vn -0.661022 -0.746803 -0.073041
vn -0.036864 -0.999234 -0.013099
vn -0.368408 0.876289 0.310472
vn 0.032756 -0.998538 -0.043001
vn 0.022456 -0.999746 0.002107
vn -0.319691 0.861347 0.394815
vn 0.874783 0.349302 0.335772
vn 0.962185 0.151154 0.226612
vn 0.415326 0.745934 0.520659
vn 0.711178 0.409725 0.571271
vn 0.238837 0.680956 0.692283
vn -0.164697 0.848245 0.503344
vn -0.438044 0.801772 0.406546
vn -0.534410 0.752646 0.384617
vn -0.667549 0.660203 0.344253
vn -0.287239 0.753512 0.591366
vn 0.811468 -0.582182 -0.050823
vn 0.003746 -0.998224 -0.059458
vn 0.033471 -0.994313 0.101103
vn 0.019589 -0.997553 0.067113
vn 0.038459 -0.971457 -0.234078
vn 0.169693 -0.967663 -0.186636
vn 0.012842 -0.996838 -0.078419
vn 0.026363 -0.996096 -0.084250
vn -0.033642 -0.998956 -0.030915
vn 0.018851 -0.999066 -0.038879
vn 0.859878 -0.443005 -0.253686
vn 0.955798 -0.084525 -0.281613
vn 0.996438 -0.058568 0.060675
vn 0.741334 -0.670669 0.025052
vn 0.667074 -0.744989 0.001633
vn 0.368981 -0.926482 0.074055
vn 0.337249 -0.935420 -0.106079
vn 0.054708 -0.626406 -0.777575
vn 0.464510 -0.596214 -0.654797
vn -0.603053 -0.503151 -0.619004
vn 0.014674 -0.999072 0.040490
vn 0.036138 -0.998824 0.032309
vn 0.594070 -0.152944 -0.789740
vn -0.681633 -0.091215 -0.725987
vn 0.047740 -0.166516 -0.984882
vn 0.948439 0.158555 -0.274451
vn 0.559373 0.261907 -0.786452
vn -0.654445 0.292423 -0.697273
vn -0.112770 0.348118 -0.930643
vn -0.673572 0.116409 -0.729897
vn 0.005866 0.123865 -0.992282
vn 0.602195 0.097568 -0.792365
vn 0.992774 0.115123 0.033859
vn 0.995119 0.083680 0.052312
vn 0.951700 0.090977 -0.293242
vn 0.000000 0.422434 -0.906394
vn 0.000000 0.740129 -0.672465
vn 0.000000 0.881647 -0.471910
vn 0.328302 0.832875 -0.445576
vn 0.227197 0.730149 -0.644409
vn 0.498689 0.773744 -0.390678
vn 0.336655 0.706572 -0.622430
vn 0.726339 0.623176 -0.289972
vn 0.469812 0.676932 -0.566605
vn 0.969209 0.014985 -0.245785
vn 0.781531 0.019012 -0.623576
vn 0.038622 -0.694008 -0.718931
vn 0.181377 -0.835136 -0.519279
vn 0.000000 -0.840895 -0.541198
vn 0.000000 -0.690556 -0.723279
vn 0.146092 -0.708313 -0.690616
vn 0.398121 -0.803614 -0.442384
vn 0.283616 -0.722335 -0.630709
vn 0.610225 -0.716099 -0.338863
vn 0.000000 0.999958 0.009203
vn 0.380373 0.924791 0.008866
vn 0.560492 0.828107 0.009371
vn 0.783741 0.621039 0.007826
vn 0.999765 0.020298 0.007600
vn 0.242872 -0.970037 0.006394
vn 0.000000 -0.999978 0.006705
vn 0.483645 -0.875242 0.006303
vn 0.683263 -0.730150 0.005706
vn 0.743533 0.637074 0.203213
vn 0.418617 0.389146 0.820564
vn 0.979381 0.040430 0.197934
vn 0.369209 -0.330703 0.868516
vn 0.644615 -0.722253 0.250644
vn 0.135347 0.403383 0.904966
vn 0.000000 0.401552 0.915836
vn -0.000000 -0.387664 0.921801
vn 0.090928 -0.383437 0.919080
vn 0.203235 -0.361156 0.910089
vn 0.252007 0.396898 0.882590
vn 0.000000 0.934982 0.354694
vn 0.345056 0.878591 0.330172
vn 0.519056 0.808640 0.276917
vn 0.216202 -0.907731 0.359556
vn 0.000000 -0.927911 0.372802
vn 0.441126 -0.841026 0.313182
vn -0.000000 0.999237 -0.039064
vn 0.156643 0.987035 -0.035008
vn -0.148259 0.418063 0.896238
vn 0.000000 0.419748 0.907641
vn 0.165734 0.985842 -0.025464
vn -0.320328 0.412209 0.852921
vn 0.183732 0.982847 -0.015949
vn -0.362472 0.538019 0.761019
vn 0.795946 0.556659 -0.237908
vn -0.612985 0.014682 0.789958
vn -0.178731 -0.983555 0.025984
vn -0.390095 -0.835521 0.386950
vn -0.227434 -0.827649 0.513099
vn -0.318052 -0.818406 0.478596
vn -0.166246 -0.985772 0.024813
vn -0.152546 -0.988034 0.022777
vn -0.000000 -0.999772 0.021336
vn 0.000000 -0.846022 0.533148
vn 0.369849 0.153803 0.916273
vn 0.344953 -0.214950 0.913676
vn 0.479785 -0.276639 0.832633
vn 0.565589 0.133800 0.813761
vn 0.165945 -0.251362 0.953561
vn 0.081215 0.123956 0.988959
vn -0.169700 0.016357 0.985360
vn 0.023199 -0.357528 0.933614
vn -0.004401 -0.143097 0.989699
vn 0.140924 -0.409500 0.901360
vn 0.278294 -0.278893 0.919114
vn 0.505641 -0.106164 0.856187
vn 0.730537 0.058667 0.680348
vn 0.549846 -0.356427 0.755400
vn 0.600656 -0.273505 0.751270
vn 0.765007 0.126136 0.631549
vn 0.462940 0.361483 0.809331
vn 0.659078 0.243336 0.711621
vn 0.568904 0.176076 0.803334
vn 0.409999 0.433024 0.802740
vn 0.559581 0.306087 0.770182
vn 0.414964 0.310052 0.855379
vn 0.332389 0.436557 0.836024
vn 0.123868 0.458737 0.879896
vn 0.174323 0.340095 0.924092
vn -0.064315 0.526112 0.847980
vn -0.034564 0.411922 0.910563
vn -0.082552 0.591343 0.802184
vn 0.046205 0.529578 0.847002
vn 0.114977 0.525455 0.843017
vn 0.440015 0.492255 0.751047
vn 0.347483 -0.096430 0.932715
vn 0.211005 -0.134021 0.968254
vn 0.091456 -0.156353 0.983458
vn 0.268201 -0.167448 0.948699
vn 0.828611 -0.005102 0.559801
vn 0.761452 0.362123 0.537641
vn 0.283582 0.461236 0.840739
vn 0.031335 0.330135 0.943413
vn 0.199223 0.235544 0.951225
vn 0.542717 0.147341 0.826891
vn 0.782848 0.121468 0.610241
vn 0.891669 0.108460 0.439503
vn 0.535263 -0.037391 0.843857
vn 0.693120 0.006689 0.720792
vn 0.907446 0.070965 0.414133
vn 0.835266 -0.016750 0.549591
vn 0.616317 -0.151461 0.772796
vn 0.418214 -0.282407 0.863333
vn 0.324559 -0.436229 0.839265
vn 0.395555 -0.471473 0.788194
vn 0.637848 -0.320262 0.700416
vn 0.391945 -0.197225 0.898600
vn 0.656967 0.081013 0.749554
vn 0.711614 0.375075 0.594074
vn 0.672038 0.461921 0.578787
vn 0.766007 0.372369 0.523999
vn 0.197642 -0.116833 0.973287
vn 0.333150 -0.078497 0.939601
vn 0.230203 0.261131 0.937453
vn 0.483195 0.261943 0.835409
vn 0.569803 0.021815 0.821492
vn 0.724465 0.238872 0.646599
vn 0.786342 0.072356 0.613539
vn 0.930804 0.059473 0.360647
vn 0.970839 0.037181 0.236834
vn 0.980818 -0.044693 0.189733
vn 0.301076 0.345300 0.888888
vn 0.077603 0.202460 0.976211
vn 0.208433 0.091535 0.973744
vn 0.591501 -0.091029 0.801149
vn 0.919573 -0.223441 0.323203
vn 0.653436 0.447201 0.610764
vn 0.809090 0.329466 0.486647
vn 0.215341 0.173051 0.961084
vn 0.778687 0.378536 0.500358
vn 0.852533 0.326830 0.407884
vn 0.979288 -0.077732 0.186955
vn 0.699753 0.007308 0.714348
vn 0.820306 -0.007997 0.571869
vn 0.854234 -0.018550 0.519558
vn 0.519615 -0.649882 0.554665
vn 0.073273 -0.240172 0.967961
vn 0.521876 -0.839744 0.149919
vn 0.731734 -0.502721 0.460257
vn 0.275132 0.104699 0.955689
vn -0.094068 0.376894 0.921468
vn -0.036282 0.190073 0.981099
vn 0.262363 -0.049738 0.963687
vn 0.238211 0.078002 0.968076
vn 0.276033 0.152775 0.948929
vn 0.384561 -0.040401 0.922215
vn 0.266258 -0.070051 0.961353
vn 0.390062 -0.295463 0.872097
vn 0.333071 -0.382132 0.861997
vn 0.259432 -0.401416 0.878385
vn 0.525775 -0.436678 0.729982
vn 0.462150 -0.286152 0.839366
vn 0.370235 -0.085189 0.925024
vn 0.511189 -0.164253 0.843627
vn 0.647289 -0.294757 0.702948
vn 0.396102 -0.310286 0.864191
vn 0.540197 -0.458175 0.705877
vn 0.222077 -0.013242 0.974939
vn 0.149757 0.109000 0.982696
vn 0.544044 -0.224523 0.808459
vn 0.842724 -0.423872 0.331888
vn 0.509062 -0.821637 0.256456
vn 0.708109 -0.661145 0.247930
vn 0.760658 -0.602450 0.241772
vn 0.889822 -0.455650 -0.024495
vn 0.957816 -0.287380 0.001268
vn 0.786806 -0.616082 -0.037134
vn 0.457575 -0.888728 -0.028062
vn 0.660821 -0.750276 -0.020067
vn 0.991578 -0.123829 0.037933
vn 0.992780 -0.014937 0.119017
vn 0.973981 0.046748 0.221754
vn 0.899149 0.145516 0.412742
vn 0.284994 0.641125 0.712557
vn 0.592574 0.594731 0.543279
vn 0.822184 0.424846 0.378839
vn 0.945201 0.222279 0.239139
vn 0.989949 0.028379 0.138547
vn 0.995967 -0.079633 0.041327
vn 0.276170 0.852110 0.444567
vn 0.538432 0.823198 0.180102
vn 0.826536 0.555978 0.087904
vn 0.952009 0.304537 0.030586
vn 0.997459 0.071213 -0.002081
vn 0.998419 -0.024817 -0.050439
vn 0.995789 -0.059442 0.069797
vn 0.447173 -0.890201 -0.087054
vn 0.670692 -0.731912 -0.120320
vn 0.778908 -0.609662 -0.147020
vn 0.868791 -0.473927 -0.143512
vn 0.943435 -0.309358 -0.119282
vn 0.982919 -0.175935 -0.054012
vn 0.744384 0.292659 0.600202
vn 0.836959 -0.459199 0.297719
vn 0.923028 0.384647 0.008071
vn 0.980655 -0.176988 -0.083610
vn 0.630827 0.317565 -0.707962
vn 0.737601 -0.129845 -0.662635
vn 0.558401 -0.829504 0.010582
vn 0.768628 -0.633146 -0.091307
vn 0.825585 -0.495340 -0.270274
vn 0.585434 -0.549990 -0.595633
vn 0.760185 -0.629431 -0.161046
vn 0.806767 -0.579230 -0.116706
vn 0.767053 -0.592535 -0.246033
vn 0.894582 -0.434333 -0.105254
vn 0.843802 -0.520301 -0.131477
vn 0.874795 -0.383829 -0.295650
vn 0.931088 -0.104308 -0.349565
vn 0.960389 -0.258279 -0.104620
vn 0.930411 0.143184 -0.337392
vn 0.876536 0.390409 -0.281541
vn 0.737894 0.636660 -0.223998
vn 0.457963 0.882360 -0.108215
vn 0.410430 -0.756864 -0.508630
vn 0.664390 -0.696297 -0.271580
vn 0.462528 -0.654293 -0.598304
vn 0.501601 -0.432222 -0.749387
vn 0.524611 -0.102151 -0.845191
vn 0.518272 0.191769 -0.833438
vn 0.514103 0.434347 -0.739622
vn 0.458510 0.670012 -0.583826
vn 0.328386 0.856057 -0.399162
vn 0.587400 -0.755596 0.289890
vn 0.480436 -0.791270 0.378250
vn 0.190776 -0.635719 0.747975
vn 0.494249 -0.476623 0.727013
vn 0.372494 -0.901899 0.218694
vn 0.156361 -0.961257 0.227018
vn 0.032515 -0.968278 0.247751
vn 0.304517 -0.925133 0.226714
vn 0.456356 -0.855635 0.244187
vn 0.611142 -0.733905 0.296461
vn 0.778518 -0.477131 0.407744
vn -0.088107 -0.951802 0.293786
vn -0.578089 0.721233 0.381623
vn -0.317505 0.906481 0.278358
vn -0.164079 0.957407 0.237594
vn -0.052609 0.971148 0.232603
vn 0.005078 0.971859 0.235507
vn 0.133298 0.951519 0.277208
vn 0.421586 0.811430 0.404780
vn 0.118071 -0.974154 0.192569
vn -0.019503 -0.975545 0.218932
vn 0.293768 -0.937341 0.187326
vn 0.471153 -0.857423 0.206980
vn 0.635607 -0.728097 0.256667
vn 0.795775 -0.501845 0.338959
vn -0.153020 -0.951545 0.266736
vn -0.657928 0.669766 0.344303
vn -0.414479 0.874215 0.252893
vn -0.211162 0.956226 0.202588
vn -0.070837 0.978566 0.193367
vn 0.009715 0.980200 0.197770
vn 0.160589 0.957424 0.239896
vn 0.502061 0.785808 0.361166
vn 0.355920 -0.340579 0.870245
vn 0.382636 0.262708 0.885762
vn 0.496252 -0.396169 0.772518
vn 0.515971 0.053975 0.854904
vn 0.539105 -0.573832 0.616508
vn 0.486302 -0.380391 0.786646
vn 0.516410 -0.150042 0.843094
vn 0.416796 -0.427278 0.802318
vn 0.538553 0.035435 0.841846
vn 0.597894 -0.424235 0.680108
vn 0.299644 -0.700554 0.647640
vn 0.272230 -0.169588 0.947170
vn 0.546749 -0.571499 0.611926
vn 0.474073 -0.107130 0.873944
vn 0.218388 0.090553 0.971652
vn 0.412911 0.125706 0.902055
vn 0.478712 0.232752 0.846558
vn 0.543966 -0.062299 0.836791
vn 0.501896 -0.659543 0.559556
vn 0.434720 -0.569356 0.697748
vn 0.299100 -0.565419 0.768662
vn 0.965149 -0.230500 -0.123927
vn 0.982359 -0.183919 0.033850
vn 0.933499 -0.303888 -0.190346
vn 0.897218 -0.409137 -0.166154
vn 0.868886 -0.218205 -0.444325
vn 0.990702 0.056705 -0.123668
vn 0.718830 0.387371 0.577258
vn 0.958310 -0.066182 0.277962
vn -0.586728 -0.082000 -0.805621
vn -0.464958 -0.672170 -0.576196
vn 0.810977 -0.360149 -0.461095
vn 0.862021 -0.367602 0.348982
vn -0.511421 0.228356 -0.828433
vn -0.133562 0.785477 -0.604307
vn 0.811354 -0.520168 -0.266703
vn 0.674046 -0.527452 0.517162
vn 0.548871 0.096623 0.830304
vn 0.500045 -0.163313 0.850461
vn 0.471178 -0.325323 0.819852
vn 0.151574 0.568953 -0.808281
vn -0.470795 0.178239 -0.864050
vn -0.506329 -0.078374 -0.858771
vn -0.151867 -0.704802 -0.692957
vn 0.449050 0.401922 0.798006
vn 0.381351 0.172915 0.908114
vn 0.406862 0.001429 0.913488
vn 0.428963 -0.197282 0.881516
vn 0.578618 0.209324 -0.788280
vn 0.393978 -0.144604 -0.907673
vn 0.265182 -0.373887 -0.888756
vn 0.403821 -0.724105 -0.559107
vn 0.377873 0.336738 0.862450
vn 0.994103 -0.108061 -0.009059
vn 0.884514 -0.295258 -0.361189
vn 0.881217 -0.316567 -0.351058
vn 0.633434 0.528418 0.565275
vn 0.882406 -0.465112 -0.070929
vn 0.467120 -0.676665 0.569144
vn 0.523824 -0.658726 0.540082
vn 0.158836 -0.518528 0.840178
vn 0.279736 -0.574866 0.768946
vn 0.099735 -0.250885 0.962865
vn 0.108636 -0.311285 0.944087
vn 0.691114 0.253195 0.676944
vn 0.535499 0.300265 0.789355
vn 0.343455 0.543631 0.765835
vn 0.442496 0.283762 0.850692
vn 0.246918 0.447335 0.859606
vn 0.285005 0.211427 0.934918
vn 0.188912 0.313265 0.930686
vn 0.131725 0.015779 0.991161
vn 0.141676 0.065112 0.987769
vn 0.783098 0.152778 0.602840
vn -0.259574 -0.961936 0.085440
vn 0.712183 0.108494 0.693559
vn 0.531310 -0.844758 0.063981
vn 0.631212 0.095220 0.769744
vn 0.891458 -0.448215 0.066370
vn 0.503788 0.038749 0.862958
vn 0.583336 0.102327 0.805759
vn 0.734868 -0.675300 0.062765
vn 0.957762 -0.281858 0.056990
vn 0.458697 -0.118249 0.880690
vn 0.997757 0.026089 0.061653
vn 0.465239 -0.260425 0.846009
vn 0.562158 -0.443425 0.698106
vn 0.095623 0.985210 0.142188
vn 0.492850 -0.332706 0.803994
vn 0.834038 0.531630 0.147479
vn -0.264241 -0.874140 0.407500
vn -0.719510 0.473849 0.507713
vn -0.376241 -0.845031 0.379955
vn -0.777982 0.467890 0.419314
vn 0.014314 -0.999775 -0.015687
vn -0.034394 -0.667296 -0.743998
vn -0.068848 -0.712132 -0.698662
vn 0.091377 -0.927915 -0.361420
vn -0.181522 0.015704 -0.983262
vn -0.210897 -0.039123 -0.976725
vn 0.028477 -0.975237 0.219322
vn -0.164294 0.522010 -0.836967
vn -0.126550 0.668949 -0.732457
vn -0.085920 -0.050632 -0.995015
vn -0.063300 -0.768569 -0.636628
vn -0.017754 -0.960223 -0.278671
vn -0.085420 -0.668501 0.738790
vn -0.075522 -0.677835 0.731325
vn -0.059327 0.640645 -0.765542
vn -0.036779 -0.002346 -0.999321
vn -0.068754 -0.739787 -0.669320
vn -0.108394 -0.958678 -0.263035
vn 0.011413 -0.983522 0.180430
vn -0.039340 0.913535 -0.404854
vn -0.060290 0.648418 -0.758893
vn 0.005899 0.025181 -0.999665
vn -0.016010 -0.655730 -0.754825
vn -0.108598 0.131525 0.985346
vn -0.114577 0.076614 0.990456
vn -0.105007 -0.950077 -0.293815
vn -0.069649 0.917473 -0.391653
vn 0.095186 -0.656142 0.748610
vn -0.090597 -0.962048 0.257403
vn -0.038429 0.630419 -0.775303
vn -0.055498 0.997799 -0.036302
vn -0.065059 0.992188 -0.106445
vn 0.014052 -0.569810 -0.821656
vn -0.093986 -0.932567 -0.348548
vn -0.091053 -0.961703 0.258528
vn 0.011898 0.026645 -0.999574
vn -0.109647 0.913372 -0.392083
vn -0.005593 0.091952 0.995748
vn -0.077901 0.993956 0.077350
vn -0.064430 0.602295 -0.795669
vn -0.103930 0.658799 0.745106
vn -0.114130 0.621258 0.775250
vn 0.098480 -0.490946 -0.865606
vn 0.026966 -0.826986 -0.561576
vn -0.090693 -0.963480 0.251954
vn -0.133960 -0.392377 0.909997
vn -0.070489 -0.090895 0.993363
vn -0.073654 -0.418781 0.905095
vn 0.115953 0.043637 -0.992296
vn -0.083394 0.907749 -0.411142
vn -0.134252 0.978491 0.156628
vn 0.031622 0.533628 -0.845128
vn 0.018948 -0.982401 0.185819
vn -0.055263 -0.349603 0.935267
vn -0.009429 0.620923 0.783815
vn 0.086894 0.067649 -0.993918
vn -0.115708 0.905907 -0.407363
vn -0.071770 0.484163 0.872030
vn 0.002149 0.812012 -0.583638
vn 0.105989 -0.732636 -0.672317
vn 0.077895 0.083832 -0.993431
vn -0.047153 -0.361516 0.931173
vn -0.086235 0.983463 0.159261
vn -0.181628 0.586838 0.789071
vn 0.122483 -0.983339 0.134318
vn -0.096475 0.585395 0.804988
vn 0.021226 -0.409676 0.911984
vn -0.127983 0.979765 0.153886
vn -0.054949 0.550654 0.832923
vn 0.139958 -0.752505 -0.643543
vn 0.099670 0.094743 -0.990500
vn 0.139787 -0.983249 0.116965
vn -0.070725 0.982420 0.172769
vn 0.066118 -0.475688 0.877126
vn 0.068502 0.785403 -0.615183
vn -0.078040 0.506217 0.858868
vn -0.036210 0.431361 0.901453
vn 0.079324 -0.537486 0.839533
vn 0.018191 0.975234 0.220428
vn 0.106692 0.795554 -0.596415
vn 0.093545 -0.764866 -0.637362
vn 0.091785 -0.990019 0.106949
vn 0.082856 0.102517 -0.991275
vn -0.001110 0.334015 0.942567
vn 0.073892 -0.590435 0.803696
vn 0.088599 0.968570 0.232427
vn 0.097756 0.815354 -0.570651
vn 0.040337 0.269255 0.962224
vn 0.056419 -0.761182 -0.646079
vn 0.051307 -0.992237 0.113286
vn 0.057068 0.121107 -0.990998
vn 0.070524 0.843607 -0.532309
vn 0.030825 -0.635199 0.771733
vn 0.103573 0.974192 0.200556
vn 0.034552 -0.762005 -0.646649
vn 0.017197 -0.993322 0.114085
vn 0.070919 0.263863 0.961950
vn 0.046368 0.147436 -0.987984
vn 0.064558 0.871782 -0.485621
vn 0.074262 0.976271 0.203420
vn -0.028953 -0.679867 0.732764
vn 0.017158 -0.766169 -0.642410
vn -0.000548 -0.993845 0.110782
vn 0.046271 0.179083 -0.982745
vn 0.042776 0.263349 0.963752
vn 0.076487 0.895471 -0.438500
vn -0.031844 -0.751793 -0.658630
vn -0.051327 -0.995157 0.083838
vn 0.017603 0.226674 -0.973812
vn -0.066201 -0.711128 0.699938
vn 0.061962 0.974787 0.214364
vn -0.033819 -0.790623 -0.611368
vn -0.003690 -0.996982 0.077548
vn -0.068895 0.244391 -0.967226
vn 0.058292 0.911340 -0.407507
vn -0.010402 0.281182 0.959598
vn -0.051437 -0.814050 -0.578513
vn -0.258743 0.230568 -0.938025
vn -0.120869 -0.754539 0.645028
vn 0.043444 -0.997571 0.054446
vn 0.052517 0.967126 0.248817
vn -0.455560 -0.132858 -0.880235
vn -0.387109 -0.793418 -0.469718
vn -0.250776 -0.965560 -0.069323
vn -0.324117 -0.038509 -0.945233
vn -0.340425 -0.725713 -0.597872
vn 0.018952 0.922501 -0.385529
vn -0.259301 -0.958223 -0.120717
vn -0.060147 0.291220 0.954763
vn -0.077299 -0.773414 0.629171
vn -0.287919 0.771310 -0.567612
vn -0.116172 -0.718391 -0.685871
vn 0.028021 -0.996520 -0.078499
vn -0.136209 0.043311 -0.989733
vn -0.135001 0.941900 -0.307569
vn -0.128074 0.784825 -0.606339
vn 0.040746 0.971453 0.233708
vn -0.033635 -0.845856 0.532350
vn -0.163117 0.968670 -0.187274
vn 0.031954 -0.767650 -0.640072
vn -0.059826 0.099087 -0.993279
vn 0.192303 -0.981225 -0.014701
vn -0.028579 -0.991117 0.129883
vn 0.117648 -0.987985 0.100220
vn -0.052159 0.814977 -0.577141
vn -0.100426 0.354406 0.929683
vn -0.462058 -0.822620 0.331359
vn -0.180195 -0.930005 -0.320345
vn 0.035929 0.970298 0.239229
vn -0.056771 0.976242 -0.209116
vn 0.042144 -0.876761 -0.479077
vn -0.082354 -0.028943 -0.996183
vn -0.571684 -0.820452 -0.005972
vn -0.265419 -0.882956 -0.387223
vn 0.108574 -0.989712 0.093174
vn 0.258373 -0.964955 0.045880
vn -0.689481 -0.590456 0.419496
vn -0.076863 0.361514 0.929193
vn 0.093743 -0.860927 -0.500018
vn -0.041144 0.844171 -0.534493
vn -0.028994 0.967789 0.250086
vn -0.013842 0.977182 -0.211953
vn -0.429095 -0.887237 -0.169377
vn 0.001328 -0.830665 -0.556771
vn -0.162971 0.970179 0.179427
vn -0.056897 0.839590 -0.540232
vn -0.139198 0.431857 0.891136
vn -0.205187 -0.957421 -0.203082
vn -0.069872 -0.248273 -0.966167
vn 0.051610 -0.926996 -0.371503
vn -0.593087 -0.791433 0.147922
vn -0.575386 -0.291848 0.764039
vn 0.069614 -0.991113 0.113356
vn -0.461164 -0.877638 0.130690
vn -0.654965 -0.473428 0.588971
vn 0.315992 -0.789731 -0.525808
vn 0.116240 -0.993164 0.010613
vn -0.473246 0.538256 0.697366
vn -0.564200 -0.264296 0.782193
vn -0.045340 0.974561 -0.219487
vn -0.046483 0.998901 0.006061
vn -0.137276 0.544329 -0.827563
vn 0.296608 -0.804702 -0.514275
vn -0.632593 -0.446990 0.632476
vn 0.116259 -0.970403 -0.211662
vn 0.097519 -0.318144 -0.943014
vn 0.214021 -0.940216 -0.264932
vn -0.525603 -0.153109 0.836839
vn -0.321537 -0.940635 0.108721
vn -0.023425 0.999684 0.009166
vn 0.076702 0.538029 -0.839429
vn -0.394772 0.284583 0.873595
vn 0.291835 -0.907681 -0.301574
vn -0.576394 -0.473198 0.666223
vn -0.064927 -0.698625 -0.712536
vn 0.084582 -0.026369 -0.996068
vn -0.501304 0.027476 0.864835
vn -0.013914 0.969832 -0.243375
vn 0.286305 -0.957266 0.040892
vn 0.097745 -0.994908 0.024575
vn -0.240409 0.634825 0.734303
vn 0.584718 -0.716767 -0.379935
vn 0.135887 0.550344 -0.823806
vn 0.288832 -0.953639 -0.084554
vn -0.023900 0.943461 -0.330622
vn -0.090124 0.910649 0.403233
vn 0.068954 -0.085593 -0.993941
vn 0.091167 -0.745341 -0.660421
vn 0.170814 0.925474 -0.338113
vn 0.254350 -0.898631 -0.357446
vn -0.225193 -0.964918 0.134988
vn 0.115846 -0.992879 -0.027774
vn 0.645480 -0.762176 -0.049432
vn -0.252993 0.259438 0.932033
vn 0.465221 -0.835104 0.293547
vn -0.077941 0.996953 -0.003300
vn 0.087871 0.551889 -0.829275
vn -0.436990 0.138588 0.888726
vn -0.492135 -0.497964 0.714027
vn 0.678308 -0.495327 -0.542725
vn 0.265046 0.935757 -0.232614
vn -0.263294 -0.954822 0.137810
vn 0.006208 -0.712345 -0.701802
vn -0.086198 0.587250 0.804803
vn 0.069110 0.944410 -0.321424
vn 0.061085 -0.115882 -0.991383
vn 0.148464 -0.742870 -0.652766
vn 0.216503 -0.975882 -0.027951
vn 0.163970 -0.830643 0.532115
vn -0.199438 0.405459 0.892092
vn 0.185963 -0.970278 -0.154851
vn 0.323185 -0.030338 -0.945849
vn -0.334453 -0.938728 0.083253
vn 0.102053 -0.833306 -0.543310
vn 0.028807 0.576951 -0.816271
vn -0.416777 -0.526250 0.741187
vn -0.040782 0.911465 0.409351
vn 0.805523 -0.264925 -0.530044
vn 0.533928 -0.204641 -0.820392
vn 0.326024 -0.944876 0.030292
vn 0.614224 -0.771887 -0.164070
vn 0.604675 -0.519138 0.604040
vn 0.297387 0.948480 0.109299
vn 0.157462 0.982517 -0.099324
vn -0.400553 0.161075 0.902005
vn 0.398065 -0.910159 -0.114696
vn -0.082890 -0.802180 -0.591300
vn -0.094601 -0.126176 -0.987487
vn 0.215466 -0.789869 0.574179
vn 0.247906 -0.814583 -0.524402
vn -0.475931 -0.532558 0.699908
vn -0.059540 -0.998224 0.002209
vn 0.773126 0.256618 -0.580020
vn 0.308884 0.120717 0.943408
vn 0.150558 -0.095367 0.983991
vn 0.288859 -0.957258 0.014787
vn 0.378059 0.808013 0.451869
vn 0.217446 -0.974710 0.051561
vn -0.038216 0.585612 -0.809690
vn -0.011304 -0.103220 -0.994594
vn -0.114865 -0.803377 -0.584287
vn -0.132619 -0.991156 0.004803
vn -0.380573 -0.922615 0.062814
vn 0.176097 -0.852371 -0.492395
vn 0.103111 -0.087258 0.990835
vn 0.091473 0.030209 -0.995349
vn 0.037735 0.999252 -0.008494
vn -0.046074 0.998721 -0.020807
vn -0.044115 0.457036 0.888353
vn -0.309492 0.103602 0.945241
vn -0.084069 0.578270 0.811503
vn 0.946283 0.182109 -0.267179
vn 0.631399 -0.231739 -0.740022
vn 0.616020 0.488944 -0.617619
vn -0.024749 -0.809978 0.585938
vn 0.379721 0.785073 -0.489359
vn 0.063429 -0.107540 -0.992175
vn 0.067366 -0.795694 -0.601940
vn -0.545978 -0.474164 0.690707
vn 0.152420 0.556466 0.816770
vn 0.076771 0.568419 -0.819150
vn 0.576634 0.535587 -0.616960
vn 0.084977 -0.996377 -0.003318
vn -0.073024 -0.802707 0.591886
vn -0.337824 0.096249 0.936275
vn 0.203355 0.737136 -0.644420
vn 0.108378 0.484927 -0.867813
vn 0.675921 0.473131 -0.565046
vn 0.074008 0.574556 -0.815112
vn 0.295206 -0.955165 -0.022644
vn 0.051410 0.546236 0.836052
vn -0.019559 -0.105233 0.994255
vn 0.126865 -0.838592 -0.529783
vn 0.035296 -0.055611 -0.997829
vn 0.109169 -0.794940 0.596786
vn 0.370942 -0.661272 0.652013
vn 0.026389 0.999651 -0.000878
vn 0.042849 0.967220 -0.250297
vn -0.089224 0.877539 0.471131
vn 0.167679 -0.798783 -0.577780
vn 0.043044 -0.061979 -0.997149
vn 0.104784 -0.992633 0.060832
vn 0.205625 -0.978601 -0.007612
vn -0.010034 0.656686 0.754098
vn 0.309775 0.926205 -0.214907
vn -0.361626 -0.790000 -0.495102
vn -0.549866 -0.835231 -0.006075
vn 0.220996 -0.848864 0.480199
vn 0.059020 -0.102914 0.992938
vn -0.374286 0.131756 0.917905
vn -0.274495 -0.600585 -0.750966
vn -0.424292 -0.904293 0.047223
vn 0.138841 0.990301 -0.005170
vn -0.031678 0.610578 -0.791322
vn 0.016732 0.579509 0.814794
vn 0.731549 0.467293 -0.496461
vn -0.001494 0.438585 0.898688
vn 0.276321 -0.083737 -0.957411
vn -0.550601 -0.458950 0.697283
vn 0.079485 0.616606 0.783249
vn 0.051397 0.033944 -0.998101
vn -0.414982 -0.908874 0.041696
vn -0.115881 -0.675571 -0.728131
vn -0.359420 -0.611263 0.705106
vn 0.104305 0.994539 -0.003489
vn 0.007084 0.467598 -0.883913
vn 0.132288 -0.106687 0.985453
vn 0.239070 -0.097614 -0.966083
vn 0.338017 -0.941137 -0.002228
vn -0.083156 0.041970 -0.995652
vn 0.593946 0.757540 0.270854
vn 0.446979 0.152072 0.881524
vn 0.205049 -0.797689 0.567140
vn -0.061263 -0.806181 -0.588489
vn -0.004500 -0.043034 -0.999064
vn -0.042410 -0.999100 0.001255
vn 0.557653 0.827050 0.070800
vn -0.012208 0.581474 0.813473
vn 0.102023 0.972924 -0.207390
vn 0.094484 -0.812003 0.575955
vn 0.134190 0.567718 0.812213
vn 0.166982 0.981510 -0.093568
vn -0.052223 0.629018 -0.775635
vn -0.359612 -0.624442 0.693363
vn 0.485447 0.869784 0.088415
vn 0.208650 -0.784155 -0.584436
vn 0.021785 -0.078769 -0.996655
vn 0.008211 -0.763661 -0.645566
vn 0.015098 -0.999885 -0.001682
vn 0.078031 -0.812632 -0.577529
vn -0.331546 -0.938248 0.098832
vn 0.110043 -0.061031 0.992051
vn 0.029894 0.015949 -0.999426
vn -0.029749 -0.806474 0.590521
vn 0.130571 0.573227 0.808927
vn 0.184998 -0.022149 0.982489
vn 0.958096 -0.274623 -0.081453
vn 0.002026 0.999998 0.000595
vn 0.103023 0.652368 -0.750867
vn 0.260254 -0.719769 0.643584
vn -0.307009 0.096395 0.946812
vn 0.267733 -0.963493 0.000542
vn 0.519909 -0.241902 -0.819255
vn -0.013693 0.655707 0.754891
vn 0.414326 -0.793721 -0.445356
vn 0.370373 0.788433 -0.491119
vn -0.093484 0.003150 0.995616
vn 0.384508 -0.923048 0.011690
vn 0.053624 0.997970 -0.034370
vn -0.100491 0.879244 0.465651
vn 0.372153 0.609665 -0.699865
vn 0.031495 -0.765245 0.642968
vn -0.031699 0.518091 -0.854738
vn -0.491233 -0.684340 0.538859
vn 0.129248 0.600509 -0.789103
vn 0.370105 0.875946 0.309420
vn 0.021486 0.608292 0.793422
vn -0.041168 0.999150 0.002115
vn -0.026145 0.040303 0.998845
vn 0.048226 -0.042579 0.997929
vn 0.504465 0.465215 -0.727386
vn 0.477845 0.877085 0.048840
vn 0.307951 -0.664859 -0.680536
vn 0.244303 0.068975 -0.967243
vn 0.336224 -0.941158 -0.034279
vn 0.309956 -0.950633 -0.014977
vn -0.025683 0.000987 0.999670
vn 0.362289 -0.900095 -0.242024
vn 0.081328 -0.972548 0.218029
vn 0.223361 0.673507 0.704626
vn 0.164757 0.986309 -0.007104
vn 0.309215 -0.947366 0.082966
vn 0.234564 -0.784422 0.574162
vn 0.429134 0.775506 -0.463070
vn -0.089102 -0.799785 -0.593637
vn -0.124429 -0.094952 -0.987675
vn 0.842913 -0.393650 -0.366793
vn 0.637988 0.502324 -0.583646
vn 0.823776 0.348085 -0.447471
vn 0.109164 0.074498 0.991228
vn -0.360886 -0.072895 0.929757
vn -0.332693 -0.171470 0.927315
vn -0.009328 0.626643 0.779251
vn 0.063878 0.017844 0.997798
vn 0.151656 0.551752 -0.820103
vn -0.092560 -0.723648 0.683935
vn -0.256553 0.150443 0.954750
vn 0.216370 0.783593 -0.582380
vn -0.084816 -0.996393 0.002767
vn 0.713831 0.373001 -0.592719
vn 0.061664 -0.040274 0.997284
vn -0.025337 0.579051 0.814897
vn 0.328075 0.937130 0.118972
vn 0.082893 0.996177 -0.027579
vn -0.057951 0.566276 -0.822176
vn -0.015369 -0.100405 -0.994828
vn -0.147555 -0.796954 -0.585740
vn 0.306170 0.951929 -0.009593
vn 0.143419 0.652865 0.743773
vn 0.122260 0.542429 -0.831158
vn 0.184868 -0.803366 -0.566063
vn 0.196459 -0.980487 0.007000
vn -0.182775 -0.983136 0.006063
vn 0.374597 -0.800623 0.467632
vn 0.065497 -0.079132 0.994710
vn 0.093991 -0.083937 0.992028
vn 0.056304 0.505249 0.861135
vn 0.148469 0.061445 -0.987006
vn 0.328910 -0.668326 0.667202
vn -0.246334 -0.289794 0.924845
vn 0.527946 0.835844 0.150457
vn -0.166041 0.133960 0.976978
vn 0.285331 0.542559 0.790073
vn 0.712772 -0.405503 -0.572296
vn 0.633065 0.133533 -0.762494
vn -0.047461 -0.799490 0.598802
vn 0.286173 0.956160 0.062157
vn 0.827864 -0.558724 -0.049693
vn 0.154153 0.972104 -0.176779
vn 0.160512 0.987001 -0.008025
vn -0.007261 0.961708 -0.273980
vn 0.009908 0.999876 -0.012256
vn 0.561306 0.815956 0.138393
vn 0.158082 0.601011 0.783451
vn -0.046180 0.401376 0.914748
vn 0.054399 -0.107042 -0.992765
vn 0.048088 -0.779520 -0.624529
vn 0.320793 0.553241 0.768776
vn 0.805461 -0.413377 0.424680
vn 0.105293 0.569456 -0.815251
vn -0.002674 0.062557 0.998038
vn 0.269125 0.071692 0.960433
vn 0.056399 -0.998406 -0.002005
vn -0.099625 0.354540 0.929718
vn 0.557414 -0.220369 0.800455
vn 0.952269 0.193832 -0.235823
vn 0.098029 0.982109 0.160786
vn 0.421869 0.534972 -0.732005
vn -0.107999 -0.796508 0.594905
vn 0.952428 -0.296622 0.069981
vn 0.585867 0.788792 0.185923
vn -0.032707 0.999455 0.004519
vn 0.153752 0.974137 0.165584
vn 0.385966 -0.824722 -0.413357
vn 0.253466 -0.963461 0.086587
vn 0.016545 0.389911 0.920704
vn 0.218755 -0.725349 0.652698
vn 0.753323 -0.414645 0.510465
vn 0.037915 -0.044811 -0.998276
vn 0.016466 0.469873 -0.882580
vn 0.084787 0.871634 -0.482769
vn 0.039114 0.520964 0.852682
vn 0.003794 0.962121 0.272598
vn 0.088585 -0.779290 0.620371
vn -0.055597 -0.094897 0.993933
vn 0.170420 -0.801413 0.573319
vn 0.814924 0.489918 0.309644
vn 0.166757 0.555458 0.814653
vn 0.089269 0.995996 0.004772
vn 0.363066 0.730714 0.578135
vn 0.079827 0.572285 -0.816160
vn 0.985776 0.152478 -0.070682
vn 0.134352 0.979750 0.148455
vn 0.021039 0.999778 -0.000766
vn 0.678810 0.144914 0.719873
vn 0.163560 0.401939 0.900940
vn 0.211544 -0.784577 -0.582827
vn 0.047354 -0.075197 -0.996044
vn 0.224013 -0.773338 -0.593100
vn 0.035219 -0.080879 -0.996101
vn 0.628670 0.484394 0.608389
vn 0.825739 0.560678 -0.061608
vn 0.275176 -0.961350 -0.009152
vn 0.287448 0.740721 0.607212
vn 0.255811 -0.966726 0.001146
vn 0.051164 -0.100211 0.993650
vn 0.100632 0.879274 0.465565
vn -0.034728 0.937305 0.346775
vn 0.073149 -0.071026 0.994789
vn 0.456477 0.554798 0.695578
vn 0.194121 0.980957 -0.006333
vn 0.118079 -0.760583 0.638413
vn 0.157083 -0.828685 -0.537221
vn 0.113110 -0.993533 0.009915
vn 0.583504 0.759660 0.287123
vn 0.863148 0.432243 0.261041
vn 0.074692 0.037988 0.996483
vn 0.098481 0.504013 0.858063
vn 0.750811 0.579244 0.317424
vn 0.350260 0.882379 -0.314207
vn -0.001099 0.565843 0.824513
vn 0.183928 0.143832 -0.972359
vn 0.272439 0.685126 -0.675558
vn -0.068148 0.612145 -0.787804
vn -0.003141 0.509764 -0.860309
vn 0.184583 0.944861 0.270494
vn 0.118708 -0.106737 0.987176
vn 0.261044 -0.772774 0.578513
vn 0.045427 -0.729749 -0.682205
vn -0.093214 0.024598 -0.995342
vn 0.129119 0.991620 -0.004351
vn 0.211684 -0.790199 0.575130
vn 0.026427 0.488781 0.872006
vn 0.064151 -0.064671 0.995842
vn 0.031536 0.996665 0.075265
vn 0.159367 0.568863 0.806844
vn 0.166601 -0.986008 -0.005727
vn 0.130171 -0.026671 -0.991133
vn 0.120954 0.517667 -0.846990
vn -0.085535 -0.795947 -0.599293
vn -0.001549 -0.073537 -0.997291
vn -0.006970 0.464419 0.885588
vn 0.025691 -0.076025 0.996775
vn 0.319475 -0.797150 -0.512335
vn 0.109781 -0.021043 -0.993733
vn -0.030512 -0.802990 -0.595211
vn -0.033856 -0.104124 -0.993988
vn 0.063159 -0.817552 0.572380
vn -0.101879 -0.994792 0.003215
vn 0.242749 0.965545 0.093785
vn -0.094847 0.635029 -0.766643
vn -0.064433 -0.997922 -0.000003
vn 0.318399 -0.947869 0.012859
vn 0.097458 -0.080523 0.991977
vn 0.085328 -0.729630 0.678498
vn 0.053443 -0.089486 0.994553
vn -0.062667 0.998031 0.002658
vn 0.132536 0.571838 0.809590
vn 0.000048 0.562842 -0.826564
vn 0.100363 0.484439 0.869049
vn 0.073921 0.649944 -0.756379
vn 0.045047 0.540616 -0.840062
vn 0.011985 -0.774131 -0.632912
vn 0.013575 -0.999908 -0.000558
vn 0.027614 -0.051828 -0.998274
vn -0.051328 -0.796288 0.602736
vn 0.019989 -0.099714 -0.994815
vn -0.103315 -0.790480 -0.603712
vn 0.025779 -0.151085 0.988185
vn -0.153172 -0.988200 -0.000001
vn 0.004299 0.999921 0.011814
vn -0.040076 -0.800501 0.597990
vn -0.002237 -0.804765 -0.593590
vn -0.089144 -0.066979 -0.993764
vn -0.033151 0.024128 0.999159
vn 0.111134 0.560692 -0.820532
vn 0.224619 -0.781385 0.582222
vn -0.018605 0.611033 0.791386
vn 0.132729 0.990741 0.028555
vn 0.059862 -0.773367 -0.631126
vn 0.051646 -0.998665 -0.000001
vn -0.018477 -0.999829 0.000178
vn -0.107107 0.994240 0.003843
vn 0.073541 -0.102426 -0.992019
vn -0.098745 -0.836136 -0.539561
vn 0.050570 -0.143768 -0.988319
vn -0.000436 0.515240 0.857046
vn -0.103313 -0.790472 0.603723
vn 0.099245 0.618346 -0.779614
vn -0.146049 -0.989266 -0.004697
vn 0.054486 -0.073058 0.995838
vn 0.046664 -0.772579 0.633201
vn 0.057317 0.492404 0.868477
vn -0.007282 0.584048 -0.811687
vn -0.036984 -0.107866 0.993477
vn 0.020994 -0.068208 0.997450
vn -0.037171 -0.802560 0.595412
vn 0.131542 0.991296 -0.005322
vn 0.091768 0.565037 -0.819946
vn 0.066533 -0.808635 -0.584536
vn 0.113954 -0.128506 -0.985140
vn 0.347018 -0.641061 -0.684557
vn 0.276068 -0.005119 -0.961124
vn 0.032270 0.999479 -0.000003
vn 0.373160 -0.927642 -0.015213
vn -0.048767 0.633976 0.771813
vn 0.168122 0.568600 -0.805251
vn -0.127544 -0.826187 0.548769
vn 0.034517 0.999390 0.005242
vn 0.028190 -0.999602 0.000951
vn 0.059859 -0.773364 0.631130
vn 0.081644 -0.051214 0.995345
vn 0.019992 -0.099701 0.994817
vn 0.177045 0.520345 -0.835402
vn 0.219920 -0.768043 -0.601453
vn 0.060345 -0.081705 -0.994828
vn 0.116611 0.650617 0.750400
vn -0.154322 -0.081668 0.984640
vn 0.260283 -0.965533 -0.000001
vn 0.000045 0.562843 0.826564
vn 0.026026 -0.797571 0.602664
vn 0.162046 0.986783 -0.000009
vn -0.019663 0.535529 0.844288
vn 0.135929 0.579502 -0.803555
vn 0.230359 0.973086 -0.006149
vn 0.382033 -0.644227 0.662587
vn -0.013638 -0.135797 0.990643
vn 0.702496 -0.395020 -0.591995
vn 0.656124 0.088401 -0.749458
vn 0.022323 0.999751 0.000742
vn 0.843810 -0.535221 -0.039029
vn -0.037917 0.600085 -0.799037
vn 0.240912 -0.798652 -0.551467
vn 0.090856 -0.084748 -0.992252
vn 0.111133 0.560694 0.820531
vn 0.073538 -0.102432 0.992018
vn 0.140958 0.617292 0.774003
vn 0.180805 0.966142 -0.184063
vn -0.008784 0.942064 -0.335319
vn 0.244432 -0.969636 0.007716
vn 0.206872 0.978327 -0.009005
vn 0.219919 -0.768045 0.601450
vn 0.325168 -0.004833 0.945644
vn 0.484328 0.482777 -0.729625
vn 0.115261 0.993335 -0.000004
vn 0.207576 0.978200 0.006119
vn 0.073533 -0.731005 -0.678398
vn -0.041376 0.015468 -0.999024
vn 0.047657 -0.123461 0.991204
vn -0.065090 0.587916 0.806299
vn 0.738165 -0.400074 0.543188
vn -0.023366 0.627852 -0.777982
vn -0.072922 0.997333 0.002907
vn 0.141541 -0.989932 0.000005
vn 0.106376 0.855835 -0.506193
vn 0.191474 0.966583 0.170455
vn -0.088355 -0.790608 -0.605915
vn 0.015186 -0.055684 -0.998333
vn 0.060345 -0.081705 0.994828
vn 0.009005 0.942058 0.335329
vn 0.200845 -0.793905 0.573913
vn -0.061978 0.628026 -0.775720
vn -0.115107 -0.993353 0.000005
vn 0.091768 0.565041 0.819943
vn 0.114363 0.580021 0.806534
vn 0.133367 0.991060 -0.003743
vn 0.085818 -0.744737 -0.661818
vn -0.035446 0.025923 -0.999035
vn 0.135156 0.990815 0.004235
vn 0.990713 0.125607 -0.052055
vn 0.073528 -0.731004 0.678400
vn 0.700857 0.091203 0.707447
vn 0.216424 0.525243 0.822971
vn -0.056979 0.998375 0.000001
vn 0.166992 -0.985944 0.005277
vn 0.828159 0.558729 -0.044435
vn -0.062783 -0.814862 -0.576245
vn 0.047253 -0.054676 -0.997385
vn 0.019465 -0.772802 -0.634349
vn 0.025746 -0.999669 0.000003
vn -0.102287 -0.994750 -0.003148
vn 0.027860 -0.030974 -0.999132
vn -0.088353 -0.790600 0.605925
vn -0.050396 0.649786 -0.758445
vn 0.085591 0.589595 0.803151
vn 0.102362 0.639716 -0.761765
vn 0.138732 0.855980 0.498048
vn 0.520070 0.493703 0.696983
vn 0.046009 -0.745340 0.665095
vn -0.063959 0.997950 -0.002120
vn -0.037915 0.600085 0.799037
vn -0.041380 0.015460 0.999024
vn 0.027918 -0.092239 0.995346
vn -0.095803 -0.814947 0.571561
vn 0.120264 0.665344 -0.736786
vn 0.046726 -0.782127 -0.621365
vn 0.021167 -0.999776 0.000866
vn 0.077282 -0.026746 -0.996651
vn -0.096546 0.995329 -0.000005
vn 0.118657 0.610763 -0.782873
vn 0.015188 -0.055674 0.998334
vn 0.019464 -0.772796 0.634357
vn -0.095984 0.026291 0.995036
vn -0.071200 0.632960 0.770904
vn -0.107187 0.994233 -0.003519
vn 0.343639 -0.657165 -0.670855
vn 0.246198 0.020083 -0.969011
vn 0.375712 -0.926737 -0.000006
vn 0.146589 0.989198 -0.000001
vn -0.061981 0.628035 0.775713
vn 0.140102 0.637066 -0.757970
vn -0.009484 -0.055114 0.998435
vn 0.012458 -0.783247 0.621586
vn 0.027858 -0.030977 0.999132
vn 0.134092 0.990959 0.004414
vn -0.096033 0.650627 0.753301
vn 0.382607 -0.668534 -0.637710
vn 0.305988 0.015524 -0.951909
vn 0.102364 0.639724 0.761758
vn 0.375521 -0.926712 0.013737
vn 0.135031 0.558261 -0.818604
vn 0.343635 -0.657163 0.670859
vn 0.282025 0.959407 -0.000001
vn 0.022791 -0.027346 0.999366
vn 0.756806 -0.397118 -0.519174
vn 0.713525 0.109122 -0.692080
vn 0.861337 -0.508034 -0.000017
vn 0.077712 0.664714 0.743045
vn 0.160437 0.967389 -0.196004
vn -0.018224 0.946936 -0.320905
vn 0.119849 0.607597 0.785151
vn 0.182688 0.983128 0.009163
vn 0.246194 0.020080 0.969013
vn 0.233379 0.972361 0.007017
vn 0.188797 0.563594 -0.804187
vn 0.523092 0.508595 -0.683890
vn 0.348423 -0.666545 0.659029
vn 0.764051 -0.404515 -0.502586
vn 0.721408 0.114811 -0.682927
vn -0.097495 0.995173 0.011236
vn 0.756819 -0.397115 0.519158
vn 0.150816 0.967514 0.202909
vn 0.859332 -0.510327 0.033405
vn 0.098198 0.637082 0.764515
vn 0.116481 0.858616 -0.499210
vn 0.176866 0.967297 -0.181811
vn 0.008584 0.953839 -0.300195
vn 0.207459 0.978205 0.008671
vn 0.051656 0.689093 0.722830
vn 0.255705 0.009406 0.966709
vn 0.160328 0.986909 0.017472
vn 0.992196 0.124688 -0.000002
vn 0.515121 0.540695 -0.665056
vn 0.713528 0.109129 0.692075
vn 0.873052 0.487628 0.000014
vn 0.171132 0.966176 0.192921
vn 0.731003 -0.401793 0.551541
vn -0.073301 0.997236 -0.012124
vn 0.120997 0.887539 -0.444560
vn -0.002895 0.945264 0.326294
vn 0.086475 0.864040 0.495941
vn 0.553273 0.482736 0.678863
vn 0.124664 0.992186 0.005092
vn 0.990318 0.135555 0.029934
vn 0.143868 0.560992 0.815224
vn 0.687046 0.091584 0.720819
vn 0.846164 0.531283 0.041767
vn 0.130271 0.869226 0.476944
vn 0.488890 0.514974 0.704122
vn -0.220532 -0.458136 0.861091
vn 0.171667 -0.557111 0.812501
vn 0.193804 -0.142690 0.970608
vn -0.322475 -0.080233 0.943172
vn 0.310997 -0.347399 -0.884644
vn 0.318101 -0.361335 -0.876498
vn -0.261652 -0.459495 -0.848765
vn -0.530028 -0.843255 -0.089396
vn 0.112739 -0.412794 0.903820
vn 0.250083 -0.272369 0.929125
vn 0.359664 -0.066063 0.930740
vn 0.376896 0.110389 -0.919654
vn 0.333956 -0.240202 -0.911469
vn 0.981698 0.001983 -0.190433
vn 0.759588 0.039942 -0.649176
vn 0.707388 -0.283787 -0.647354
vn 0.937499 -0.303853 -0.169613
vn -0.318293 0.208305 0.924824
vn 0.199793 0.226794 0.953230
vn 0.161724 0.504996 0.847835
vn -0.184105 0.428443 0.884614
vn 0.270073 -0.297470 -0.915736
vn 0.333664 0.397331 -0.854867
vn 0.897599 0.404244 -0.175792
vn 0.673046 0.426220 -0.604439
vn 0.529143 0.177087 0.829849
vn 0.853260 0.038104 0.520091
vn 0.751053 0.335893 0.568414
vn 0.468522 0.483181 0.739610
vn 0.549796 -0.192142 0.812899
vn 0.837120 -0.246120 0.488522
vn 0.484428 -0.574079 0.660124
vn 0.709294 -0.522500 0.473176
vn 0.723543 -0.052642 0.688269
vn 0.963616 -0.017327 0.266727
vn 0.919163 -0.306673 0.247168
vn 0.726621 -0.321390 0.607231
vn 0.650599 0.224684 0.725423
vn 0.886930 0.372381 0.273291
vn -0.278979 -0.950936 0.133758
vn -0.112663 0.686671 -0.718185
vn 0.202826 0.646674 -0.735306
vn 0.800048 0.591454 -0.100529
vn 0.528235 0.704060 -0.474622
vn 0.539699 0.696657 -0.472646
vn 0.784289 0.608560 -0.120602
vn 0.907482 0.405917 -0.108207
vn 0.676677 0.433194 -0.595358
vn -0.205431 0.541205 -0.815411
vn -0.258666 0.274785 -0.926059
vn 0.195081 -0.461616 0.865364
vn 0.000764 -0.820399 0.571791
vn 0.927479 0.205558 0.312296
vn 0.617037 0.078467 0.783012
vn 0.571567 0.064407 0.818024
vn 0.948298 0.103370 0.300075
vn 0.762641 0.090064 -0.640521
vn 0.971398 0.195575 -0.134672
vn 0.984737 0.017731 -0.173141
vn 0.761784 -0.159065 -0.627999
vn 0.694597 -0.496217 0.520868
vn 0.165132 0.677264 -0.716970
vn 0.191287 0.350896 -0.916669
vn -0.271971 -0.100237 -0.957071
vn 0.222032 -0.050312 -0.973740
vn 0.207678 -0.353812 -0.911969
vn 0.366997 -0.197298 0.909058
vn 0.264199 -0.318798 0.910257
vn -0.436871 -0.525186 -0.730290
vn -0.968219 -0.212895 -0.131252
vn 0.240784 -0.402772 -0.883062
vn 0.973998 -0.096938 -0.204768
vn 0.751960 -0.237254 -0.615034
vn -0.976135 -0.105854 0.189621
vn 0.583558 -0.009780 0.812012
vn 0.952872 -0.026535 0.302210
vn 0.077134 -0.018720 0.996845
vn 0.940357 -0.173863 0.292405
vn 0.599713 -0.129790 0.789620
vn 0.592181 -0.198065 0.781084
vn 0.925932 -0.247462 0.285329
vn 0.692673 -0.244022 -0.678717
vn 0.703706 -0.239599 -0.668873
vn 0.954046 -0.206264 -0.217375
vn 0.944644 -0.254189 -0.207451
vn -0.599708 -0.145102 -0.786954
vn -0.590207 -0.189410 -0.784716
vn 0.142339 -0.250222 -0.957668
vn 0.089605 -0.203636 -0.974938
vn -0.986303 -0.028003 -0.162547
vn -0.983621 -0.045711 -0.174359
vn -0.968888 -0.032016 0.245420
vn -0.976627 -0.005564 0.214869
vn 0.086669 -0.096661 0.991537
vn 0.043811 -0.150581 0.987627
vn 0.574248 -0.227556 0.786420
vn 0.000095 -0.172826 0.984952
vn 0.920728 -0.258768 0.292061
vn 0.683144 -0.238447 -0.690259
vn 0.946425 -0.255764 -0.197142
vn -0.627697 -0.120641 -0.769053
vn 0.040953 -0.170027 -0.984588
vn -0.981545 -0.064183 -0.180140
vn -0.963959 -0.058145 0.259621
vn -0.014111 -0.149418 0.988673
vn 0.582484 -0.211979 0.784715
vn 0.927724 -0.247401 0.279502
vn 0.951249 -0.234783 -0.200007
vn 0.688729 -0.220316 -0.690734
vn 0.017215 -0.158179 -0.987260
vn -0.646128 -0.121198 -0.753545
vn -0.977628 -0.080966 -0.194132
vn -0.968985 -0.078608 0.234284
vn -0.000321 -0.096653 0.995318
vn 0.644827 -0.124254 0.754161
vn 0.946125 -0.140208 0.291871
vn 0.976855 -0.111396 -0.182608
vn 0.730221 -0.108050 -0.674613
vn 0.027765 -0.105237 -0.994060
vn -0.665155 -0.123433 -0.736433
vn -0.973848 -0.105059 -0.201450
vn -0.971287 -0.101605 0.215122
vn -0.974190 0.063590 -0.216588
vn -0.705818 0.181559 -0.684732
vn -0.651484 0.386418 -0.652878
vn -0.958396 0.200794 -0.202877
vn 0.016798 0.281485 -0.959419
vn 0.025576 0.494291 -0.868920
vn 0.725295 0.232098 -0.648134
vn 0.979222 0.135282 -0.151074
vn 0.949560 0.274626 -0.151378
vn 0.663718 0.432493 -0.610269
vn -0.990728 -0.007796 0.135637
vn -0.984265 0.069520 0.162447
vn 0.830399 0.043311 0.555483
vn 0.568311 0.077632 0.819143
vn 0.576987 -0.060471 0.814512
vn 0.829524 0.045102 0.556647
vn -0.022206 0.088284 0.995848
vn -0.008774 -0.132827 0.991100
vn 0.925803 -0.108195 0.362191
vn 0.554475 -0.094134 0.826859
vn 0.555715 -0.125566 0.821836
vn 0.921553 -0.169390 0.349351
vn 0.714650 -0.111123 -0.690599
vn 0.981712 -0.116369 -0.150668
vn 0.970797 -0.188465 -0.148442
vn 0.710023 -0.204550 -0.673815
vn -0.652855 -0.099227 -0.750955
vn 0.059080 -0.093525 -0.993862
vn 0.055399 -0.195634 -0.979111
vn -0.659764 -0.154570 -0.735405
vn -0.975351 -0.093994 -0.199639
vn -0.974642 -0.093872 -0.203127
vn -0.967510 -0.085833 0.237816
vn -0.972499 -0.067475 0.222920
vn -0.028590 -0.080912 0.996311
vn -0.037727 -0.085855 0.995593
vn 0.925072 0.133486 0.355560
vn 0.575196 -0.007437 0.817982
vn 0.548731 -0.051474 0.834413
vn 0.930277 0.030433 0.365594
vn 0.680501 0.314831 -0.661665
vn 0.960398 0.245668 -0.131462
vn 0.987032 0.079777 -0.139295
vn 0.710269 0.111783 -0.694998
vn -0.632977 0.286129 -0.719354
vn 0.030207 0.316728 -0.948035
vn 0.045792 0.126920 -0.990855
vn -0.655126 0.092802 -0.749798
vn -0.961436 0.185954 -0.202638
vn -0.978524 0.031146 -0.203767
vn -0.965573 0.090575 0.243853
vn -0.969168 -0.016259 0.245863
vn -0.038928 -0.099886 0.994237
vn -0.040383 -0.086252 0.995455
vn 0.003271 -0.376090 0.926578
vn 0.562986 -0.262975 0.783512
vn 0.799681 -0.066230 0.596761
vn 0.947579 0.286075 -0.142322
vn 0.659907 0.417482 -0.624685
vn 0.022441 0.452084 -0.891693
vn -0.623017 0.394764 -0.675286
vn -0.949121 0.239761 -0.204167
vn -0.966772 0.113301 0.229162
vn 0.602046 -0.095080 0.792780
vn -0.037719 -0.241326 0.969711
vn 0.939511 0.154638 0.305625
vn 0.906587 -0.095028 0.411180
vn 0.607404 -0.072034 0.791120
vn 0.581328 -0.022285 0.813364
vn 0.889214 -0.030352 0.456484
vn 0.722953 -0.175034 -0.668358
vn 0.983699 -0.131610 -0.122537
vn 0.989443 -0.069447 -0.127197
vn 0.736294 -0.101886 -0.668947
vn -0.616502 -0.106409 -0.780130
vn 0.074574 -0.179545 -0.980919
vn 0.108886 -0.100357 -0.988975
vn -0.559276 -0.059361 -0.826853
vn -0.946650 -0.025130 -0.321282
vn -0.925127 -0.026224 -0.378752
vn -0.990686 0.008261 0.135913
vn -0.995356 -0.016011 0.094924
vn 0.019119 -0.033742 0.999248
vn 0.014152 -0.011480 0.999834
vn 0.572044 -0.148353 0.806695
vn 0.917773 -0.192563 0.347293
vn 0.963345 -0.221660 -0.151108
vn 0.697086 -0.252675 -0.670989
vn 0.038648 -0.240949 -0.969768
vn -0.664420 -0.167126 -0.728433
vn -0.968791 -0.087700 -0.231848
vn -0.979739 -0.054114 0.192831
vn -0.027894 -0.099891 0.994607
vn 0.638634 -0.027045 0.769035
vn 0.959000 -0.043312 0.280076
vn 0.987609 -0.015179 -0.156197
vn 0.746949 0.004122 -0.664868
vn 0.033787 0.019522 -0.999238
vn -0.688462 -0.028134 -0.724727
vn -0.974108 -0.067195 -0.215866
vn -0.975957 -0.098366 0.194503
vn -0.027208 -0.054107 0.998164
vn 0.342194 0.113282 0.932775
vn 0.269453 0.184691 0.945137
vn 0.541327 0.300570 0.785253
vn 0.804216 0.485586 0.342700
vn 0.185273 0.775564 0.603468
vn 0.126634 0.224711 0.966162
vn 0.206773 0.238647 0.948837
vn 0.270185 0.755944 0.596278
vn 0.193183 0.975167 -0.108303
vn 0.295617 0.951923 -0.080330
vn 0.166817 0.710805 -0.683322
vn 0.274794 0.703917 -0.654972
vn 0.160853 0.094911 -0.982404
vn 0.233547 0.128178 -0.963860
vn 0.142605 -0.588648 -0.795712
vn 0.156827 -0.586204 -0.794840
vn 0.073391 -0.996194 -0.047017
vn 0.076560 -0.996057 -0.044825
vn 0.126228 -0.554553 0.822519
vn 0.133581 -0.592708 0.794263
vn 0.219169 0.973445 -0.066109
vn 0.229149 0.700107 -0.676270
vn 0.174707 0.099209 -0.979610
vn 0.158294 -0.577617 -0.800813
vn 0.122634 -0.992321 -0.016099
vn 0.102619 -0.611264 0.784746
vn 0.128140 0.211251 0.968996
vn 0.181846 0.759939 0.624039
vn 0.001810 -0.660694 0.750654
vn -0.419097 -0.374050 0.827312
vn -0.586661 -0.091975 0.804593
vn -0.572248 0.152890 0.805703
vn 0.904884 -0.411393 0.109276
vn 0.793599 -0.586239 0.162864
vn 0.555007 -0.726116 0.405860
vn 0.009737 0.734135 0.678934
vn 0.012661 0.168826 0.985565
vn 0.022716 0.165021 0.986028
vn 0.020319 0.708602 0.705316
vn 0.028504 0.994493 -0.100851
vn 0.034646 0.994169 -0.102116
vn 0.068295 0.656896 -0.750882
vn 0.092147 0.631053 -0.770247
vn 0.090115 0.084893 -0.992307
vn 0.118122 0.080699 -0.989715
vn 0.082372 -0.668121 -0.739479
vn 0.092911 -0.641007 -0.761891
vn 0.046885 -0.998900 0.000626
vn 0.039758 -0.999204 0.003179
vn 0.025244 -0.688068 0.725207
vn 0.020144 -0.674511 0.737990
vn 0.004430 0.994777 -0.101973
vn 0.049604 0.643547 -0.763798
vn 0.083094 0.074890 -0.993724
vn 0.077540 -0.625072 -0.776706
vn 0.035057 -0.999331 0.010410
vn 0.016129 -0.674780 0.737843
vn 0.017346 0.145873 0.989151
vn 0.004091 0.684350 0.729142
vn 0.038007 0.171785 0.984401
vn 0.055761 -0.657788 0.751136
vn 0.034067 -0.692270 0.720834
vn 0.017175 0.162472 0.986564
vn 0.061425 0.762577 0.643975
vn 0.015772 0.736358 0.676409
vn 0.088757 0.992116 -0.088480
vn 0.038551 0.994386 -0.098541
vn 0.134279 0.691792 -0.709502
vn 0.091528 0.656830 -0.748463
vn 0.136639 0.085552 -0.986920
vn 0.116730 0.079341 -0.989990
vn 0.147687 -0.623778 -0.767522
vn 0.112033 -0.672345 -0.731711
vn 0.111184 -0.993797 0.002259
vn 0.066163 -0.997805 0.002892
vn 0.818531 0.021226 0.574070
vn 0.603807 0.047018 0.795743
vn 0.004230 0.014910 0.999880
vn 0.061976 -0.722667 0.688412
vn -0.412972 -0.456222 0.788236
vn -0.629705 -0.100459 0.770312
vn -0.609328 0.155585 0.777504
vn -0.370603 0.453265 0.810681
vn -0.376735 0.452260 0.808413
vn -0.020428 0.665915 0.745748
vn 0.049508 0.622860 0.780765
vn 0.510811 0.590175 0.625112
vn 0.571395 0.665063 0.480832
vn 0.939023 -0.341794 0.037590
vn 0.932279 -0.320990 0.166797
vn 0.753086 -0.602643 0.263974
vn 0.466969 -0.744667 0.476877
vn 0.847693 0.382727 0.367338
vn 0.894903 0.381360 0.231761
vn 0.982126 -0.018363 0.187327
vn 0.995965 -0.052154 0.073039
vn 0.193952 -0.567649 -0.800099
vn 0.436531 -0.300701 -0.847950
vn 0.202111 0.137828 -0.969616
vn 0.066984 0.101045 -0.992624
vn 0.852186 0.444815 0.275535
vn 0.892626 0.303662 0.333179
vn 0.979473 0.072109 0.188239
vn 0.967628 0.166452 0.189711
vn 0.894367 -0.370975 -0.249971
vn 0.905750 -0.373098 -0.201032
vn 0.674960 -0.368252 -0.639390
vn 0.640732 -0.377877 -0.668335
vn 0.941195 -0.337620 -0.012816
vn 0.991276 -0.125796 0.039327
vn 0.954506 -0.142592 -0.261889
vn 0.933842 -0.258057 -0.247680
vn 0.608572 -0.340267 -0.716840
vn 0.490517 -0.253586 -0.833719
vn 0.943908 0.265218 0.196718
vn -0.006714 0.734544 0.678527
vn 0.564758 0.706135 0.427109
vn 0.839318 0.273862 0.469622
vn 0.304049 -0.511927 0.803421
vn 0.253832 0.247394 0.935075
vn 0.549349 0.390445 0.738761
vn 0.917974 -0.334369 -0.213357
vn 0.302274 -0.951633 -0.055004
vn 0.529096 0.647801 0.548098
vn 0.392596 0.594932 0.701374
vn 0.063322 0.733486 0.676749
vn -0.727660 0.008464 0.685885
vn -0.771723 -0.004857 0.635940
vn -0.688870 -0.061693 0.722255
vn -0.704718 -0.054909 0.707360
vn -0.668894 -0.080124 0.739027
vn -0.659827 -0.064724 0.748625
vn -0.674882 -0.022050 0.737597
vn -0.686922 -0.073717 0.722983
vn -0.628088 -0.122061 0.768510
vn -0.843918 -0.057640 0.533366
vn -0.834203 -0.071326 0.546825
vn -0.623115 -0.239957 0.744412
vn -0.634362 0.003395 0.773028
vn -0.846144 -0.052117 0.530399
vn -0.655890 -0.081626 0.750431
vn -0.841661 -0.099516 0.530757
vn -0.725602 -0.108775 0.679463
vn -0.718756 -0.103245 0.687554
vn -0.677869 -0.099123 0.728470
vn -0.660162 -0.099614 0.744488
vn -0.648367 -0.097633 0.755042
vn -0.610634 -0.074896 0.788363
vn -0.559668 -0.049540 0.827235
vn 0.204749 0.122697 0.971094
vn 0.620635 0.241118 0.746106
vn 0.643105 0.187913 0.742364
vn 0.181973 0.043829 0.982326
vn 0.628990 0.126742 0.767012
vn 0.169016 -0.091512 0.981356
vn 0.428668 0.180161 0.885317
vn 0.396704 0.089700 0.913554
vn 0.381911 -0.008402 0.924161
vn 0.121973 0.699510 0.704137
vn 0.154375 0.683604 0.713340
vn 0.125232 0.683417 0.719206
vn 0.951845 0.289619 -0.100560
vn 0.805338 0.284554 -0.520058
vn 0.772390 0.048137 -0.633321
vn 0.991768 0.058717 -0.113790
vn 0.845795 0.437913 0.304735
vn 0.872111 0.120419 0.474259
vn 0.258262 0.374875 -0.890376
vn 0.204384 0.094677 -0.974302
vn 0.424637 0.546388 0.721903
vn 0.534650 0.137023 0.833891
vn -0.505973 0.314574 -0.803140
vn -0.515440 0.103022 -0.850710
vn -0.063612 0.096482 0.993300
vn -0.924224 0.032090 -0.380500
vn -0.998816 0.003803 0.048501
vn -0.824103 0.031064 0.565588
vn 0.209648 -0.155839 -0.965278
vn 0.168130 0.122568 -0.978115
vn -0.931304 0.145543 -0.333902
vn -0.997513 0.065379 0.026345
vn -0.898109 0.144581 0.415326
vn -0.208455 0.412952 0.886576
vn -0.709462 -0.026399 0.704249
vn -0.003800 -0.074665 0.997202
vn 0.594243 -0.124370 0.794612
vn 0.916308 -0.163640 0.365517
vn 0.971066 -0.199389 -0.131433
vn 0.702751 -0.243424 -0.668496
vn 0.044740 -0.244865 -0.968524
vn -0.651007 -0.167843 -0.740283
vn -0.963283 -0.074776 -0.257867
vn -0.985825 -0.029668 0.165130
vn 0.295617 0.784813 0.544683
vn 0.161050 0.681795 -0.713595
vn 0.071906 0.708052 -0.702490
vn 0.115125 0.989766 -0.084313
vn 0.066961 0.992188 -0.105262
vn 0.296021 0.765129 0.571795
vn 0.160233 0.810994 0.562685
vn 0.088028 0.441272 -0.893045
vn 0.307335 0.128549 -0.942879
vn 0.171718 0.899887 0.400894
vn 0.284111 0.698299 -0.657008
vn 0.247494 0.833566 0.493878
vn 0.246648 0.708927 -0.660748
vn 0.256407 0.672423 -0.694336
vn 0.370349 0.928776 0.014716
vn 0.198301 0.979755 -0.027525
vn 0.203334 0.978651 -0.029960
vn -0.260072 0.730352 0.631624
vn -0.299188 0.032159 0.953652
vn 0.640638 -0.039999 0.766801
vn 0.509473 0.722558 0.467278
vn -0.295720 -0.631509 0.716761
vn 0.428419 -0.702685 0.568059
vn 0.356068 0.874566 0.329164
vn 0.989313 -0.100302 0.105829
vn -0.967793 0.012644 0.251428
vn -0.293764 0.768527 0.568392
vn -0.501642 -0.859365 0.099238
vn -0.592992 -0.791563 -0.147611
vn -0.991034 0.047404 0.124921
vn -0.553074 0.680093 0.481231
vn 0.763346 0.610168 0.212126
vn 0.663822 0.685557 0.298919
vn 0.991065 -0.128352 -0.036270
vn 0.847286 0.527986 0.057770
vn 0.497766 -0.861537 -0.099917
vn -0.633158 -0.768559 0.091809
vn -0.952416 0.043421 0.301692
vn -0.763993 0.558142 0.323717
vn 0.099782 0.931276 0.350384
vn 0.064046 0.902886 0.425082
vn 0.176162 0.897374 0.404582
vn 0.166504 0.926232 0.338186
vn 0.138500 0.921700 0.362336
vn 0.149568 0.926948 0.344089
vn 0.979154 -0.073984 -0.189166
vn 0.421558 -0.856616 -0.297486
vn 0.984697 -0.073605 -0.157972
vn 0.473794 -0.876058 -0.089680
vn 0.041763 -0.973156 0.226328
vn 0.999141 0.029274 -0.029341
vn 0.775748 0.621868 0.107217
vn 0.626150 -0.776333 0.072414
vn 0.059925 0.766520 0.639419
vn -0.022726 0.892396 0.450681
vn 0.233121 0.748812 0.620432
vn 0.276485 0.901279 0.333544
vn -0.267361 0.741951 0.614839
vn -0.307918 0.032051 0.950873
vn 0.653463 -0.038767 0.755965
vn 0.517847 0.728081 0.449146
vn 0.436482 -0.713177 0.548509
vn -0.305645 -0.640908 0.704144
vn 0.073438 0.911739 0.404153
vn 0.914808 -0.129309 0.382630
vn -0.955559 0.021926 0.293983
vn -0.333731 0.866344 0.371579
vn -0.467951 -0.848634 0.246662
vn -0.593936 -0.792008 -0.141291
vn -0.993423 0.041733 0.106627
vn -0.554145 0.731302 0.397643
vn 0.634674 0.768236 0.083684
vn 0.754202 0.640136 0.146303
vn 0.991175 -0.128034 -0.034340
vn 0.847910 0.527221 0.055569
vn 0.498164 -0.861710 -0.096379
vn -0.633332 -0.768955 0.087169
vn -0.955962 0.043697 0.290220
vn -0.767599 0.560467 0.310917
vn 0.168061 0.930618 0.325123
vn 0.100236 0.936094 0.337166
vn 0.064590 0.909507 0.410641
vn 0.177188 0.903793 0.389567
vn 0.150644 0.931509 0.331055
vn 0.139580 0.926755 0.348774
vn 0.980064 -0.074630 -0.184135
vn 0.423681 -0.859404 -0.286216
vn 0.979856 -0.061484 -0.190003
vn 0.500973 -0.865451 -0.004645
vn -0.014327 -0.944826 0.327259
vn 0.541787 0.826282 0.154028
vn 0.210334 -0.949008 0.234828
vn 0.060431 0.781264 0.621269
vn -0.022929 0.900133 0.435012
vn 0.238530 0.760741 0.603636
vn 0.278412 0.905440 0.320415
vn -0.247162 0.778753 0.576589
vn -0.303505 0.033060 0.952256
vn 0.654118 -0.040501 0.755307
vn 0.486819 0.765153 0.421365
vn 0.411494 -0.747770 0.521069
vn -0.296099 -0.680585 0.670171
vn 0.052924 0.943534 0.327020
vn 0.759191 -0.335874 0.557511
vn -0.968120 0.042592 0.246838
vn -0.309173 0.891786 0.330347
vn -0.404191 -0.891130 0.206199
vn -0.553117 -0.822741 -0.130994
vn -0.991581 0.051450 0.118831
vn -0.527814 0.727696 0.438031
vn 0.618171 0.775577 0.127847
vn 0.726263 0.658053 0.198770
vn 0.989371 -0.141545 -0.033311
vn 0.819354 0.570725 0.054149
vn 0.458954 -0.883947 -0.089436
vn -0.593609 -0.800746 0.080214
vn -0.955461 0.047198 0.291320
vn -0.738361 0.603421 0.301175
vn 0.154011 0.943227 0.294285
vn 0.091786 0.947897 0.305067
vn 0.061193 0.925758 0.373133
vn 0.161871 0.920976 0.354403
vn 0.137894 0.944006 0.299731
vn 0.128121 0.940091 0.315933
vn 0.980349 -0.081085 -0.179837
vn 0.389790 -0.882330 -0.263738
vn 0.991049 -0.042026 -0.126708
vn 0.383014 -0.921112 0.069668
vn -0.064278 -0.944626 0.321792
vn 0.537089 0.834859 0.120609
vn 0.115062 -0.951195 0.286336
vn 0.055946 0.813051 0.579498
vn -0.018763 0.917993 0.396154
vn 0.225918 0.793884 0.564544
vn 0.254194 0.922202 0.291427
vn 0.130516 -0.076573 0.988485
vn 0.114589 0.476695 0.871568
vn -0.505062 0.571822 0.646477
vn -0.600958 -0.028313 0.798779
vn 0.400253 0.821611 0.405899
vn 0.476998 0.827601 0.295889
vn 0.537939 0.776485 0.328166
vn 0.423674 0.819278 0.386372
vn 0.958812 0.241822 -0.149001
vn 0.918681 0.195970 -0.342960
vn 0.964199 0.120384 -0.236279
vn 0.931336 0.083497 -0.354459
vn -0.979996 0.109248 0.166353
vn -0.991781 -0.044342 0.120018
vn -0.999933 -0.002499 0.011332
vn -0.929246 0.330136 0.165869
vn -0.808854 0.563926 0.166564
vn -0.997709 0.063526 0.023275
vn 0.084786 -0.990719 0.106242
vn 0.190061 -0.959074 -0.209888
vn 0.425470 -0.891105 -0.157819
vn 0.447680 -0.894194 -0.000131
vn 0.014194 -0.997804 -0.064693
vn 0.023332 -0.994369 -0.103371
vn 0.581398 -0.761514 -0.286484
vn 0.681132 -0.679891 -0.271676
vn 0.957195 0.050891 -0.284934
vn 0.929967 0.002791 -0.367632
vn 0.943843 0.071947 -0.322466
vn 0.935523 0.261042 -0.238020
vn 0.854154 0.517422 -0.051913
vn 0.957465 0.125709 -0.259726
vn 0.706955 0.697688 0.115961
vn 0.981802 0.130594 -0.137880
vn -0.021480 -0.998969 -0.039990
vn 0.934684 0.342977 -0.093452
vn 0.811881 0.574730 0.102641
vn 0.624574 -0.766779 -0.148182
vn 0.703786 -0.659078 -0.265143
vn 0.866600 -0.347899 -0.357732
vn -0.984921 0.075466 0.155676
vn -0.985963 0.077679 0.147793
vn -0.820583 -0.563977 0.092594
vn -0.745318 -0.662825 0.071867
vn 0.096789 -0.719617 0.687593
vn -0.492372 -0.583583 0.645756
vn -0.767330 -0.623063 -0.151647
vn -0.987756 0.153693 -0.026751
vn 0.083172 0.948197 0.306601
vn -0.142372 0.941778 0.304606
vn -0.254066 0.951420 0.173926
vn 0.073200 0.991226 0.110059
vn 0.996234 0.023977 -0.083320
vn 0.805217 0.586339 0.088501
vn 0.789719 0.602846 0.113666
vn 0.995903 0.017915 0.088632
vn 0.687569 -0.695799 -0.207636
vn 0.741314 -0.671129 -0.006314
vn -0.758555 -0.650353 0.040440
vn -0.035963 -0.984347 -0.172533
vn 0.028830 -0.999113 0.030702
vn -0.657592 -0.702943 0.271004
vn -0.972732 0.141174 0.184016
vn -0.913454 0.072470 0.400436
vn -0.716137 0.658681 0.230837
vn -0.715340 0.608155 0.344145
vn -0.293224 0.893988 0.338828
vn 0.074969 0.915267 0.395810
vn 0.652632 0.581337 0.485920
vn 0.805710 -0.037601 0.591116
vn 0.668656 -0.597641 0.442407
vn 0.073327 0.964550 0.253507
vn -0.706219 0.690695 0.155549
vn 0.089093 0.899852 0.426999
vn -0.884097 -0.467301 -0.001744
vn 0.695869 0.707634 0.122561
vn 0.990157 0.120634 -0.070967
vn -0.428870 0.859947 0.276696
vn 0.278880 0.924217 0.260861
vn 0.326222 0.932901 0.152561
vn -0.308845 0.842639 0.441105
vn 0.074823 0.752453 0.654383
vn 0.334348 0.910642 0.242781
vn 0.429159 0.899489 0.082115
vn 0.465822 0.851742 0.239885
vn 0.052179 -0.998617 -0.006443
vn -0.739550 0.627640 0.243175
vn -0.719496 0.643376 0.261521
vn -0.257932 0.766851 0.587716
vn -0.308137 0.032521 0.950786
vn 0.657757 -0.039321 0.752203
vn 0.502666 0.751243 0.427739
vn 0.424602 -0.736371 0.526756
vn -0.303407 -0.666651 0.680824
vn 0.131294 -0.211336 0.968555
vn 0.420489 0.813683 0.401384
vn 0.793394 0.608504 0.015790
vn 0.980582 -0.000279 -0.196109
vn -0.093619 0.964310 0.247672
vn 0.678292 -0.687744 -0.258704
vn 0.318780 -0.946838 0.043327
vn -0.035785 -0.999116 0.022084
vn -0.020469 -0.980179 -0.197056
vn 0.020490 0.932080 0.361672
vn -0.974136 0.025161 0.224558
vn -0.347273 0.845120 0.406415
vn -0.468478 -0.882616 0.038969
vn -0.570861 -0.810119 -0.133512
vn -0.991872 0.049620 0.117169
vn -0.543708 0.712665 0.443273
vn 0.605700 0.770243 0.199631
vn 0.741730 0.640301 0.199630
vn 0.990224 -0.135484 -0.033163
vn 0.832178 0.551860 0.054124
vn 0.475695 -0.874856 -0.091329
vn -0.610696 -0.787628 0.081808
vn -0.956753 0.045749 0.287281
vn -0.752281 0.585768 0.301578
vn 0.160351 0.939308 0.303295
vn 0.095432 0.944433 0.314546
vn 0.062778 0.920972 0.384539
vn 0.168571 0.915749 0.364676
vn 0.143548 0.940186 0.308940
vn 0.133244 0.936064 0.325621
vn 0.980999 -0.077920 -0.177677
vn 0.404743 -0.873691 -0.269904
vn 0.037917 0.891671 0.451093
vn -0.432139 0.814200 0.387729
vn -0.262707 0.884973 0.384459
vn 0.159985 0.865731 0.474252
vn -0.052957 0.916084 0.397474
vn 0.985656 -0.066369 -0.155167
vn 0.330239 -0.938715 -0.098777
vn -0.055959 -0.997853 0.034033
vn -0.032085 -0.999005 0.030962
vn -0.121238 -0.942568 0.311235
vn -0.003042 -0.999314 0.036921
vn 0.011537 -0.957024 0.289779
vn 0.488008 0.856554 0.167820
vn 0.058025 0.804174 0.591556
vn -0.020495 0.912877 0.407719
vn 0.233007 0.783557 0.575974
vn 0.264966 0.916497 0.299711
vn 0.249732 0.876747 0.411033
vn -0.040367 -0.998832 -0.026541
vn -0.068581 -0.995479 0.065716
vn 0.018792 -0.999822 0.001648
vn 0.011698 -0.998948 -0.044342
vn 0.661022 -0.746803 -0.073041
vn 0.036864 -0.999234 -0.013099
vn 0.368408 0.876289 0.310472
vn -0.032756 -0.998538 -0.043001
vn -0.022456 -0.999746 0.002107
vn 0.319691 0.861347 0.394815
vn -0.874783 0.349302 0.335772
vn -0.962185 0.151154 0.226612
vn -0.415327 0.745934 0.520659
vn -0.711178 0.409725 0.571271
vn -0.238837 0.680956 0.692283
vn 0.438044 0.801772 0.406546
vn 0.164697 0.848245 0.503344
vn 0.534410 0.752646 0.384617
vn 0.667549 0.660203 0.344253
vn 0.287239 0.753512 0.591366
vn -0.811468 -0.582182 -0.050823
vn -0.003746 -0.998224 -0.059458
vn -0.033471 -0.994313 0.101103
vn -0.169693 -0.967663 -0.186636
vn -0.038459 -0.971457 -0.234078
vn -0.019589 -0.997553 0.067113
vn -0.012842 -0.996838 -0.078419
vn -0.018851 -0.999066 -0.038879
vn 0.033642 -0.998956 -0.030915
vn -0.026363 -0.996096 -0.084250
vn -0.859878 -0.443005 -0.253686
vn -0.741334 -0.670669 0.025052
vn -0.996438 -0.058568 0.060675
vn -0.955798 -0.084525 -0.281613
vn -0.667074 -0.744989 0.001633
vn -0.337249 -0.935420 -0.106079
vn -0.368981 -0.926482 0.074055
vn -0.464510 -0.596214 -0.654797
vn -0.054708 -0.626406 -0.777575
vn 0.603053 -0.503151 -0.619004
vn -0.014674 -0.999072 0.040490
vn -0.036138 -0.998824 0.032309
vn -0.594070 -0.152944 -0.789740
vn -0.047740 -0.166516 -0.984882
vn 0.681633 -0.091215 -0.725987
vn -0.948439 0.158555 -0.274451
vn -0.559373 0.261907 -0.786452
vn 0.654445 0.292423 -0.697274
vn 0.112770 0.348118 -0.930643
vn 0.673572 0.116409 -0.729897
vn -0.005866 0.123865 -0.992282
vn -0.602194 0.097568 -0.792365
vn -0.992774 0.115123 0.033859
vn -0.995119 0.083680 0.052312
vn -0.951700 0.090977 -0.293242
vn -0.227197 0.730149 -0.644410
vn -0.328302 0.832875 -0.445575
vn -0.336655 0.706573 -0.622429
vn -0.498690 0.773744 -0.390677
vn -0.469812 0.676933 -0.566602
vn -0.726339 0.623176 -0.289972
vn -0.781527 0.019013 -0.623582
vn -0.969208 0.014985 -0.245786
vn -0.038622 -0.694007 -0.718932
vn -0.181377 -0.835136 -0.519278
vn -0.146092 -0.708312 -0.690616
vn -0.398121 -0.803615 -0.442384
vn -0.283615 -0.722334 -0.630711
vn -0.610224 -0.716099 -0.338863
vn -0.380373 0.924791 0.008867
vn -0.560492 0.828107 0.009371
vn -0.783741 0.621039 0.007826
vn -0.999765 0.020298 0.007600
vn -0.242872 -0.970037 0.006395
vn -0.483645 -0.875242 0.006303
vn -0.683263 -0.730151 0.005705
vn -0.743533 0.637074 0.203212
vn -0.979381 0.040430 0.197934
vn -0.418617 0.389147 0.820564
vn -0.644615 -0.722253 0.250644
vn -0.369207 -0.330701 0.868518
vn -0.135346 0.403382 0.904967
vn -0.090928 -0.383435 0.919081
vn -0.252007 0.396897 0.882590
vn -0.203235 -0.361154 0.910090
vn -0.345056 0.878591 0.330173
vn -0.519056 0.808640 0.276916
vn -0.216202 -0.907731 0.359557
vn -0.441126 -0.841026 0.313182
vn 0.148257 0.418058 0.896240
vn -0.156644 0.987035 -0.035007
vn 0.320329 0.412203 0.852923
vn -0.165736 0.985842 -0.025461
vn 0.362474 0.538018 0.761019
vn -0.183732 0.982847 -0.015945
vn 0.612959 0.014687 0.789978
vn -0.795910 0.556686 -0.237967
vn 0.390089 -0.835510 0.386980
vn 0.178730 -0.983555 0.025981
vn 0.227434 -0.827649 0.513099
vn 0.152546 -0.988034 0.022768
vn 0.166246 -0.985772 0.024804
vn 0.318051 -0.818404 0.478600
s 1
g Woman14 Body
usemtl lambert2SG
f 863/871/863 866/874/864 865/873/865 864/872/866
f 868/875/867 867/876/868 863/871/863 864/872/866
f 870/877/869 867/876/868 868/875/867 869/878/870
f 870/877/869 869/878/870 872/880/871 871/879/872
f 874/881/873 873/882/874 871/879/872 872/880/871
f 876/883/875 875/884/876 865/873/865 866/874/864
f 875/884/876 876/883/875 877/886/877 1196/885/878
f 879/887/879 1195/889/880 877/886/877 878/888/881
f 879/887/879 878/888/881 881/891/882 880/890/883
f 883/892/884 882/893/885 880/890/883 881/891/882
f 882/893/885 883/892/884 885/895/886 884/894/887
f 884/894/887 885/895/886 887/897/888 886/896/889
f 886/896/889 887/897/888 889/899/890 888/898/891
f 888/898/891 889/899/890 891/901/892 890/900/893
f 890/900/893 891/901/892 873/882/874 874/881/873
f 893/902/894 863/871/863 867/876/868 892/903/895
f 892/903/895 867/876/868 870/877/869 894/904/896
f 871/879/872 895/905/897 894/904/896 870/877/869
f 873/882/874 896/906/898 895/905/897 871/879/872
f 891/901/892 897/907/899 896/906/898 873/882/874
f 889/899/890 898/908/900 897/907/899 891/901/892
f 898/908/900 889/899/890 887/897/888 899/909/901
f 885/895/886 900/910/902 899/909/901 887/897/888
f 883/892/884 901/911/903 900/910/902 885/895/886
f 881/891/882 902/912/904 901/911/903 883/892/884
f 902/912/904 881/891/882 878/888/881 903/913/905
f 863/871/863 893/902/894 904/914/906 866/874/864
f 905/915/907 876/883/875 866/874/864 904/914/906
f 876/883/875 905/915/907 906/916/908 877/886/877
f 877/886/877 906/916/908 903/913/905 878/888/881
f 908/917/909 905/915/907 904/914/906 907/918/910
f 893/902/894 909/919/911 907/918/910 904/914/906
f 892/903/895 910/920/912 909/919/911 893/902/894
f 894/904/896 911/921/913 910/920/912 892/903/895
f 911/921/913 894/904/896 895/905/897 912/922/914
f 912/922/914 895/905/897 896/906/898
f 906/916/908 905/915/907 908/917/909
f 914/923/915 912/922/914 896/906/898 913/924/916
f 913/924/916 916/926/917 915/925/918 914/923/915
f 916/926/917 913/924/916 918/928/919 917/927/920
f 918/928/919 913/924/916 896/906/898 897/907/899
f 918/928/919 897/907/899 920/930/921 919/929/922
f 917/927/920 918/928/919 919/929/922 921/931/923
f 914/923/915 915/925/918 923/933/924 922/932/925
f 912/922/914 914/923/915 922/932/925 911/921/913
f 924/934/926 910/920/912 911/921/913 922/932/925
f 922/932/925 923/933/924 926/936/927 925/935/928
f 925/935/928 927/937/929 924/934/926 922/932/925
f 910/920/912 924/934/926 928/938/930 909/919/911
f 929/939/931 928/938/930 924/934/926 927/937/929
f 930/940/932 907/918/910 909/919/911 928/938/930
f 907/918/910 930/940/932 931/941/933 908/917/909
f 908/917/909 931/941/933 932/942/934 906/916/908
f 933/943/935 903/913/905 906/916/908 932/942/934
f 898/908/900 934/944/936 920/930/921 897/907/899
f 899/909/901 935/945/937 934/944/936 898/908/900
f 900/910/902 936/946/938 935/945/937 899/909/901
f 901/911/903 937/947/939 936/946/938 900/910/902
f 902/912/904 938/948/940 937/947/939 901/911/903
f 938/948/940 902/912/904 903/913/905 933/943/935
f 940/949/941 939/950/942 921/931/923 919/929/922
f 919/929/922 920/930/921 941/951/943 940/949/941
f 1063/952/944 945/955/945 1065/954/946 1064/953/947
f 939/950/942 940/949/941 943/957/948 942/956/949
f 944/958/950 1066/959/951 941/951/943 1065/954/946
f 1054/960/952 946/961/953 942/956/949 943/957/948
f 1053/962/954 948/965/955 1095/964/956 1060/963/957
f 947/966/958 945/955/945 1063/952/944 1062/967/959
f 1051/968/960 952/971/961 1052/970/962 1055/969/963
f 948/965/955 1053/962/954 1052/970/962 952/971/961
f 949/972/964 947/966/958 1062/967/959
f 951/973/965 961/976/966 954/975/967 953/974/968
f 962/977/969 955/978/970 954/975/967 961/976/966
f 956/979/971 955/978/970 962/977/969 963/980/972
f 965/981/973 957/984/974 958/983/975 964/982/976
f 959/985/977 966/986/978 964/982/976 958/983/975
f 960/987/979 967/988/980 966/986/978 959/985/977
f 956/979/971 963/980/972 967/988/980 960/987/979
f 968/989/981 961/976/966 951/973/965 950/990/982
f 969/991/983 962/977/969 961/976/966 968/989/981
f 970/992/984 963/980/972 962/977/969 969/991/983
f 935/945/937 936/946/938 968/989/981 950/990/982
f 969/991/983 968/989/981 936/946/938 937/947/939
f 970/992/984 969/991/983 937/947/939 938/948/940
f 965/981/973 964/982/976 972/994/985 971/993/986
f 972/994/985 964/982/976 966/986/978 973/995/987
f 973/995/987 966/986/978 967/988/980 974/996/988
f 963/980/972 970/992/984 974/996/988 967/988/980
f 970/992/984 938/948/940 975/998/989 976/997/990
f 974/996/988 970/992/984 976/997/990 977/999/991
f 979/1000/992 978/1001/993 971/993/986 972/994/985
f 972/994/985 973/995/987 980/1002/994 979/1000/992
f 977/999/991 980/1002/994 973/995/987 974/996/988
f 975/998/989 938/948/940 933/943/935 981/1003/995
f 933/943/935 932/942/934 982/1004/996 981/1003/995
f 982/1004/996 932/942/934 931/941/933 983/1005/997
f 983/1005/997 931/941/933 930/940/932 984/1006/998
f 984/1006/998 930/940/932 928/938/930 929/939/931
f 925/935/928 926/936/927 986/1008/999 985/1007/1000
f 927/937/929 925/935/928 985/1007/1000 987/1009/1001
f 929/939/931 927/937/929 987/1009/1001 988/1010/1002
f 988/1010/1002 989/1011/1003 984/1006/998 929/939/931
f 989/1011/1003 990/1012/1004 983/1005/997 984/1006/998
f 983/1005/997 990/1012/1004 991/1013/1005 982/1004/996
f 993/1014/1006 992/1017/1007 999/1016/1008 998/1015/1009
f 987/1009/1001 985/1007/1000 999/1016/1008 992/1017/1007
f 988/1010/1002 987/1009/1001 992/1017/1007 994/1018/1010
f 994/1018/1010 995/1019/1011 989/1011/1003 988/1010/1002
f 995/1019/1011 996/1020/1012 990/1012/1004 989/1011/1003
f 997/1021/1013 1175/1022/1014 990/1012/1004 996/1020/1012
f 999/1016/1008 985/1007/1000 986/1008/999 998/1015/1009
f 979/1000/992 980/1002/994 1001/1024/1015 1000/1023/1016
f 1002/1025/1017 978/1001/993 979/1000/992 1000/1023/1016
f 1003/1026/1018 1001/1024/1015 980/1002/994 977/999/991
f 977/999/991 976/997/990 1004/1027/1019 1003/1026/1018
f 976/997/990 975/998/989 1005/1028/1020 1004/1027/1019
f 1006/1029/1021 1005/1028/1020 975/998/989 981/1003/995
f 981/1003/995 982/1004/996 991/1013/1005 1006/1029/1021
f 1010/1030/1022 1009/1033/1023 1008/1032/1024 1007/1031/1025
f 1012/1034/1026 1008/1032/1024 1009/1033/1023 1011/1035/1027
f 1011/1035/1027 1035/1037/1028 1034/1036/1029 1012/1034/1026
f 1016/1038/1030 1002/1025/1017 1000/1023/1016 1015/1039/1031
f 1010/1030/1022 1016/1038/1030 1015/1039/1031 1009/1033/1023
f 1000/1023/1016 1001/1024/1015 1017/1040/1032 1015/1039/1031
f 1015/1039/1031 1017/1040/1032 1011/1035/1027 1009/1033/1023
f 1011/1035/1027 1017/1040/1032 1018/1041/1033
f 1011/1035/1027 1018/1041/1033 1036/1042/1034 1035/1037/1028
f 1001/1024/1015 1003/1026/1018 2746/1043/1035 1017/1040/1032
f 1003/1026/1018 1004/1027/1019 1021/1044/1036 2746/1043/1035
f 1024/1045/1037 1021/1044/1036 1126/1047/1038 1022/1046/1039
f 1026/1048/1040 1023/1050/1041 997/1021/1013 1025/1049/1042
f 1022/1046/1039 1023/1050/1041 1026/1048/1040 1024/1045/1037
f 1025/1049/1042 997/1021/1013 996/1020/1012 1027/1051/1043
f 995/1019/1011 1028/1052/1044 1027/1051/1043 996/1020/1012
f 995/1019/1011 994/1018/1010 1029/1053/1045 1028/1052/1044
f 1030/1054/1046 1029/1053/1045 994/1018/1010 992/1017/1007
f 1031/1055/1047 1030/1054/1046 992/1017/1007 993/1014/1006
f 1036/1042/1034 1018/1041/1033 1020/1057/1048 1037/1056/1049
f 1037/1056/1049 1020/1057/1048 1024/1045/1037 1038/1058/1050
f 1035/1037/1028 1014/1060/1051 1013/1059/1052 1034/1036/1029
f 1036/1042/1034 1019/1061/1053 1014/1060/1051 1035/1037/1028
f 1032/1062/1054 1019/1061/1053 1036/1042/1034 1037/1056/1049
f 1033/1063/1055 1032/1062/1054 1037/1056/1049 1038/1058/1050
f 1038/1058/1050 1040/1065/1056 1039/1064/1057 1033/1063/1055
f 1024/1045/1037 1026/1048/1040 1040/1065/1056 1038/1058/1050
f 1040/1065/1056 1042/1067/1058 1041/1066/1059 1039/1064/1057
f 1026/1048/1040 1025/1049/1042 1042/1067/1058 1040/1065/1056
f 1044/1068/1060 1041/1066/1059 1042/1067/1058 1043/1069/1061
f 1043/1069/1061 1042/1067/1058 1025/1049/1042 1027/1051/1043
f 1046/1070/1062 1044/1068/1060 1043/1069/1061 1045/1071/1063
f 1045/1071/1063 1043/1069/1061 1027/1051/1043 1028/1052/1044
f 1048/1072/1064 1046/1070/1062 1045/1071/1063 1047/1073/1065
f 1047/1073/1065 1045/1071/1063 1028/1052/1044 1029/1053/1045
f 1048/1072/1064 1047/1073/1065 1050/1075/1066 1049/1074/1067
f 1050/1075/1066 1030/1054/1046 1031/1055/1047 1049/1074/1067
f 1047/1073/1065 1029/1053/1045 1030/1054/1046 1050/1075/1066
f 1053/962/954 949/972/964 953/974/968 1052/970/962
f 944/958/950 1057/1077/1068 1056/1076/1069 1066/959/951
f 949/972/964 1058/1079/1070 1059/1078/1071 947/966/958
f 947/966/958 1059/1078/1071 1057/1077/1068 944/958/950
f 1053/962/954 1060/963/957 1058/1079/1070 949/972/964
f 1057/1077/1068 1061/1080/1072 1056/1076/1069
f 1058/1079/1070 1061/1080/1072 1059/1078/1071
f 1059/1078/1071 1061/1080/1072 1057/1077/1068
f 1056/1076/1069 1061/1080/1072 1060/963/957
f 1060/963/957 1061/1080/1072 1058/1079/1070
f 945/955/945 947/966/958 944/958/950 1065/954/946
f 949/972/964 1062/967/959 951/973/965 953/974/968
f 1063/952/944 950/990/982 951/973/965 1062/967/959
f 935/945/937 950/990/982 1063/952/944 934/944/936
f 934/944/936 1063/952/944 1064/953/947
f 934/944/936 1064/953/947 941/951/943 920/930/921
f 1065/954/946 941/951/943 1064/953/947
f 943/957/948 940/949/941 941/951/943 1066/959/951
f 1056/1076/1069 1054/960/952 943/957/948 1066/959/951
f 865/873/865 1068/1082/1073 1067/1081/1074 864/872/866
f 864/872/866 1067/1081/1074 1069/1083/1075 868/875/867
f 868/875/867 1069/1083/1075 1070/1084/1076 869/878/870
f 869/878/870 1070/1084/1076 1071/1085/1077 872/880/871
f 872/880/871 1071/1085/1077 1072/1086/1078 874/881/873
f 875/884/876 1073/1087/1079 1068/1082/1073 865/873/865
f 880/890/883 1075/1089/1080 1074/1088/1081 879/887/879
f 882/893/885 1076/1090/1082 1075/1089/1080 880/890/883
f 884/894/887 1077/1091/1083 1076/1090/1082 882/893/885
f 886/896/889 1078/1092/1084 1077/1091/1083 884/894/887
f 888/898/891 1079/1093/1085 1078/1092/1084 886/896/889
f 890/900/893 1080/1094/1086 1079/1093/1085 888/898/891
f 874/881/873 1072/1086/1078 1080/1094/1086 890/900/893
f 1068/1082/1073 1082/1096/1087 1081/1095/1088 1067/1081/1074
f 1067/1081/1074 1081/1095/1088 1083/1097/1089 1069/1083/1075
f 1069/1083/1075 1083/1097/1089 1084/1098/1090 1070/1084/1076
f 1070/1084/1076 1084/1098/1090 1085/1099/1091 1071/1085/1077
f 1071/1085/1077 1085/1099/1091 1086/1100/1092 1072/1086/1078
f 1073/1087/1079 1087/1101/1093 1082/1096/1087 1068/1082/1073
f 1075/1089/1080 1089/1103/1094 1088/1102/1095 1074/1088/1081
f 1076/1090/1082 1090/1104/1096 1089/1103/1094 1075/1089/1080
f 1077/1091/1083 1091/1105/1097 1090/1104/1096 1076/1090/1082
f 1078/1092/1084 1092/1106/1098 1091/1105/1097 1077/1091/1083
f 1079/1093/1085 1093/1107/1099 1092/1106/1098 1078/1092/1084
f 1080/1094/1086 1094/1108/1100 1093/1107/1099 1079/1093/1085
f 1072/1086/1078 1086/1100/1092 1094/1108/1100 1080/1094/1086
f 1095/964/956 1123/1109/1101 1056/1076/1069 1060/963/957
f 1106/1110/1102 1107/1113/1103 1108/1112/1104 1105/1111/1105
f 1107/1113/1103 1109/1115/1106 1110/1114/1107 1108/1112/1104
f 1109/1115/1106 1111/1117/1108 1112/1116/1109 1110/1114/1107
f 1111/1117/1108 1113/1119/1110 1114/1118/1111 1112/1116/1109
f 1113/1119/1110 1121/1121/1112 1122/1120/1113 1114/1118/1111
f 1115/1122/1114 1117/1125/1115 1118/1124/1116 1116/1123/1117
f 1116/1123/1117 1120/1127/1118 1119/1126/1119 1115/1122/1114
f 1120/1127/1118 1122/1120/1113 1121/1121/1112 1119/1126/1119
f 954/975/967 1109/1115/1106 1107/1113/1103 953/974/968
f 1109/1115/1106 954/975/967 955/978/970 1111/1117/1108
f 1113/1119/1110 1111/1117/1108 955/978/970 956/979/971
f 1115/1122/1114 958/983/975 957/984/974 1117/1125/1115
f 1119/1126/1119 959/985/977 958/983/975 1115/1122/1114
f 959/985/977 1119/1126/1119 1121/1121/1112 960/987/979
f 960/987/979 1121/1121/1112 1113/1119/1110 956/979/971
f 953/974/968 1107/1113/1103 1055/969/963 1052/970/962
f 1107/1113/1103 1106/1110/1102 1051/968/960 1055/969/963
f 1097/1128/1120 1116/1123/1117 1118/1124/1116 1096/1129/1121
f 1116/1123/1117 1097/1128/1120 1098/1130/1122 1120/1127/1118
f 1099/1131/1123 1122/1120/1113 1120/1127/1118 1098/1130/1122
f 1100/1132/1124 1114/1118/1111 1122/1120/1113 1099/1131/1123
f 1101/1133/1125 1112/1116/1109 1114/1118/1111 1100/1132/1124
f 1112/1116/1109 1101/1133/1125 1102/1134/1126 1110/1114/1107
f 1110/1114/1107 1102/1134/1126 1103/1135/1127 1108/1112/1104
f 1104/1136/1128 1105/1111/1105 1108/1112/1104 1103/1135/1127
f 1123/1109/1101 946/961/953 1054/960/952 1056/1076/1069
f 1124/1137/1129 1006/1029/1021 991/1013/1005 1186/1138/1130
f 1005/1028/1020 1006/1029/1021 1124/1137/1129 1125/1139/1131
f 1004/1027/1019 1005/1028/1020 1125/1139/1131 1177/1140/1132
f 1126/1047/1038 1021/1044/1036 1004/1027/1019 1177/1140/1132
f 1143/1141/1133 1146/1144/1134 1145/1143/1135 1144/1142/1136
f 1126/1047/1038 1134/1146/1137 1133/1145/1138 1022/1046/1039
f 1147/1147/1139 1148/1148/1140 1146/1144/1134 1143/1141/1133
f 1022/1046/1039 1133/1145/1138 1132/1149/1141 1023/1050/1041
f 1023/1050/1041 1132/1149/1141 1131/1150/1142 997/1021/1013
f 1149/1151/1143 1150/1152/1144 1148/1148/1140 1147/1147/1139
f 1148/1148/1140 1152/1154/1145 1151/1153/1146 1146/1144/1134
f 1150/1152/1144 1153/1155/1147 1152/1154/1145 1148/1148/1140
f 1132/1149/1141 1136/1157/1148 1135/1156/1149 1131/1150/1142
f 1133/1145/1138 1137/1158/1150 1136/1157/1148 1132/1149/1141
f 1134/1146/1137 1138/1159/1151 1137/1158/1150 1133/1145/1138
f 1146/1144/1134 1151/1153/1146 1154/1160/1152 1145/1143/1135
f 1152/1154/1145 1156/1162/1153 1155/1161/1154 1151/1153/1146
f 1153/1155/1147 1157/1163/1155 1156/1162/1153 1152/1154/1145
f 1136/1157/1148 1129/1165/1156 1130/1164/1157 1135/1156/1149
f 1137/1158/1150 1127/1166/1158 1129/1165/1156 1136/1157/1148
f 1138/1159/1151 1128/1167/1159 1127/1166/1158 1137/1158/1150
f 1151/1153/1146 1155/1161/1154 1158/1168/1160 1154/1160/1152
f 1125/1139/1131 1139/1170/1161 1140/1169/1162 1177/1140/1132
f 1124/1137/1129 1141/1171/1163 1139/1170/1161 1125/1139/1131
f 1139/1170/1161 1143/1141/1133 1144/1142/1136 1140/1169/1162
f 1140/1169/1162 1144/1142/1136 1145/1143/1135 1163/1172/1164
f 1141/1171/1163 1147/1147/1139 1143/1141/1133 1139/1170/1161
f 1142/1173/1165 1149/1151/1143 1147/1147/1139 1141/1171/1163
f 1159/1174/1166 1150/1152/1144 1149/1151/1143 1142/1173/1165
f 1160/1175/1167 1161/1177/1168 1162/1176/1169 1159/1174/1166
f 1161/1177/1168 1171/1179/1170 1172/1178/1171 1162/1176/1169
f 1163/1172/1164 1166/1182/1172 1165/1181/1173 1164/1180/1174
f 1166/1182/1172 1174/1184/1175 1173/1183/1176 1165/1181/1173
f 1167/1185/1177 1173/1183/1176 1174/1184/1175 1168/1186/1178
f 1168/1186/1178 1170/1188/1179 1169/1187/1180 1167/1185/1177
f 1170/1188/1179 1172/1178/1171 1171/1179/1170 1169/1187/1180
f 1162/1176/1169 1153/1155/1147 1150/1152/1144 1159/1174/1166
f 1163/1172/1164 1145/1143/1135 1154/1160/1152 1166/1182/1172
f 1168/1186/1178 1155/1161/1154 1156/1162/1153 1170/1188/1179
f 1170/1188/1179 1156/1162/1153 1157/1163/1155 1172/1178/1171
f 1172/1178/1171 1157/1163/1155 1153/1155/1147 1162/1176/1169
f 1166/1182/1172 1154/1160/1152 1158/1168/1160 1174/1184/1175
f 1174/1184/1175 1158/1168/1160 1155/1161/1154 1168/1186/1178
f 1159/1174/1166 1142/1173/1165 1160/1175/1167
f 1163/1172/1164 1164/1180/1174 1140/1169/1162
f 1186/1138/1130 991/1013/1005 990/1012/1004 1175/1022/1014
f 1186/1138/1130 1142/1173/1165 1141/1171/1163 1124/1137/1129
f 1176/1189/1181 1179/1191/1182 1178/1190/1183 1177/1140/1132
f 1179/1191/1182 1194/1193/1184 1193/1192/1185 1178/1190/1183
f 1180/1194/1186 1182/1197/1187 1183/1196/1188 1181/1195/1189
f 1181/1195/1189 1185/1199/1190 1184/1198/1191 1180/1194/1186
f 1182/1197/1187 1193/1192/1185 1194/1193/1184 1183/1196/1188
f 1185/1199/1190 1190/2995/1192 1189/2994/1193 1184/1198/1191
f 1175/1022/1014 1187/2997/1194 1188/2996/1195 1186/1138/1130
f 1187/2997/1194 1191/2999/1196 1192/2998/1197 1188/2996/1195
f 1190/2995/1192 1192/2998/1197 1191/2999/1196 1189/2994/1193
f 1127/1166/1158 1128/1167/1159 1182/1197/1187 1180/1194/1186
f 1184/1198/1191 1129/1165/1156 1127/1166/1158 1180/1194/1186
f 1129/1165/1156 1184/1198/1191 1189/2994/1193 1130/1164/1157
f 1178/1190/1183 1134/1146/1137 1126/1047/1038 1177/1140/1132
f 997/1021/1013 1131/1150/1142 1187/2997/1194 1175/1022/1014
f 1131/1150/1142 1135/1156/1149 1191/2999/1196 1187/2997/1194
f 1178/1190/1183 1193/1192/1185 1138/1159/1151 1134/1146/1137
f 1135/1156/1149 1130/1164/1157 1189/2994/1193 1191/2999/1196
f 1193/1192/1185 1182/1197/1187 1128/1167/1159 1138/1159/1151
f 1176/1189/1181 1140/1169/1162 1164/1180/1174 1179/1191/1182
f 1188/2996/1195 1160/1175/1167 1142/1173/1165 1186/1138/1130
f 1192/2998/1197 1161/1177/1168 1160/1175/1167 1188/2996/1195
f 1179/1191/1182 1164/1180/1174 1165/1181/1173 1194/1193/1184
f 1181/1195/1189 1167/1185/1177 1169/1187/1180 1185/1199/1190
f 1185/1199/1190 1169/1187/1180 1171/1179/1170 1190/2995/1192
f 1190/2995/1192 1171/1179/1170 1161/1177/1168 1192/2998/1197
f 1194/1193/1184 1165/1181/1173 1173/1183/1176 1183/1196/1188
f 1183/1196/1188 1173/1183/1176 1167/1185/1177 1181/1195/1189
f 1140/1169/1162 1176/1189/1181 1177/1140/1132
f 1195/889/880 1197/3001/1198 1198/3000/1199 1196/885/878
f 1197/3001/1198 1199/3003/1200 1200/3002/1201 1198/3000/1199
f 1198/3000/1199 1073/1087/1079 875/884/876 1196/885/878
f 879/887/879 1074/1088/1081 1197/3001/1198 1195/889/880
f 1198/3000/1199 1200/3002/1201 1087/1101/1093 1073/1087/1079
f 1074/1088/1081 1088/1102/1095 1199/3003/1200 1197/3001/1198
f 1195/889/880 1196/885/878 877/886/877
f 1201/1200/1202 1207/1203/1203 1205/1202/1204 1203/1201/1205
f 1203/1201/1205 1205/1202/1204 1206/1205/1206 1202/1204/1207
f 1201/1200/1202 1212/1206/1208 1207/1203/1203
f 1208/1207/1209 1204/1210/1210 1202/1209/1207 1206/1208/1206
f 1205/1202/1204 1210/1212/1211 1209/1211/1212 1206/1205/1206
f 1207/1203/1203 1213/1213/1213 1210/1212/1211 1205/1202/1204
f 1211/1214/1214 1221/1215/1215 1212/1206/1208 1201/1200/1202
f 1214/1216/1216 1208/1207/1209 1206/1208/1206 1209/1217/1212
f 1210/1212/1211 1216/1219/1217 1215/1218/1218 1209/1211/1212
f 1213/1213/1213 1222/1220/1219 1216/1219/1217 1210/1212/1211
f 1207/1203/1203 1212/1206/1208 1217/1221/1220 1213/1213/1213
f 1219/1222/1221 1204/1210/1210 1208/1207/1209
f 1215/1223/1218 1226/1224/1222 1214/1216/1216 1209/1217/1212
f 1216/1219/1217 1224/1226/1223 1223/1225/1224 1215/1218/1218
f 1218/1227/1225 1235/1228/1226 1221/1215/1215 1211/1214/1214
f 1222/1220/1219 1227/1229/1227 1224/1226/1223 1216/1219/1217
f 1214/1216/1216 1230/1230/1228 1219/1222/1221 1208/1207/1209
f 1221/1215/1215 1229/1231/1229 1217/1221/1220 1212/1206/1208
f 1213/1213/1213 1217/1221/1220 1225/1232/1230 1222/1220/1219
f 1223/1233/1224 1238/1234/1231 1226/1224/1222 1215/1223/1218
f 1231/1235/1232 1220/1236/1233 1204/1210/1210 1219/1222/1221
f 1227/1229/1227 1236/1238/1234 1232/1237/1235 1224/1226/1223
f 1222/1220/1219 1225/1232/1230 1233/1239/1236 1227/1229/1227
f 1224/1226/1223 1232/1237/1235 1234/1240/1237 1223/1225/1224
f 1226/1224/1222 1244/1241/1238 1230/1230/1228 1214/1216/1216
f 1221/1215/1215 1235/1228/1226 1237/1242/1239 1229/1231/1229
f 1230/1230/1228 1246/1243/1240 1231/1235/1232 1219/1222/1221
f 1234/1244/1237 1248/1245/1241 1238/1234/1231 1223/1233/1224
f 1231/1235/1232 1241/1247/1242 1228/1246/1243 1220/1236/1233
f 1236/1238/1234 1245/1249/1244 1239/1248/1245 1232/1237/1235
f 1227/1229/1227 1233/1239/1236 1240/1250/1246 1236/1238/1234
f 1241/1247/1242 1235/1228/1226 1218/1227/1225 1228/1246/1243
f 1229/1231/1229 1247/1252/1247 1242/1251/1248 1217/1221/1220
f 1242/1251/1248 1250/1253/1249 1225/1232/1230 1217/1221/1220
f 1232/1237/1235 1239/1248/1245 1243/1254/1250 1234/1240/1237
f 1238/1234/1231 1253/1255/1251 1244/1241/1238 1226/1224/1222
f 1229/1231/1229 1237/1242/1239 1247/1252/1247
f 1244/1241/1238 1256/1256/1252 1246/1243/1240 1230/1230/1228
f 1243/1257/1250 1255/1258/1253 1248/1245/1241 1234/1244/1237
f 1236/1238/1234 1240/1250/1246 1249/1259/1254 1245/1249/1244
f 1250/1253/1249 1260/1260/1255 1233/1239/1236 1225/1232/1230
f 1235/1228/1226 1241/1247/1242 1251/1261/1256 1237/1242/1239
f 1231/1235/1232 1246/1243/1240 1251/1261/1256 1241/1247/1242
f 1252/1262/1257 1243/1254/1250 1239/1248/1245 1245/1249/1244
f 1248/1245/1241 1261/1263/1258 1253/1255/1251 1238/1234/1231
f 1237/1242/1239 1251/1261/1256 1254/1264/1259 1247/1252/1247
f 1252/1265/1257 1267/1266/1260 1255/1258/1253 1243/1257/1250
f 1257/1267/1261 1266/1268/1262 1252/1262/1257 1245/1249/1244
f 1233/1239/1236 1260/1260/1255 1258/1269/1263 1240/1250/1246
f 1253/1255/1251 1265/1270/1264 1256/1256/1252 1244/1241/1238
f 1259/1271/1265 1254/1264/1259 1251/1261/1256 1246/1243/1240
f 1247/1252/1247 1254/1264/1259 1259/1271/1265 1242/1251/1248
f 1262/1272/1266 1257/1267/1261 1245/1249/1244 1249/1259/1254
f 1255/1258/1253 1267/1266/1260 1261/1263/1258 1248/1245/1241
f 1256/1256/1252 1264/1273/1267 1259/1271/1265 1246/1243/1240
f 1240/1250/1246 1258/1269/1263 1263/1274/1268 1249/1259/1254
f 1242/1251/1248 1259/1271/1265 1264/1273/1267 1250/1253/1249
f 1268/1275/1269 1265/1270/1264 1253/1255/1251 1261/1263/1258
f 1250/1253/1249 1264/1273/1267 1269/1276/1270 1260/1260/1255
f 1265/1270/1264 1269/1276/1270 1264/1273/1267 1256/1256/1252
f 1270/1277/1271 1274/1278/1272 1266/1268/1262 1257/1267/1261
f 1262/1272/1266 1275/1279/1273 1270/1277/1271 1257/1267/1261
f 1267/1266/1260 1276/1280/1274 1268/1275/1269 1261/1263/1258
f 1249/1259/1254 1263/1274/1268 1271/1281/1275 1262/1272/1266
f 1272/1282/1276 1267/1266/1260 1252/1265/1257 1266/1283/1262
f 1260/1260/1255 1269/1276/1270 1273/1284/1277 1258/1269/1263
f 1268/1275/1269 1273/1284/1277 1269/1276/1270 1265/1270/1264
f 1258/1269/1263 1273/1284/1277 1277/1285/1278 1263/1274/1268
f 1271/1281/1275 1282/1286/1279 1275/1279/1273 1262/1272/1266
f 1276/1280/1274 1277/1285/1278 1273/1284/1277 1268/1275/1269
f 1272/1282/1276 1283/1287/1280 1276/1280/1274 1267/1266/1260
f 1278/1288/1281 1272/1282/1276 1266/1283/1262 1274/1289/1272
f 1275/1279/1273 1284/1291/1282 1279/1290/1283 1270/1277/1271
f 1270/1277/1271 1279/1290/1283 1280/1292/1284 1274/1278/1272
f 1263/1274/1268 1277/1285/1278 1281/1293/1285 1271/1281/1275
f 1283/1287/1280 1281/1293/1285 1277/1285/1278 1276/1280/1274
f 1282/1286/1279 1289/1294/1286 1284/1291/1282 1275/1279/1273
f 1278/1288/1281 1290/1295/1287 1283/1287/1280 1272/1282/1276
f 1285/1296/1288 1278/1288/1281 1274/1289/1272 1280/1297/1284
f 1271/1281/1275 1281/1293/1285 1286/1298/1289 1282/1286/1279
f 1284/1291/1282 1291/1300/1290 1287/1299/1291 1279/1290/1283
f 1279/1290/1283 1287/1299/1291 1288/1301/1292 1280/1292/1284
f 1290/1295/1287 1286/1298/1289 1281/1293/1285 1283/1287/1280
f 1288/1302/1292 1296/1303/1293 1285/1296/1288 1280/1297/1284
f 1289/1294/1286 1297/1304/1294 1291/1300/1290 1284/1291/1282
f 1292/1305/1295 1290/1295/1287 1278/1288/1281 1285/1296/1288
f 1291/1300/1290 1298/1307/1296 1293/1306/1297 1287/1299/1291
f 1282/1286/1279 1286/1298/1289 1294/1308/1298 1289/1294/1286
f 1287/1299/1291 1293/1306/1297 1295/1309/1299 1288/1301/1292
f 1292/1305/1295 1294/1308/1298 1286/1298/1289 1290/1295/1287
f 1295/1310/1299 1302/1311/1300 1296/1303/1293 1288/1302/1292
f 1296/1303/1293 1305/1312/1301 1292/1305/1295 1285/1296/1288
f 1297/1304/1294 1304/1313/1302 1298/1307/1296 1291/1300/1290
f 1298/1307/1296 1303/1315/1303 1299/1314/1304 1293/1306/1297
f 1293/1306/1297 1299/1314/1304 1300/1316/1305 1295/1309/1299
f 1289/1294/1286 1294/1308/1298 1301/1317/1306 1297/1304/1294
f 1300/1318/1305 1310/1319/1307 1302/1311/1300 1295/1310/1299
f 1305/1312/1301 1301/1317/1306 1294/1308/1298 1292/1305/1295
f 1303/1315/1303 1308/1321/1308 1306/1320/1309 1299/1314/1304
f 1299/1314/1304 1306/1320/1309 1307/1322/1310 1300/1316/1305
f 1304/1313/1302 1315/1323/1311 1303/1315/1303 1298/1307/1296
f 1302/1311/1300 1314/1324/1312 1305/1312/1301 1296/1303/1293
f 1308/1321/1308 1316/1326/1313 1309/1325/1314 1306/1320/1309
f 1311/1327/1315 1307/1322/1310 1306/1320/1309 1309/1325/1314
f 1307/1328/1310 1323/1329/1316 1310/1319/1307 1300/1318/1305
f 1297/1304/1294 1301/1317/1306 1312/1330/1317 1304/1313/1302
f 1313/1331/1318 1318/1332/1319 1311/1327/1315 1309/1325/1314
f 1315/1323/1311 1326/1333/1320 1308/1321/1308 1303/1315/1303
f 1309/1325/1314 1316/1326/1313 1317/1334/1321 1313/1331/1318
f 1314/1324/1312 1312/1330/1317 1301/1317/1306 1305/1312/1301
f 1310/1319/1307 1333/1335/1322 1314/1324/1312 1302/1311/1300
f 1320/1336/1323 1318/1332/1319 1313/1331/1318 1319/1337/1324
f 1317/1334/1321 1330/1338/1325 1319/1337/1324 1313/1331/1318
f 1321/1339/1326 1320/1336/1323 1319/1337/1324 1322/1340/1327
f 1324/1341/1328 1323/1329/1316 1307/1328/1310 1311/1342/1315
f 1319/1337/1324 1330/1338/1325 1325/1343/1329 1322/1340/1327
f 1312/1330/1317 1340/1344/1330 1315/1323/1311 1304/1313/1302
f 1326/1333/1320 1337/1345/1331 1316/1326/1313 1308/1321/1308
f 1318/1346/1319 1320/1348/1323 1327/1347/1332
f 1325/1343/1329 1334/1350/1333 1328/1349/1334 1322/1340/1327
f 1322/1340/1327 1328/1349/1334 1329/1351/1335 1321/1339/1326
f 1331/1352/1336 1324/1341/1328 1311/1342/1315 1318/1346/1319
f 1332/1353/1337 1327/1347/1332 1320/1348/1323 1321/1354/1326
f 1323/1329/1316 1345/1355/1338 1333/1335/1322 1310/1319/1307
f 1316/1326/1313 1337/1345/1331 1335/1356/1339 1317/1334/1321
f 1327/1347/1332 1346/1357/1340 1331/1352/1336 1318/1346/1319
f 1333/1335/1322 1340/1344/1330 1312/1330/1317 1314/1324/1312
f 1336/1358/1341 1342/1359/1342 1329/1351/1335 1328/1349/1334
f 1334/1350/1333 1344/1360/1343 1336/1358/1341 1328/1349/1334
f 1330/1338/1325 1338/1361/1344 1325/1343/1329
f 1338/1361/1344 1347/1362/1345 1334/1350/1333 1325/1343/1329
f 1339/1363/1346 1332/1353/1337 1321/1354/1326 1329/1364/1335
f 1340/1344/1330 1351/1365/1347 1326/1333/1320 1315/1323/1311
f 1317/1334/1321 1335/1356/1339 1341/1366/1348 1330/1338/1325
f 1343/1367/1349 1338/1361/1344 1330/1338/1325
f 1324/1341/1328 1353/1368/1350 1345/1355/1338 1323/1329/1316
f 1348/1369/1351 1346/1357/1340 1327/1347/1332 1332/1353/1337
f 1349/1370/1352 1354/1371/1353 1342/1359/1342 1336/1358/1341
f 1350/1372/1354 1355/1373/1355 1343/1367/1349 1330/1338/1325
f 1344/1360/1343 1358/1374/1356 1349/1370/1352 1336/1358/1341
f 1347/1362/1345 1366/1375/1357 1344/1360/1343 1334/1350/1333
f 1341/1366/1348 1361/1376/1358 1350/1372/1354 1330/1338/1325
f 1351/1365/1347 1364/1377/1359 1337/1345/1331 1326/1333/1320
f 1345/1355/1338 1351/1365/1347 1340/1344/1330 1333/1335/1322
f 1343/1367/1349 1357/1378/1360 1347/1362/1345 1338/1361/1344
f 1352/1379/1361 1339/1363/1346 1329/1364/1335 1342/1380/1342
f 1331/1352/1336 1359/1381/1362 1353/1368/1350 1324/1341/1328
f 1339/1363/1346 1373/1382/1363 1348/1369/1351 1332/1353/1337
f 1355/1373/1355 1350/1372/1354 1356/1383/1364
f 1355/1373/1355 1362/1384/1365 1357/1378/1360 1343/1367/1349
f 1346/1357/1340 1372/1385/1366 1359/1381/1362 1331/1352/1336
f 1354/1386/1353 1378/1387/1367 1352/1379/1361 1342/1380/1342
f 1337/1345/1331 1364/1377/1359 1360/1388/1368 1335/1356/1339
f 1356/1383/1364 1369/1389/1369 1362/1384/1365 1355/1373/1355
f 1349/1370/1352 1368/1391/1370 1363/1390/1371 1354/1371/1353
f 1350/1372/1354 1365/1392/1372 1356/1383/1364
f 1353/1368/1350 1364/1377/1359 1351/1365/1347 1345/1355/1338
f 1367/1393/1373 1341/1366/1348 1335/1356/1339
f 1358/1374/1356 1386/1394/1374 1368/1391/1370 1349/1370/1352
f 1365/1392/1372 1375/1395/1375 1369/1389/1369 1356/1383/1364
f 1370/1396/1376 1365/1392/1372 1350/1372/1354 1361/1376/1358
f 1357/1378/1360 1377/1397/1377 1366/1375/1357 1347/1362/1345
f 1366/1375/1357 1384/1398/1378 1358/1374/1356 1344/1360/1343
f 1360/1388/1368 1381/1399/1379 1367/1393/1373 1335/1356/1339
f 1341/1366/1348 1367/1393/1373 1371/1400/1380 1361/1376/1358
f 1359/1381/1362 1360/1388/1368 1364/1377/1359 1353/1368/1350
f 1352/1379/1361 1391/1401/1381 1373/1382/1363 1339/1363/1346
f 1374/1402/1382 1372/1385/1366 1346/1357/1340 1348/1369/1351
f 1376/1403/1383 1378/1387/1367 1354/1386/1353 1363/1404/1371
f 1362/1384/1365 1379/1405/1384 1377/1397/1377 1357/1378/1360
f 1370/1396/1376 1385/1406/1385 1375/1395/1375 1365/1392/1372
f 1369/1389/1369 1387/1407/1386 1379/1405/1384 1362/1384/1365
f 1372/1385/1366 1381/1399/1379 1360/1388/1368 1359/1381/1362
f 1368/1391/1370 1388/1409/1387 1380/1408/1388 1363/1390/1371
f 1361/1376/1358 1371/1400/1380 1382/1410/1389 1370/1396/1376
f 1383/1411/1390 1387/1407/1386 1369/1389/1369 1375/1395/1375
f 1373/1382/1363 1404/1412/1391 1374/1402/1382 1348/1369/1351
f 1389/1413/1392 1376/1403/1383 1363/1404/1371 1380/1414/1388
f 1367/1393/1373 1381/1399/1379 1390/1415/1393 1371/1400/1380
f 1377/1397/1377 1395/1416/1394 1384/1398/1378 1366/1375/1357
f 1385/1406/1385 1401/1417/1395 1383/1411/1390 1375/1395/1375
f 1388/1409/1387 1392/1418/1396 1380/1408/1388
f 1392/1418/1396 1393/1419/1397 1380/1408/1388
f 1382/1410/1389 1410/1420/1398 1385/1406/1385 1370/1396/1376
f 1378/1387/1367 1420/1421/1399 1391/1401/1381 1352/1379/1361
f 1386/1394/1374 1409/1422/1400 1388/1409/1387 1368/1391/1370
f 1384/1398/1378 1423/1423/1401 1386/1394/1374 1358/1374/1356
f 1394/1424/1402 1390/1415/1393 1381/1399/1379 1372/1385/1366
f 1379/1405/1384 1407/1425/1403 1395/1416/1394 1377/1397/1377
f 1396/1426/1404 1389/1413/1392 1380/1414/1388 1393/1427/1397
f 1388/1409/1387 1397/1428/1405 1392/1418/1396
f 1376/1403/1383 1398/1429/1406 1378/1387/1367
f 1372/1385/1366 1374/1402/1382 1399/1430/1407
f 1392/1418/1396 1403/1432/1408 1400/1431/1409 1393/1419/1397
f 1389/1413/1392 1414/1433/1410 1398/1429/1406 1376/1403/1383
f 1383/1411/1390 1408/1435/1411 1402/1434/1412 1387/1407/1386
f 1397/1428/1405 1411/1436/1413 1403/1432/1408 1392/1418/1396
f 1405/1437/1414 1407/1425/1403 1379/1405/1384 1387/1407/1386
f 1406/1438/1415 1382/1410/1389 1371/1400/1380 1390/1415/1393
f 1399/1430/1407 1394/1424/1402 1372/1385/1366
f 1409/1422/1400 1422/1439/1416 1397/1428/1405 1388/1409/1387
f 1391/1401/1381 1446/1440/1417 1404/1412/1391 1373/1382/1363
f 1393/1427/1397 1400/1442/1409 1412/1441/1418 1396/1426/1404
f 1410/1420/1398 1437/1443/1419 1401/1417/1395 1385/1406/1385
f 1383/1411/1390 1401/1417/1395 1413/1444/1420 1408/1435/1411
f 1402/1434/1412 1424/1445/1421 1405/1437/1414 1387/1407/1386
f 1396/1426/1404 1429/1446/1422 1414/1433/1410 1389/1413/1392
f 1415/1447/1423 1418/1448/1424 1402/1434/1412 1408/1435/1411
f 1394/1424/1402 1435/1449/1425 1406/1438/1415 1390/1415/1393
f 1416/1450/1426 1378/1387/1367 1398/1429/1406
f 1403/1432/1408 1419/1452/1427 1417/1451/1428 1400/1431/1409
f 1411/1436/1413 1430/1453/1429 1419/1452/1427 1403/1432/1408
f 1397/1428/1405 1422/1439/1416 1421/1454/1430 1411/1436/1413
f 1406/1438/1415 1448/1455/1431 1410/1420/1398 1382/1410/1389
f 1395/1416/1394 1471/1456/1432 1423/1423/1401 1384/1398/1378
f 1418/1448/1424 1432/1457/1433 1424/1445/1421 1402/1434/1412
f 1425/1458/1434 1427/1459/1435 1418/1448/1424 1415/1447/1423
f 1417/1460/1428 1447/1461/1436 1412/1441/1418 1400/1442/1409
f 1408/1435/1411 1413/1444/1420 1426/1462/1437 1415/1447/1423
f 1374/1402/1382 1404/1412/1391 1428/1463/1438 1399/1430/1407
f 1416/1450/1426 1420/1421/1399 1378/1387/1367
f 1422/1439/1416 1409/1422/1400 1431/1464/1439
f 1427/1459/1435 1451/1465/1440 1432/1457/1433 1418/1448/1424
f 1386/1394/1374 1433/1466/1441 1409/1422/1400
f 1405/1437/1414 1460/1468/1442 1434/1467/1443 1407/1425/1403
f 1414/1433/1410 1450/1469/1444 1416/1450/1426 1398/1429/1406
f 1399/1430/1407 1428/1463/1438 1435/1449/1425 1394/1424/1402
f 1436/1470/1445 1429/1446/1422 1396/1426/1404 1412/1441/1418
f 1437/1443/1419 1464/1471/1446 1413/1444/1420 1401/1417/1395
f 1407/1425/1403 1434/1467/1443 1438/1472/1447 1395/1416/1394
f 1439/1473/1448 1445/1474/1449 1417/1451/1428 1419/1452/1427
f 1440/1475/1450 1430/1453/1429 1411/1436/1413 1421/1454/1430
f 1441/1476/1451 1431/1464/1439 1409/1422/1400
f 1415/1447/1423 1426/1462/1437 1442/1477/1452 1425/1458/1434
f 1430/1453/1429 1452/1478/1453 1439/1473/1448 1419/1452/1427
f 1443/1479/1454 1449/1480/1455 1422/1439/1416 1431/1464/1439
f 1422/1439/1416 1449/1480/1455 1444/1481/1456 1421/1454/1430
f 1423/1423/1401 1483/1482/1457 1433/1466/1441 1386/1394/1374
f 1429/1446/1422 1459/1483/1458 1450/1469/1444 1414/1433/1410
f 1433/1466/1441 1478/1484/1459 1441/1476/1451 1409/1422/1400
f 1445/1485/1449 1466/1486/1460 1447/1461/1436 1417/1460/1428
f 1439/1473/1448 1454/1488/1461 1453/1487/1462 1445/1474/1449
f 1452/1478/1453 1457/1489/1463 1454/1488/1461 1439/1473/1448
f 1455/1490/1464 1461/1491/1465 1427/1459/1435 1425/1458/1434
f 1444/1481/1456 1475/1492/1466 1440/1475/1450 1421/1454/1430
f 1431/1464/1439 1441/1476/1451 1456/1493/1467 1443/1479/1454
f 1447/1461/1436 1482/1494/1468 1436/1470/1445 1412/1441/1418
f 1420/1421/1399 1511/1495/1469 1446/1440/1417 1391/1401/1381
f 1448/1455/1431 1488/1496/1470 1437/1443/1419 1410/1420/1398
f 1413/1444/1420 1464/1471/1446 1458/1497/1471 1426/1462/1437
f 1435/1449/1425 1487/1498/1472 1448/1455/1431 1406/1438/1415
f 1424/1445/1421 1468/1499/1473 1460/1468/1442 1405/1437/1414
f 1461/1491/1465 1492/1500/1474 1451/1465/1440 1427/1459/1435
f 1443/1501/1454 1469/1503/1475 1459/1483/1458 1449/1502/1455
f 1430/1453/1429 1440/1475/1450 1462/1504/1476 1452/1478/1453
f 1416/1450/1426 1450/1469/1444 1463/1505/1477
f 1454/1488/1461 1472/1507/1478 1465/1506/1479 1453/1487/1462
f 1442/1477/1452 1489/1508/1480 1455/1490/1464 1425/1458/1434
f 1436/1470/1445 1470/1509/1481 1459/1483/1458 1429/1446/1422
f 1467/1510/1482 1466/1486/1460 1445/1485/1449 1453/1511/1462
f 1432/1457/1433 1480/1512/1483 1468/1499/1473 1424/1445/1421
f 1459/1483/1458 1469/1503/1475 1463/1505/1477 1450/1469/1444
f 1449/1502/1455 1459/1483/1458 1470/1509/1481 1444/1513/1456
f 1473/1514/1484 1472/1507/1478 1454/1488/1461 1457/1489/1463
f 1452/1478/1453 1462/1504/1476 1474/1515/1485 1457/1489/1463
f 1426/1462/1437 1458/1497/1471 1476/1516/1486 1442/1477/1452
f 1416/1450/1426 1463/1505/1477 1477/1517/1487
f 1479/1518/1488 1469/1503/1475 1443/1501/1454 1456/1519/1467
f 1451/1465/1440 1499/1520/1489 1480/1512/1483 1432/1457/1433
f 1465/1521/1479 1494/1522/1490 1467/1510/1482 1453/1511/1462
f 1438/1472/1447 1546/1523/1491 1471/1456/1432 1395/1416/1394
f 1470/1509/1481 1490/1525/1492 1475/1524/1466 1444/1513/1456
f 1475/1492/1466 1491/1526/1493 1462/1504/1476 1440/1475/1450
f 1481/1527/1494 1500/1528/1495 1456/1493/1467 1441/1476/1451
f 1474/1515/1485 1496/1529/1496 1473/1514/1484 1457/1489/1463
f 1469/1503/1475 1479/1518/1488 1477/1517/1487 1463/1505/1477
f 1460/1468/1442 1508/1530/1497 1438/1472/1447 1434/1467/1443
f 1466/1486/1460 1504/1531/1498 1482/1494/1468 1447/1461/1436
f 1420/1421/1399 1416/1450/1426 1484/1532/1499
f 1404/1412/1391 1446/1440/1417 1485/1533/1500 1428/1463/1438
f 1486/1534/1501 1503/1535/1502 1465/1506/1479 1472/1507/1478
f 1478/1484/1459 1520/1536/1503 1481/1527/1494 1441/1476/1451
f 1473/1514/1484 1506/1537/1504 1486/1534/1501 1472/1507/1478
f 1428/1463/1438 1485/1533/1500 1487/1498/1472 1435/1449/1425
f 1436/1470/1445 1482/1494/1468 1490/1525/1492 1470/1509/1481
f 1488/1496/1470 1507/1538/1505 1464/1471/1446 1437/1443/1419
f 1477/1517/1487 1536/1539/1506 1484/1532/1499 1416/1450/1426
f 1455/1490/1464 1501/1541/1507 1493/1540/1508 1461/1491/1465
f 1483/1482/1457 1523/1542/1509 1478/1484/1459 1433/1466/1441
f 1462/1504/1476 1491/1526/1493 1495/1543/1510 1474/1515/1485
f 1476/1516/1486 1540/1544/1511 1489/1508/1480 1442/1477/1452
f 1493/1540/1508 1501/1541/1507 1498/1546/1512 1497/1545/1513
f 1502/1547/1514 1504/1531/1498 1466/1486/1460 1467/1510/1482
f 1503/1548/1502 1527/1549/1515 1494/1522/1490 1465/1521/1479
f 1490/1525/1492 1522/1551/1516 1491/1550/1493 1475/1524/1466
f 1492/1500/1474 1549/1552/1517 1499/1520/1489 1451/1465/1440
f 1487/1498/1472 1547/1553/1518 1488/1496/1470 1448/1455/1431
f 1505/1554/1519 1492/1500/1474 1461/1491/1465 1493/1540/1508
f 1489/1508/1480 1510/1555/1520 1501/1541/1507 1455/1490/1464
f 1507/1538/1505 1534/1556/1521 1458/1497/1471 1464/1471/1446
f 1497/1545/1513 1515/1557/1522 1505/1554/1519 1493/1540/1508
f 1509/1558/1523 1513/1559/1524 1497/1545/1513 1498/1546/1512
f 1510/1555/1520 1529/1560/1525 1498/1546/1512 1501/1541/1507
f 1494/1522/1490 1542/1561/1526 1502/1547/1514 1467/1510/1482
f 1456/1519/1467 1500/1563/1495 1512/1562/1527 1479/1518/1488
f 1474/1515/1485 1495/1543/1510 1514/1564/1528 1496/1529/1496
f 1513/1559/1524 1541/1565/1529 1515/1557/1522 1497/1545/1513
f 1423/1423/1401 1471/1456/1432 1516/1566/1530 1483/1482/1457
f 1517/1567/1531 1503/1535/1502 1486/1534/1501
f 1518/1568/1532 1533/1569/1533 1460/1468/1442 1468/1499/1473
f 1519/1570/1534 1506/1537/1504 1473/1514/1484 1496/1529/1496
f 1521/1571/1535 1532/1572/1536 1517/1567/1531 1486/1534/1501
f 1482/1494/1468 1504/1531/1498 1522/1551/1516 1490/1525/1492
f 1486/1534/1501 1506/1537/1504 1524/1573/1537 1521/1571/1535
f 1525/1574/1538 1518/1568/1532 1468/1499/1473 1480/1512/1483
f 1458/1497/1471 1534/1556/1521 1526/1575/1539 1476/1516/1486
f 1528/1576/1540 1420/1421/1399 1484/1532/1499
f 1523/1542/1509 1555/1577/1541 1520/1536/1503 1478/1484/1459
f 1491/1550/1493 1522/1551/1516 1530/1579/1542 1495/1578/1510
f 1531/1580/1543 1536/1539/1506 1477/1517/1487 1479/1518/1488
f 1517/1581/1531 1545/1582/1544 1527/1549/1515 1503/1548/1502
f 1529/1560/1525 1551/1583/1545 1509/1558/1523 1498/1546/1512
f 1502/1547/1514 1530/1579/1542 1522/1551/1516 1504/1531/1498
f 1535/1584/1546 1525/1574/1538 1480/1512/1483 1499/1520/1489
f 1533/1585/1533 1518/1586/1532 1507/1538/1505 1488/1496/1470
f 1537/1587/1547 1560/1588/1548 1500/1528/1495 1481/1527/1494
f 1524/1573/1537 1557/1590/1549 1538/1589/1550 1521/1571/1535
f 1509/1558/1523 1553/1592/1551 1539/1591/1552 1513/1559/1524
f 1514/1564/1528 1558/1593/1553 1519/1570/1534 1496/1529/1496
f 1538/1589/1550 1556/1594/1554 1532/1572/1536 1521/1571/1535
f 1519/1570/1534 1548/1595/1555 1524/1573/1537 1506/1537/1504
f 1530/1579/1542 1552/1597/1556 1514/1596/1528 1495/1578/1510
f 1528/1576/1540 1511/1495/1469 1420/1421/1399
f 1460/1468/1442 1533/1569/1533 1543/1598/1557 1508/1530/1497
f 1544/1599/1558 1523/1542/1509 1483/1482/1457
f 1527/1549/1515 1564/1600/1559 1542/1561/1526 1494/1522/1490
f 1532/1601/1536 1561/1602/1560 1545/1582/1544 1517/1581/1531
f 1508/1530/1497 1590/1603/1561 1546/1523/1491 1438/1472/1447
f 1540/1544/1511 1554/1604/1562 1510/1555/1520 1489/1508/1480
f 1520/1536/1503 1569/1605/1563 1537/1587/1547 1481/1527/1494
f 1539/1591/1552 1566/1606/1564 1541/1565/1529 1513/1559/1524
f 1518/1586/1532 1525/1607/1538 1534/1556/1521 1507/1538/1505
f 1526/1575/1539 1582/1608/1565 1540/1544/1511 1476/1516/1486
f 1547/1553/1518 1543/1609/1557 1533/1585/1533 1488/1496/1470
f 1550/1610/1566 1544/1599/1558 1483/1482/1457
f 1502/1547/1514 1542/1561/1526 1552/1597/1556 1530/1579/1542
f 1505/1554/1519 1574/1611/1567 1549/1552/1517 1492/1500/1474
f 1554/1604/1562 1572/1612/1568 1529/1560/1525 1510/1555/1520
f 1516/1566/1530 1581/1613/1569 1550/1610/1566 1483/1482/1457
f 1512/1562/1527 1607/1614/1570 1531/1580/1543 1479/1518/1488
f 1485/1533/1500 1562/1615/1571 1547/1553/1518 1487/1498/1472
f 1525/1607/1538 1535/1616/1546 1526/1575/1539 1534/1556/1521
f 1559/1617/1572 1574/1611/1567 1505/1554/1519 1515/1557/1522
f 1548/1595/1555 1579/1618/1573 1557/1590/1549 1524/1573/1537
f 1560/1619/1548 1597/1620/1574 1512/1562/1527 1500/1563/1495
f 1551/1583/1545 1578/1621/1575 1553/1592/1551 1509/1558/1523
f 1556/1622/1554 1583/1623/1576 1561/1602/1560 1532/1601/1536
f 1446/1440/1417 1511/1495/1469 1562/1615/1571 1485/1533/1500
f 1563/1624/1577 1528/1576/1540 1484/1532/1499 1536/1539/1506
f 1552/1597/1556 1573/1626/1578 1558/1625/1553 1514/1596/1528
f 1545/1582/1544 1577/1627/1579 1564/1600/1559 1527/1549/1515
f 1565/1628/1580 1587/1629/1581 1548/1595/1555 1519/1570/1534
f 1567/1630/1582 1559/1617/1572 1515/1557/1522 1541/1565/1529
f 1499/1520/1489 1549/1552/1517 1568/1631/1583 1535/1584/1546
f 1570/1632/1584 1591/1633/1585 1556/1594/1554 1538/1589/1550
f 1565/1628/1580 1519/1570/1534 1558/1593/1553
f 1516/1566/1530 1471/1456/1432 1571/1634/1586
f 1557/1590/1549 1593/1635/1587 1570/1632/1584 1538/1589/1550
f 1572/1612/1568 1595/1636/1588 1551/1583/1545 1529/1560/1525
f 1542/1561/1526 1564/1600/1559 1573/1626/1578 1552/1597/1556
f 1553/1592/1551 1596/1638/1589 1575/1637/1590 1539/1591/1552
f 1531/1580/1543 1584/1639/1591 1563/1624/1577 1536/1539/1506
f 1561/1602/1560 1604/1640/1592 1577/1627/1579 1545/1582/1544
f 1546/1523/1491 1627/1641/1593 1571/1634/1586 1471/1456/1432
f 1580/1642/1594 1569/1605/1563 1520/1536/1503 1555/1577/1541
f 1535/1616/1546 1568/1643/1583 1582/1608/1565 1526/1575/1539
f 1528/1576/1540 1563/1624/1577 1585/1644/1595
f 1586/1645/1596 1592/1646/1597 1560/1588/1548 1537/1587/1547
f 1575/1637/1590 1618/1647/1598 1566/1606/1564 1539/1591/1552
f 1588/1648/1599 1584/1639/1591 1959/1650/1600 1958/1649/1601
f 1589/1651/1602 1599/1652/1603 1578/1621/1575 1551/1583/1545
f 1573/1626/1578 1605/1654/1604 1565/1653/1580 1558/1625/1553
f 1588/1648/1599 1585/1644/1595 1563/1624/1577 1584/1639/1591
f 1587/1629/1581 1626/1655/1605 1579/1618/1573 1548/1595/1555
f 1591/1656/1585 1625/1657/1606 1583/1623/1576 1556/1622/1554
f 1577/1627/1579 1605/1654/1604 1573/1626/1578 1564/1600/1559
f 1594/1658/1607 1596/1638/1589 1553/1592/1551 1578/1621/1575
f 1595/1636/1588 1616/1659/1608 1589/1651/1602 1551/1583/1545
f 1528/1576/1540 1585/1644/1595 1598/1660/1609
f 1600/1661/1610 1586/1645/1596 1537/1587/1547 1569/1605/1563
f 1602/1662/1611 1567/1630/1582 1541/1565/1529 1566/1606/1564
f 1508/1530/1497 1543/1598/1557 1603/1663/1612
f 1582/1608/1565 1629/1664/1613 1554/1604/1562 1540/1544/1511
f 1574/1611/1567 1623/1665/1614 1568/1631/1583 1549/1552/1517
f 1511/1495/1469 1528/1576/1540 1606/1666/1615
f 1592/1667/1597 1638/1668/1616 1597/1620/1574 1560/1619/1548
f 1608/1669/1617 1592/1646/1597 1586/1645/1596 1609/1670/1618
f 1610/1671/1619 1604/1640/1592 1561/1602/1560 1583/1623/1576
f 1605/1654/1604 1621/1673/1620 1587/1672/1581 1565/1653/1580
f 1588/1648/1599 1613/1674/1621 1598/1660/1609 1585/1644/1595
f 1581/1613/1569 1654/1676/1622 1601/1675/1623 1550/1610/1566
f 1600/1661/1610 1624/1677/1624 1609/1670/1618 1586/1645/1596
f 1611/1678/1625 1581/1613/1569 1516/1566/1530 1571/1634/1586
f 1576/1679/1626 1651/1680/1627 1580/1642/1594 1555/1577/1541
f 1612/1681/1628 1576/1682/1626 1959/1650/1600 1584/1639/1591
f 1613/1674/1621 1588/1648/1599 1958/1649/1601 1957/1683/1629
f 1614/1684/1630 1593/1635/1587 1557/1590/1549 1579/1618/1573
f 1531/1580/1543 1607/1614/1570 1612/1681/1628 1584/1639/1591
f 1615/1685/1631 1594/1658/1607 1578/1621/1575 1599/1652/1603
f 1617/1686/1632 1623/1665/1614 1574/1611/1567 1559/1617/1572
f 1589/1651/1602 1616/1659/1608 1619/1687/1633 1599/1652/1603
f 1554/1604/1562 1629/1664/1613 1620/1688/1634 1572/1612/1568
f 1577/1627/1579 1604/1640/1592 1621/1673/1620 1605/1654/1604
f 1622/1689/1635 1645/1690/1636 1591/1633/1585 1570/1632/1584
f 1580/1642/1594 1646/1691/1637 1600/1661/1610 1569/1605/1563
f 1598/1660/1609 1668/1692/1638 1606/1666/1615 1528/1576/1540
f 1593/1635/1587 1653/1693/1639 1622/1689/1635 1570/1632/1584
f 1603/1663/1612 1590/1603/1561 1508/1530/1497
f 1628/1694/1640 1637/1695/1641 1610/1671/1619 1583/1623/1576
f 1625/1657/1606 1639/1696/1642 1628/1694/1640 1583/1623/1576
f 1597/1620/1574 1673/1697/1643 1607/1614/1570 1512/1562/1527
f 1630/1698/1644 1617/1686/1632 1559/1617/1572 1567/1630/1582
f 1621/1673/1620 1650/1700/1645 1626/1699/1605 1587/1672/1581
f 1623/1701/1614 1629/1664/1613 1582/1608/1565 1568/1643/1583
f 1632/1702/1646 1603/1703/1612 1543/1609/1557 1547/1553/1518
f 1609/1670/1618 1644/1705/1647 1633/1704/1648 1608/1669/1617
f 1572/1612/1568 1620/1688/1634 1634/1706/1649 1595/1636/1588
f 1610/1671/1619 1650/1700/1645 1621/1673/1620 1604/1640/1592
f 1635/1707/1650 1618/1647/1598 1575/1637/1590 1596/1638/1589
f 1636/1708/1651 1638/1668/1616 1592/1667/1597 1608/1709/1617
f 1619/1687/1633 1656/1710/1652 1615/1685/1631 1599/1652/1603
f 1626/1655/1605 1662/1711/1653 1614/1684/1630 1579/1618/1573
f 1640/1712/1654 1644/1705/1647 1609/1670/1618 1624/1677/1624
f 1595/1636/1588 1634/1706/1649 1641/1713/1655 1616/1659/1608
f 1594/1658/1607 1661/1714/1656 1635/1707/1650 1596/1638/1589
f 1642/1715/1657 1602/1662/1611 1566/1606/1564 1618/1647/1598
f 1562/1615/1571 1511/1495/1469 1643/1716/1658
f 1645/1717/1636 1660/1718/1659 1625/1657/1606 1591/1656/1585
f 1600/1661/1610 1646/1691/1637 1647/1719/1660 1624/1677/1624
f 1611/1678/1625 1571/1634/1586 1648/1720/1661
f 1602/1662/1611 1664/1721/1662 1630/1698/1644 1567/1630/1582
f 1643/1716/1658 1511/1495/1469 1606/1666/1615
f 1628/1694/1640 1639/1696/1642 1649/1722/1663 1637/1695/1641
f 1620/1688/1634 1629/1664/1613 1623/1701/1614 1617/1723/1632
f 1652/1724/1664 1650/1700/1645 1610/1671/1619 1637/1695/1641
f 1627/1641/1593 1677/1726/1665 1655/1725/1666 1571/1634/1586
f 1656/1710/1652 1661/1714/1656 1594/1658/1607 1615/1685/1631
f 1641/1713/1655 1666/1727/1667 1619/1687/1633 1616/1659/1608
f 1655/1725/1666 1648/1720/1661 1571/1634/1586
f 1657/1728/1668 1627/1641/1593 1546/1523/1491 1590/1603/1561
f 1658/1729/1669 1653/1693/1639 1593/1635/1587 1614/1684/1630
f 1630/1730/1644 1634/1706/1649 1620/1688/1634 1617/1723/1632
f 1632/1702/1646 1547/1553/1518 1562/1615/1571
f 1631/1731/1670 1659/1732/1671 1613/1674/1621 1957/1683/1629
f 1660/1718/1659 1667/1733/1672 1639/1696/1642 1625/1657/1606
f 1612/1681/1628 1682/1735/1673 1651/1734/1627 1576/1682/1626
f 1649/1722/1663 1675/1736/1674 1652/1724/1664 1637/1695/1641
f 1647/1719/1660 1689/1737/1675 1640/1712/1654 1624/1677/1624
f 1651/1680/1627 1684/1738/1676 1646/1691/1637 1580/1642/1594
f 1663/1739/1677 1654/1676/1622 1581/1613/1569 1611/1678/1625
f 1635/1707/1650 1679/1740/1678 1642/1715/1657 1618/1647/1598
f 1665/1741/1679 1662/1742/1653 1626/1699/1605 1650/1700/1645
f 1667/1733/1672 1683/1743/1680 1649/1722/1663 1639/1696/1642
f 1664/1744/1662 1669/1745/1681 1634/1706/1649 1630/1730/1644
f 1652/1724/1664 1675/1736/1674 1665/1741/1679 1650/1700/1645
f 1669/1745/1681 1666/1727/1667 1641/1713/1655 1634/1706/1649
f 1670/1746/1682 1636/1708/1651 1608/1709/1617 1633/1747/1648
f 1671/1748/1683 1645/1690/1636 1622/1689/1635 1653/1693/1639
f 1672/1749/1684 1668/1692/1638 1598/1660/1609 1613/1674/1621
f 1638/1668/1616 1701/1750/1685 1673/1697/1643 1597/1620/1574
f 1662/1711/1653 1688/1751/1686 1658/1729/1669 1614/1684/1630
f 1642/1715/1657 1679/1740/1678 1664/1721/1662 1602/1662/1611
f 1619/1687/1633 1666/1727/1667 1674/1752/1687 1656/1710/1652
f 1676/1753/1688 1703/1755/1689 1631/1754/1670 1601/1675/1623
f 1678/1756/1690 1700/1757/1691 1633/1704/1648 1644/1705/1647
f 1674/1752/1687 1680/1758/1692 1661/1714/1656 1656/1710/1652
f 1658/1729/1669 1688/1751/1686 1671/1748/1683 1653/1693/1639
f 1671/1759/1683 1685/1760/1693 1660/1718/1659 1645/1717/1636
f 1680/1758/1692 1679/1761/1678 1635/1707/1650 1661/1714/1656
f 1640/1712/1654 1704/1762/1694 1678/1756/1690 1644/1705/1647
f 1606/1666/1615 1668/1692/1638 1681/1763/1695 1643/1716/1658
f 1607/1614/1570 1673/1697/1643 1682/1735/1673 1612/1681/1628
f 1669/1745/1681 1680/1758/1692 1674/1752/1687 1666/1727/1667
f 1654/1676/1622 1707/1764/1696 1676/1753/1688 1601/1675/1623
f 1685/1760/1693 1683/1743/1680 1667/1733/1672 1660/1718/1659
f 1679/1761/1678 1680/1758/1692 1669/1745/1681 1664/1744/1662
f 1646/1691/1637 1684/1738/1676 1686/1765/1697 1647/1719/1660
f 1649/1722/1663 1683/1743/1680 1687/1766/1698 1675/1736/1674
f 1562/1615/1571 1643/1716/1658 1690/1767/1699
f 1691/1768/1700 1657/1728/1668 1590/1603/1561 1603/1663/1612
f 1665/1741/1679 1692/1770/1701 1688/1769/1686 1662/1742/1653
f 1675/1736/1674 1687/1766/1698 1692/1770/1701 1665/1741/1679
f 1694/1771/1702 1701/1750/1685 1638/1668/1616 1636/1708/1651
f 1695/1772/1703 1677/1726/1665 1627/1641/1593 1657/1728/1668
f 1677/1726/1665 1710/1774/1704 1693/1773/1705 1655/1725/1666
f 1643/1716/1658 1681/1763/1695 1696/1775/1706
f 1671/1759/1683 1688/1769/1686 1692/1770/1701 1685/1760/1693
f 1685/1760/1693 1692/1770/1701 1687/1766/1698 1683/1743/1680
f 1955/1776/1707 1698/1779/1708 1697/1778/1709 1956/1777/1710
f 1643/1716/1658 1696/1775/1706 1699/1780/1711
f 1682/1735/1673 1712/1782/1712 1684/1781/1676 1651/1734/1627
f 1954/1783/1713 1702/1784/1714 1698/1779/1708 1955/1776/1707
f 1700/1785/1691 1723/1786/1715 1670/1746/1682 1633/1747/1648
f 1632/1702/1646 1562/1615/1571 1690/1767/1699
f 1696/1775/1706 1681/1763/1695 1697/1778/1709 1698/1779/1708
f 1703/1787/1689 1733/1788/1716 1659/1732/1671 1631/1731/1670
f 1702/1784/1714 1699/1780/1711 1696/1775/1706 1698/1779/1708
f 1699/1780/1711 1729/1789/1717 1690/1767/1699 1643/1716/1658
f 1672/1749/1684 1697/1778/1709 1681/1763/1695 1668/1692/1638
f 1647/1719/1660 1686/1765/1697 1706/1790/1718 1689/1737/1675
f 1708/1791/1719 1704/1762/1694 1640/1712/1654 1689/1737/1675
f 1709/1792/1720 1718/1793/1721 1700/1757/1691 1678/1756/1690
f 1673/1697/1643 1701/1750/1685 1712/1782/1712 1682/1735/1673
f 1713/1794/1722 1694/1771/1702 1636/1708/1651 1670/1746/1682
f 1714/1795/1723 1707/1764/1696 1654/1676/1622 1663/1739/1677
f 1715/1796/1724 1691/1797/1700 1603/1703/1612 1632/1702/1646
f 1716/1798/1725 1695/1772/1703 1657/1728/1668 1691/1768/1700
f 1613/1674/1621 1659/1732/1671 1717/1799/1726 1672/1749/1684
f 1684/1781/1676 1712/1782/1712 1719/1801/1727 1686/1800/1697
f 1678/1756/1690 1704/1762/1694 1720/1802/1728 1709/1792/1720
f 1705/1803/1729 1721/1804/1730 1702/1784/1714 1954/1783/1713
f 1722/1805/1731 1731/1806/1732 1718/1793/1721 1709/1792/1720
f 1724/1807/1733 1711/1808/1734 1956/1777/1710 1697/1778/1709
f 1725/1809/1735 1735/1811/1736 1705/1810/1729 1693/1773/1705
f 1726/1812/1737 1732/1813/1738 1703/1755/1689 1676/1753/1688
f 1727/1814/1739 1710/1774/1704 1677/1726/1665 1695/1772/1703
f 1709/1792/1720 1720/1802/1728 1728/1815/1740 1722/1805/1731
f 1694/1771/1702 1719/1801/1727 1712/1782/1712 1701/1750/1685
f 1730/1816/1741 1729/1789/1717 1699/1780/1711 1702/1784/1714
f 1690/1767/1699 1729/1789/1717 1715/1796/1724 1632/1702/1646
f 1718/1817/1721 1738/1818/1742 1723/1786/1715 1700/1785/1691
f 1707/1764/1696 1737/1819/1743 1726/1812/1737 1676/1753/1688
f 1710/1774/1704 1744/1820/1744 1725/1809/1735 1693/1773/1705
f 1672/1749/1684 1717/1799/1726 1724/1807/1733 1697/1778/1709
f 1706/1790/1718 1746/1821/1745 1708/1791/1719 1689/1737/1675
f 1708/1791/1719 1740/1822/1746 1720/1802/1728 1704/1762/1694
f 1711/1823/1734 1754/1824/1747 1714/1795/1723 1663/1739/1677
f 1723/1786/1715 1755/1825/1748 1713/1794/1722 1670/1746/1682
f 1734/1826/1749 1706/1827/1718 1686/1800/1697 1719/1801/1727
f 1732/1828/1738 1750/1829/1750 1733/1788/1716 1703/1787/1689
f 1691/1797/1700 1715/1796/1724 1736/1831/1751 1716/1830/1725
f 1713/1794/1722 1734/1826/1749 1719/1801/1727 1694/1771/1702
f 1731/1832/1732 1752/1833/1752 1738/1818/1742 1718/1817/1721
f 1735/1834/1736 1765/1835/1753 1721/1804/1730 1705/1803/1729
f 1728/1815/1740 1762/1837/1754 1739/1836/1755 1722/1805/1731
f 1739/1836/1755 1759/1838/1756 1731/1806/1732 1722/1805/1731
f 1740/1822/1746 1747/1839/1757 1728/1815/1740 1720/1802/1728
f 1726/1812/1737 1743/1841/1758 1741/1840/1759 1732/1813/1738
f 1742/1842/1760 1727/1814/1739 1695/1772/1703 1716/1798/1725
f 1737/1819/1743 1745/1843/1761 1743/1841/1758 1726/1812/1737
f 1733/1788/1716 1773/1844/1762 1717/1799/1726 1659/1732/1671
f 1707/1764/1696 1714/1795/1723 1748/1845/1763 1737/1819/1743
f 1730/1816/1741 1736/1831/1751 1715/1796/1724 1729/1789/1717
f 1749/1846/1764 1757/1847/1765 1735/1811/1736 1725/1809/1735
f 1746/1821/1745 1766/1848/1766 1740/1822/1746 1708/1791/1719
f 1741/1849/1759 1771/1850/1767 1750/1829/1750 1732/1828/1738
f 1751/1851/1768 1744/1820/1744 1710/1774/1704 1727/1814/1739
f 1734/1826/1749 1764/1853/1769 1746/1852/1745 1706/1827/1718
f 1753/1854/1770 1730/1816/1741 1702/1784/1714 1721/1804/1730
f 1745/1843/1761 1774/1856/1771 1756/1855/1772 1743/1841/1758
f 1725/1809/1735 1744/1820/1744 1758/1857/1773 1749/1846/1764
f 1738/1818/1742 1772/1858/1774 1755/1825/1748 1723/1786/1715
f 1743/1841/1758 1756/1855/1772 1760/1859/1775 1741/1840/1759
f 1761/1860/1776 1767/1861/1777 1757/1847/1765 1749/1846/1764
f 1724/1807/1733 1777/1863/1778 1754/1862/1747 1711/1808/1734
f 1737/1819/1743 1748/1845/1763 1763/1864/1779 1745/1843/1761
f 1759/1865/1756 1783/1866/1780 1752/1833/1752 1731/1832/1732
f 1758/1857/1773 1770/1867/1781 1761/1860/1776 1749/1846/1764
f 1713/1794/1722 1755/1825/1748 1764/1853/1769 1734/1826/1749
f 1766/1848/1766 1779/1868/1782 1747/1839/1757 1740/1822/1746
f 1768/1869/1783 1762/1837/1754 1728/1815/1740 1747/1839/1757
f 1769/1870/1784 1742/1871/1760 1716/1830/1725 1736/1831/1751
f 1757/1872/1765 1778/1873/1785 1765/1835/1753 1735/1834/1736
f 1754/1824/1747 1785/1874/1786 1748/1845/1763 1714/1795/1723
f 1742/1842/1760 1788/1875/1787 1751/1851/1768 1727/1814/1739
f 1751/1851/1768 1780/1876/1788 1758/1857/1773 1744/1820/1744
f 1752/1833/1752 1790/1877/1789 1772/1858/1774 1738/1818/1742
f 1760/1878/1775 1797/1879/1790 1771/1850/1767 1741/1849/1759
f 1753/1854/1770 1769/1870/1784 1736/1831/1751 1730/1816/1741
f 1775/1880/1791 1791/1881/1792 1767/1861/1777 1761/1860/1776
f 1776/1882/1793 1789/1883/1794 1759/1838/1756 1739/1836/1755
f 1750/1829/1750 1796/1884/1795 1773/1844/1762 1733/1788/1716
f 1762/1837/1754 1792/1885/1796 1776/1882/1793 1739/1836/1755
f 1764/1853/1769 1786/1887/1797 1766/1886/1766 1746/1852/1745
f 1717/1799/1726 1773/1844/1762 1777/1863/1778 1724/1807/1733
f 1767/1888/1777 1794/1889/1798 1778/1873/1785 1757/1872/1765
f 1758/1857/1773 1780/1876/1788 1781/1890/1799 1770/1867/1781
f 1765/1835/1753 1803/1891/1800 1753/1854/1770 1721/1804/1730
f 1782/1892/1801 1775/1880/1791 1761/1860/1776 1770/1867/1781
f 1784/1893/1802 1774/1856/1771 1745/1843/1761 1763/1864/1779
f 1779/1868/1782 1806/1894/1803 1768/1869/1783 1747/1839/1757
f 1755/1825/1748 1772/1858/1774 1786/1887/1797 1764/1853/1769
f 1748/1845/1763 1785/1874/1786 1787/1895/1804 1763/1864/1779
f 1789/1896/1794 1804/1897/1805 1783/1866/1780 1759/1865/1756
f 1793/1898/1806 1805/1899/1807 1760/1859/1775 1756/1855/1772
f 1786/1887/1797 1800/1901/1808 1779/1900/1782 1766/1886/1766
f 1788/1875/1787 1801/1902/1809 1780/1876/1788 1751/1851/1768
f 1774/1856/1771 1810/1903/1810 1793/1898/1806 1756/1855/1772
f 1777/1863/1778 1807/1905/1811 1785/1904/1786 1754/1862/1747
f 1781/1890/1799 1812/1906/1812 1782/1892/1801 1770/1867/1781
f 1795/1907/1813 1796/1884/1795 1750/1829/1750 1771/1850/1767
f 1769/1870/1784 1813/1909/1814 1788/1908/1787 1742/1871/1760
f 1791/1910/1792 1814/1911/1815 1794/1889/1798 1767/1888/1777
f 1798/1912/1816 1790/1877/1789 1752/1833/1752 1783/1866/1780
f 1799/1913/1817 1792/1885/1796 1762/1837/1754 1768/1869/1783
f 1772/1858/1774 1790/1877/1789 1800/1901/1808 1786/1887/1797
f 1801/1902/1809 1817/1914/1818 1781/1890/1799 1780/1876/1788
f 1802/1915/1819 1818/1916/1820 1789/1883/1794 1776/1882/1793
f 1778/1873/1785 1827/1917/1821 1803/1891/1800 1765/1835/1753
f 1792/1885/1796 1823/1918/1822 1802/1915/1819 1776/1882/1793
f 1773/1844/1762 1796/1884/1795 1807/1905/1811 1777/1863/1778
f 1805/1919/1807 1835/1920/1823 1797/1879/1790 1760/1878/1775
f 1808/1921/1824 1826/1922/1825 1791/1881/1792 1775/1880/1791
f 1807/1905/1811 1824/1924/1826 1787/1923/1804 1785/1904/1786
f 1809/1925/1827 1784/1893/1802 1763/1864/1779 1787/1895/1804
f 1800/1901/1808 1829/1927/1828 1806/1926/1803 1779/1900/1782
f 1804/1897/1805 1816/1929/1829 1811/1928/1830 1783/1866/1780
f 1782/1892/1801 1834/1930/1831 1808/1921/1824 1775/1880/1791
f 1811/1928/1830 1821/1931/1832 1798/1912/1816 1783/1866/1780
f 1753/1854/1770 1803/1891/1800 1813/1909/1814 1769/1870/1784
f 1798/1912/1816 1829/1927/1828 1800/1901/1808 1790/1877/1789
f 1815/1932/1833 1810/1903/1810 1774/1856/1771 1784/1893/1802
f 1806/1894/1803 1837/1933/1834 1799/1913/1817 1768/1869/1783
f 1818/1934/1820 1838/1935/1835 1804/1897/1805 1789/1896/1794
f 1819/1936/1836 1795/1907/1813 1771/1850/1767 1797/1879/1790
f 1820/1937/1837 1827/1917/1821 1778/1873/1785 1794/1889/1798
f 1822/1938/1838 1830/1939/1839 1805/1899/1807 1793/1898/1806
f 1817/1914/1818 1847/1940/1840 1812/1906/1812 1781/1890/1799
f 1795/1907/1813 1824/1924/1826 1807/1905/1811 1796/1884/1795
f 1813/1909/1814 1840/1942/1841 1801/1941/1809 1788/1908/1787
f 1825/1943/1842 1823/1918/1822 1792/1885/1796 1799/1913/1817
f 1826/1944/1825 1852/1945/1843 1814/1911/1815 1791/1910/1792
f 1828/1946/1844 1821/1931/1832 1811/1928/1830 1816/1929/1829
f 1793/1898/1806 1810/1903/1810 1831/1947/1845 1822/1938/1838
f 1804/1897/1805 1838/1935/1835 1832/1948/1846 1816/1929/1829
f 1833/1949/1847 1829/1927/1828 1798/1912/1816 1821/1931/1832
f 1836/1950/1848 1846/1951/1849 1830/1939/1839 1822/1938/1838
f 1809/1925/1827 1864/1952/1850 1815/1932/1833 1784/1893/1802
f 1828/1946/1844 1851/1953/1851 1833/1949/1847 1821/1931/1832
f 1839/1954/1852 1834/1930/1831 1782/1892/1801 1812/1906/1812
f 1830/1955/1839 1860/1956/1853 1835/1920/1823 1805/1919/1807
f 1822/1938/1838 1831/1947/1845 1841/1957/1854 1836/1950/1848
f 1842/1958/1855 1809/1959/1827 1787/1923/1804 1824/1924/1826
f 1840/1942/1841 1854/1961/1856 1817/1960/1818 1801/1941/1809
f 1832/1948/1846 1855/1962/1857 1828/1946/1844 1816/1929/1829
f 1843/1963/1858 1848/1964/1859 1826/1922/1825 1808/1921/1824
f 1803/1891/1800 1827/1917/1821 1840/1942/1841 1813/1909/1814
f 1844/1965/1860 1820/1937/1837 1794/1889/1798 1814/1911/1815
f 1845/1966/1861 1818/1916/1820 1802/1915/1819 1823/1918/1822
f 1815/1932/1833 1859/1967/1862 1831/1947/1845 1810/1903/1810
f 1837/1933/1834 1861/1968/1863 1825/1943/1842 1799/1913/1817
f 1819/1936/1836 1842/1958/1855 1824/1924/1826 1795/1907/1813
f 1829/1927/1828 1850/1970/1864 1837/1969/1834 1806/1926/1803
f 1835/1920/1823 1868/1971/1865 1819/1936/1836 1797/1879/1790
f 1808/1921/1824 1834/1930/1831 1849/1972/1866 1843/1963/1858
f 1833/1949/1847 1851/1953/1851 1850/1970/1864 1829/1927/1828
f 1825/1943/1842 1861/1968/1863 1845/1966/1861 1823/1918/1822
f 1845/1973/1861 1856/1974/1867 1838/1935/1835 1818/1934/1820
f 1853/1975/1868 1863/1976/1869 1848/1964/1859 1843/1963/1858
f 1820/1937/1837 1854/1961/1856 1840/1942/1841 1827/1917/1821
f 1856/1974/1867 1855/1962/1857 1832/1948/1846 1838/1935/1835
f 1841/1957/1854 1874/1978/1870 1857/1977/1871 1836/1950/1848
f 1843/1963/1858 1849/1972/1866 1858/1979/1872 1853/1975/1868
f 1857/1977/1871 1873/1980/1873 1846/1951/1849 1836/1950/1848
f 1859/1967/1862 1865/1981/1874 1841/1957/1854 1831/1947/1845
f 1848/1982/1859 1870/1983/1875 1852/1945/1843 1826/1944/1825
f 1854/1961/1856 1872/1985/1876 1847/1984/1840 1817/1960/1818
f 1846/1986/1849 1875/1987/1877 1860/1956/1853 1830/1955/1839
f 1828/1946/1844 1855/1962/1857 1862/1988/1878 1851/1953/1851
f 1850/1970/1864 1866/1990/1879 1861/1989/1863 1837/1969/1834
f 1839/1954/1852 1869/1991/1880 1849/1972/1866 1834/1930/1831
f 1862/1988/1878 1866/1990/1879 1850/1970/1864 1851/1953/1851
f 1852/1945/1843 1880/1992/1881 1844/1965/1860 1814/1911/1815
f 1842/1958/1855 1876/1994/1882 1864/1993/1850 1809/1959/1827
f 1845/1973/1861 1861/1989/1863 1866/1990/1879 1856/1974/1867
f 1864/1952/1850 1878/1995/1883 1859/1967/1862 1815/1932/1833
f 1844/1965/1860 1872/1985/1876 1854/1961/1856 1820/1937/1837
f 1867/1996/1884 1839/1954/1852 1812/1906/1812 1847/1940/1840
f 1856/1974/1867 1866/1990/1879 1862/1988/1878 1855/1962/1857
f 1869/1991/1880 1877/1997/1885 1858/1979/1872 1849/1972/1866
f 1863/1998/1869 1881/1999/1886 1870/1983/1875 1848/1982/1859
f 1858/1979/1872 1886/2001/1887 1871/2000/1888 1853/1975/1868
f 1871/2000/1888 1884/2002/1889 1863/1976/1869 1853/1975/1868
f 1860/1956/1853 1883/2003/1890 1868/1971/1865 1835/1920/1823
f 1819/1936/1836 1868/1971/1865 1876/1994/1882 1842/1958/1855
f 1873/2004/1873 1890/2005/1891 1875/1987/1877 1846/1986/1849
f 1878/1995/1883 1888/2006/1892 1865/1981/1874 1859/1967/1862
f 1879/2007/1893 1874/1978/1870 1841/1957/1854 1865/1981/1874
f 1867/1996/1884 1887/2008/1894 1869/1991/1880 1839/1954/1852
f 1872/1985/1876 1885/2010/1895 1867/2009/1884 1847/1984/1840
f 1870/1983/1875 1893/2011/1896 1880/1992/1881 1852/1945/1843
f 1882/2012/1897 1892/2013/1898 1873/1980/1873 1857/1977/1871
f 1874/1978/1870 1894/2014/1899 1882/2012/1897 1857/1977/1871
f 1875/1987/1877 1895/2015/1900 1883/2003/1890 1860/1956/1853
f 1844/1965/1860 1880/1992/1881 1885/2010/1895 1872/1985/1876
f 1876/1994/1882 1891/2017/1901 1878/2016/1883 1864/1993/1850
f 1884/2018/1889 1901/2019/1902 1881/1999/1886 1863/1998/1869
f 1887/2008/1894 1897/2020/1903 1877/1997/1885 1869/1991/1880
f 1889/2021/1904 1886/2001/1887 1858/1979/1872 1877/1997/1885
f 1888/2006/1892 1906/2022/1905 1879/2007/1893 1865/1981/1874
f 1868/1971/1865 1883/2003/1890 1891/2017/1901 1876/1994/1882
f 1881/1999/1886 1905/2023/1906 1893/2011/1896 1870/1983/1875
f 1885/2010/1895 1902/2025/1907 1887/2024/1894 1867/2009/1884
f 1896/2026/1908 1907/2027/1909 1884/2002/1889 1871/2000/1888
f 1891/2017/1901 1903/2029/1910 1888/2028/1892 1878/2016/1883
f 1886/2001/1887 1908/2030/1911 1896/2026/1908 1871/2000/1888
f 1898/2031/1912 1890/2005/1891 1873/2004/1873 1892/2032/1898
f 1899/2033/1913 1894/2014/1899 1874/1978/1870 1879/2007/1893
f 1900/2034/1914 1895/2015/1900 1875/1987/1877 1890/2005/1891
f 1880/1992/1881 1893/2011/1896 1902/2025/1907 1885/2010/1895
f 1897/2020/1903 1919/2035/1915 1889/2021/1904 1877/1997/1885
f 1883/2003/1890 1895/2015/1900 1903/2029/1910 1891/2017/1901
f 1904/2036/1916 1914/2037/1917 1892/2013/1898 1882/2012/1897
f 1894/2014/1899 1917/2038/1918 1904/2036/1916 1882/2012/1897
f 1902/2025/1907 1910/2040/1919 1897/2039/1903 1887/2024/1894
f 1898/2031/1912 1913/2042/1920 1909/2041/1921 1890/2005/1891
f 1903/2029/1910 1920/2044/1922 1906/2043/1905 1888/2028/1892
f 1909/2041/1921 1915/2045/1923 1900/2034/1914 1890/2005/1891
f 1900/2034/1914 1920/2044/1922 1903/2029/1910 1895/2015/1900
f 1893/2011/1896 1905/2023/1906 1910/2040/1919 1902/2025/1907
f 1906/2022/1905 1927/2046/1924 1899/2033/1913 1879/2007/1893
f 1881/1999/1886 1901/2019/1902 1911/2047/1925 1905/2023/1906
f 1912/2048/1926 1901/2019/1902 1884/2018/1889 1907/2049/1909
f 1914/2050/1917 1926/2051/1927 1898/2031/1912 1892/2032/1898
f 1916/2052/1928 1908/2030/1911 1886/2001/1887 1889/2021/1904
f 1918/2053/1929 1931/2054/1930 1907/2027/1909 1896/2026/1908
f 1909/2041/1921 1913/2042/1920 1921/2055/1931 1915/2045/1923
f 1922/2056/1932 1917/2038/1918 1894/2014/1899 1899/2033/1913
f 1923/2057/1933 1920/2044/1922 1900/2034/1914 1915/2045/1923
f 1908/2030/1911 1933/2058/1934 1918/2053/1929 1896/2026/1908
f 1910/2040/1919 1934/2060/1935 1919/2059/1915 1897/2039/1903
f 1898/2031/1912 1926/2051/1927 1924/2061/1936 1913/2042/1920
f 1911/2047/1925 1934/2060/1935 1910/2040/1919 1905/2023/1906
f 1912/2048/1926 1928/2063/1937 1925/2062/1938 1901/2019/1902
f 1925/2062/1938 1930/2064/1939 1911/2047/1925 1901/2019/1902
f 1921/2055/1931 1932/2065/1940 1923/2057/1933 1915/2045/1923
f 1919/2035/1915 1941/2066/1941 1916/2052/1928 1889/2021/1904
f 1924/2061/1936 1940/2067/1942 1921/2055/1931 1913/2042/1920
f 1929/2068/1943 1914/2037/1917 1904/2036/1916 1917/2038/1918
f 1931/2069/1930 1938/2070/1944 1912/2048/1926 1907/2049/1909
f 1932/2065/1940 1927/2071/1924 1906/2043/1905 1920/2044/1922
f 1927/2046/1924 1942/2072/1945 1922/2056/1932 1899/2033/1913
f 1932/2065/1940 1920/2044/1922 1923/2057/1933
f 1929/2073/1943 1939/2074/1946 1926/2051/1927 1914/2050/1917
f 1935/2075/1947 1934/2060/1935 1911/2047/1925 1930/2064/1939
f 1936/2076/1948 1933/2058/1934 1908/2030/1911 1916/2052/1928
f 1925/2062/1938 1928/2063/1937 1937/2077/1949 1930/2064/1939
f 1922/2056/1932 1942/2072/1945 1929/2068/1943 1917/2038/1918
f 1938/2070/1944 1944/2078/1950 1928/2063/1937 1912/2048/1926
f 1939/2074/1946 1940/2067/1942 1924/2061/1936 1926/2051/1927
f 1937/2077/1949 1948/2079/1951 1935/2075/1947 1930/2064/1939
f 1921/2055/1931 1940/2067/1942 1943/2080/1952 1932/2065/1940
f 1932/2065/1940 1947/2082/1953 1942/2081/1945 1927/2071/1924
f 1944/2078/1950 1950/2083/1954 1937/2077/1949 1928/2063/1937
f 1945/2084/1955 1931/2054/1930 1918/2053/1929 1933/2058/1934
f 1946/2085/1956 1941/2086/1941 1919/2059/1915 1934/2060/1935
f 1941/2066/1941 1952/2087/1957 1936/2076/1948 1916/2052/1928
f 1929/2073/1943 1942/2081/1945 1947/2082/1953 1939/2074/1946
f 1935/2075/1947 1948/2079/1951 1946/2085/1956 1934/2060/1935
f 1947/2082/1953 1932/2065/1940 1943/2080/1952
f 1939/2074/1946 1947/2082/1953 1943/2080/1952 1940/2067/1942
f 1945/2088/1955 1949/2089/1958 1938/2070/1944 1931/2069/1930
f 1936/2076/1948 1952/2087/1957 1945/2084/1955 1933/2058/1934
f 1949/2089/1958 1950/2083/1954 1944/2078/1950 1938/2070/1944
f 1937/2077/1949 1950/2083/1954 1951/2090/1959 1948/2079/1951
f 1946/2085/1956 1953/2092/1960 1952/2091/1957 1941/2086/1941
f 1951/2090/1959 1953/2092/1960 1946/2085/1956 1948/2079/1951
f 1945/2088/1955 1952/2091/1957 1953/2092/1960 1949/2089/1958
f 1949/2089/1958 1953/2092/1960 1951/2090/1959 1950/2083/1954
f 1693/1773/1705 1705/1810/1729 1954/2093/1713 1655/1725/1666
f 1648/1720/1661 1655/1725/1666 1954/2093/1713 1955/2094/1707
f 1611/1678/1625 1648/1720/1661 1955/2094/1707 1956/2095/1710
f 1711/1823/1734 1663/1739/1677 1611/1678/1625 1956/2095/1710
f 1601/1675/1623 1631/1754/1670 1957/2096/1629 1550/1610/1566
f 1958/2097/1601 1544/1599/1558 1550/1610/1566 1957/2096/1629
f 1959/2098/1600 1523/1542/1509 1544/1599/1558 1958/2097/1601
f 1523/1542/1509 1959/2098/1600 1576/1679/1626 1555/1577/1541
f 2138/2099/1961 2141/2102/1962 2140/2101/1963 2139/2100/1964
f 1966/2103/1965 1961/2106/1966 2019/2105/1967 2018/2104/1968
f 1968/2107/1969 1969/2110/1970 2023/2109/1971 2022/2108/1972
f 2014/2111/1973 2411/2114/1974 1990/2113/1975 1960/2112/1976
f 2411/2114/1974 2100/2116/1977 1975/2115/1978 1990/2113/1975
f 2104/2117/1979 2406/2120/1980 1989/2119/1981 1976/2118/1982
f 2222/2121/1983 2408/2124/1984 2407/2123/1985 2103/2122/1986
f 2143/2125/1987 2145/2128/1988 2144/2127/1989 2142/2126/1990
f 1964/2129/1991 1966/2103/1965 2018/2104/1968 2017/2130/1992
f 2141/2102/1962 2143/2125/1987 2142/2126/1990 2140/2101/1963
f 2109/2131/1993 2104/2117/1979 1976/2118/1982 1978/2132/1994
f 2222/2121/1983 2103/2122/1986 2108/2134/1995 2223/2133/1996
f 2147/2135/1997 2149/2138/1998 2148/2137/1999 2146/2136/2000
f 2151/2139/2001 2147/2135/1997 2146/2136/2000 2150/2140/2002
f 2153/2141/2003 2151/2139/2001 2150/2140/2002 2152/2142/2004
f 2101/2143/2005 2410/2146/2006 2409/2145/2007 2102/2144/2008
f 2106/2147/2009 2101/2143/2005 2102/2144/2008 2107/2148/2010
f 1969/2110/1970 1982/2150/2011 2259/2149/2012 2023/2109/1971
f 2742/2990/2013 2272/2154/2014 1983/2153/2015 2743/2991/2016
f 2224/2155/2017 2274/2158/2018 2273/2157/2019 2009/2156/2020
f 2009/2156/2020 2302/2160/2021 2301/2159/2022 2224/2155/2017
f 1971/2152/2023 1987/2162/2024 2303/2161/2025 2020/2151/2026
f 2025/2163/2027 2024/2166/2028 1970/2165/2029 1974/2164/2030
f 2012/2167/2031 2005/2170/2032 2006/2169/2033 2011/2168/2034
f 2010/2171/2035 2004/2174/2036 2226/2173/2037 2225/2172/2038
f 2101/2143/2005 2100/2116/1977 2411/2114/1974 2410/2146/2006
f 2410/2146/2006 2411/2114/1974 2014/2111/1973 1991/2175/2039
f 2140/2101/1963 2151/2139/2001 2153/2141/2003 2139/2100/1964
f 2142/2126/1990 2147/2135/1997 2151/2139/2001 2140/2101/1963
f 2144/2127/1989 2149/2138/1998 2147/2135/1997 2142/2126/1990
f 2307/2176/2040 2272/2154/2014 2742/2990/2013 2020/2151/2026
f 2303/2161/2025 2308/2177/2041 2307/2176/2040 2020/2151/2026
f 2022/2108/1972 2310/2180/2042 2309/2179/2043 2021/2178/2044
f 2011/2168/2034 2006/2169/2033 2283/2182/2045 2282/2181/2046
f 2023/2183/1971 2159/2186/2047 2158/2185/2048 2022/2184/1972
f 2022/2187/1972 2158/2190/2048 2311/2189/2049 2310/2188/2042
f 2004/2191/2036 2157/2194/2050 2227/2193/2051 2226/2192/2037
f 2259/2195/2012 2258/2196/2052 2159/2186/2047 2023/2183/1971
f 2005/2197/2032 2156/2200/2053 2155/2199/2054 2006/2198/2033
f 2006/2198/2033 2155/2199/2054 2284/2202/2055 2283/2201/2045
f 2027/2203/2056 2038/2206/2057 2037/2205/2058 2026/2204/2059
f 2039/2207/2060 2229/2210/2061 2228/2209/2062 2028/2208/2063
f 2040/2211/2064 2313/2214/2065 2312/2213/2066 2029/2212/2067
f 2030/2215/2068 2041/2218/2069 2040/2217/2064 2029/2216/2067
f 2256/2219/2070 2041/2218/2069 2030/2215/2068 2257/2220/2071
f 2037/2205/2058 2286/2222/2072 2285/2221/2073 2026/2204/2059
f 1973/2223/2074 1968/2107/1969 2022/2108/1972 2021/2178/2044
f 2043/2224/2075 2287/2225/2076 2286/2222/2072 2037/2205/2058
f 2044/2226/2077 2043/2224/2075 2037/2205/2058 2038/2206/2057
f 2045/2227/2078 2230/2228/2079 2229/2210/2061 2039/2207/2060
f 2046/2229/2080 2314/2230/2081 2313/2214/2065 2040/2211/2064
f 2047/2231/2082 2046/2232/2080 2040/2217/2064 2041/2218/2069
f 2255/2233/2083 2047/2231/2082 2041/2218/2069 2256/2219/2070
f 2043/2224/2075 2049/2235/2084 2288/2234/2085 2287/2225/2076
f 2044/2226/2077 2050/2236/2086 2049/2235/2084 2043/2224/2075
f 2045/2227/2078 2051/2238/2087 2231/2237/2088 2230/2228/2079
f 2046/2229/2080 2052/2240/2089 2315/2239/2090 2314/2230/2081
f 2047/2231/2082 2053/2242/2091 2052/2241/2089 2046/2232/2080
f 2255/2233/2083 2254/2243/2092 2053/2242/2091 2047/2231/2082
f 2049/2235/2084 2094/2245/2093 2289/2244/2094 2288/2234/2085
f 2050/2236/2086 2095/2246/2095 2094/2245/2093 2049/2235/2084
f 2051/2238/2087 2096/2248/2096 2232/2247/2097 2231/2237/2088
f 2052/2240/2089 2097/2250/2098 2316/2249/2099 2315/2239/2090
f 2053/2242/2091 2098/2252/2100 2097/2251/2098 2052/2241/2089
f 2254/2243/2092 2253/2253/2101 2098/2252/2100 2053/2242/2091
f 2033/2254/2102 2069/2257/2103 2068/2256/2104 2032/2255/2105
f 2032/2258/2105 2068/2261/2104 2319/2260/2106 2318/2259/2107
f 2034/2262/2108 2067/2265/2109 2235/2264/2110 2234/2263/2111
f 2251/2266/2112 2250/2267/2113 2069/2257/2103 2033/2254/2102
f 2356/2268/2114 2359/2271/2115 2358/2270/2116 2357/2269/2117
f 2357/2269/2117 2358/2270/2116 2361/2273/2118 2360/2272/2119
f 2055/2274/2120 2089/2277/2121 2088/2276/2122 2054/2275/2123
f 2056/2278/2124 2090/2281/2125 2240/2280/2126 2239/2279/2127
f 2057/2282/2128 2091/2285/2129 2324/2284/2130 2323/2283/2131
f 2058/2286/2132 2092/2289/2133 2091/2288/2129 2057/2287/2128
f 2246/2290/2134 2245/2291/2135 2092/2289/2133 2058/2286/2132
f 2054/2275/2123 2088/2276/2122 2295/2293/2136 2294/2292/2137
f 2061/2294/2138 2071/2297/2139 2070/2296/2140 2060/2295/2141
f 2062/2298/2142 2072/2301/2143 2238/2300/2144 2237/2299/2145
f 2063/2302/2146 2073/2305/2147 2322/2304/2148 2321/2303/2149
f 2064/2306/2150 2074/2309/2151 2073/2308/2147 2063/2307/2146
f 2248/2310/2152 2247/2311/2153 2074/2309/2151 2064/2306/2150
f 2060/2295/2141 2070/2296/2140 2293/2313/2154 2292/2312/2155
f 2358/2270/2116 2363/2315/2156 2362/2314/2157 2361/2273/2118
f 2359/2271/2115 2364/2316/2158 2363/2315/2156 2358/2270/2116
f 2067/2265/2109 2079/2318/2159 2236/2317/2160 2235/2264/2110
f 2068/2261/2104 2080/2320/2161 2320/2319/2162 2319/2260/2106
f 2069/2257/2103 2081/2322/2163 2080/2321/2161 2068/2256/2104
f 2250/2267/2113 2249/2323/2164 2081/2322/2163 2069/2257/2103
f 2071/2297/2139 2055/2274/2120 2054/2275/2123 2070/2296/2140
f 2072/2301/2143 2056/2278/2124 2239/2279/2127 2238/2300/2144
f 2073/2305/2147 2057/2282/2128 2323/2283/2131 2322/2304/2148
f 2074/2309/2151 2058/2286/2132 2057/2287/2128 2073/2308/2147
f 2247/2311/2153 2246/2290/2134 2058/2286/2132 2074/2309/2151
f 2070/2296/2140 2054/2275/2123 2294/2292/2137 2293/2313/2154
f 2077/2324/2165 2060/2295/2141 2292/2312/2155 2291/2325/2166
f 2078/2326/2167 2061/2294/2138 2060/2295/2141 2077/2324/2165
f 2079/2318/2159 2062/2298/2142 2237/2299/2145 2236/2317/2160
f 2080/2320/2161 2063/2302/2146 2321/2303/2149 2320/2319/2162
f 2081/2322/2163 2064/2306/2150 2063/2307/2146 2080/2321/2161
f 2249/2323/2164 2248/2310/2152 2064/2306/2150 2081/2322/2163
f 2083/2327/2168 2346/2330/2169 2345/2329/2170 2082/2328/2171
f 2084/2331/2172 2348/2334/2173 2347/2333/2174 2241/2332/2175
f 2085/2335/2176 2350/2338/2177 2349/2337/2178 2325/2336/2179
f 2086/2339/2180 2351/2342/2181 2350/2341/2177 2085/2340/2176
f 2244/2343/2182 2352/2344/2183 2351/2342/2181 2086/2339/2180
f 2082/2328/2171 2345/2329/2170 2344/2346/2184 2296/2345/2185
f 2089/2277/2121 2399/2348/2186 2398/2347/2187 2088/2276/2122
f 2090/2281/2125 2401/2350/2188 2400/2349/2189 2240/2280/2126
f 2091/2285/2129 2403/2352/2190 2402/2351/2191 2324/2284/2130
f 2092/2289/2133 2404/2354/2192 2403/2353/2190 2091/2288/2129
f 2245/2291/2135 2405/2355/2193 2404/2354/2192 2092/2289/2133
f 2088/2276/2122 2398/2347/2187 2397/2356/2194 2295/2293/2136
f 2095/2246/2095 2201/2358/2195 2200/2357/2196 2094/2245/2093
f 2096/2248/2096 2202/2360/2197 2233/2359/2198 2232/2247/2097
f 2097/2250/2098 2203/2362/2199 2317/2361/2200 2316/2249/2099
f 2098/2252/2100 2204/2364/2201 2203/2363/2199 2097/2251/2098
f 2253/2253/2101 2252/2365/2202 2204/2364/2201 2098/2252/2100
f 2094/2245/2093 2200/2357/2196 2290/2366/2203 2289/2244/2094
f 2100/2116/1977 2105/2368/2204 1977/2367/2205 1975/2115/1978
f 2106/2147/2009 2105/2368/2204 2100/2116/1977 2101/2143/2005
f 2105/2368/2204 2277/2370/2206 1984/2369/2207 1977/2367/2205
f 2276/2371/2208 2277/2370/2206 2105/2368/2204 2106/2147/2009
f 2107/2148/2010 2275/2372/2209 2276/2371/2208 2106/2147/2009
f 2273/2157/2019 2274/2158/2018 2223/2133/1996 2108/2134/1995
f 1978/2132/1994 1983/2153/2015 2272/2154/2014 2109/2131/1993
f 2123/2373/2210 2137/2376/2211 2136/2375/2212 2122/2374/2213
f 2124/2377/2214 2130/2378/2215 2137/2376/2211 2123/2373/2210
f 2125/2379/2216 2131/2380/2217 2130/2378/2215 2124/2377/2214
f 2126/2381/2218 2132/2382/2219 2131/2380/2217 2125/2379/2216
f 2127/2383/2220 2133/2386/2221 2132/2385/2219 2126/2384/2218
f 2128/2387/2222 2134/2388/2223 2133/2386/2221 2127/2383/2220
f 2129/2389/2224 2135/2390/2225 2134/2388/2223 2128/2387/2222
f 2122/2374/2213 2136/2375/2212 2135/2390/2225 2129/2389/2224
f 2131/2380/2217 2185/2392/2226 2184/2391/2227 2130/2378/2215
f 2132/2382/2219 2186/2393/2228 2185/2392/2226 2131/2380/2217
f 2133/2386/2221 2187/2395/2229 2186/2394/2228 2132/2385/2219
f 2134/2388/2223 2188/2396/2230 2187/2395/2229 2133/2386/2221
f 2135/2390/2225 2189/2397/2231 2188/2396/2230 2134/2388/2223
f 2136/2375/2212 2190/2398/2232 2189/2397/2231 2135/2390/2225
f 2137/2376/2211 2191/2399/2233 2190/2398/2232 2136/2375/2212
f 2130/2378/2215 2184/2391/2227 2191/2399/2233 2137/2376/2211
f 1960/2112/1976 2207/2401/2234 2206/2400/2235 2014/2111/1973
f 1967/2402/2236 2208/2403/2237 2207/2401/2234 1960/2112/1976
f 1965/2404/2238 2209/2405/2239 2208/2403/2237 1967/2402/2236
f 1991/2175/2039 2217/2408/2240 2216/2407/2241 2003/2406/2242
f 2206/2400/2235 2217/2408/2240 1991/2175/2039 2014/2111/1973
f 2155/2199/2054 2026/2204/2059 2285/2221/2073 2284/2202/2055
f 2156/2200/2053 2027/2203/2056 2026/2204/2059 2155/2199/2054
f 2157/2194/2050 2028/2208/2063 2228/2209/2062 2227/2193/2051
f 2158/2190/2048 2029/2212/2067 2312/2213/2066 2311/2189/2049
f 2159/2186/2047 2030/2215/2068 2029/2216/2067 2158/2185/2048
f 2258/2196/2052 2257/2220/2071 2030/2215/2068 2159/2186/2047
f 2161/2409/2243 2175/2412/2244 2174/2411/2245 2160/2410/2246
f 2162/2413/2247 2168/2414/2248 2175/2412/2244 2161/2409/2243
f 2163/2415/2249 2169/2416/2250 2168/2414/2248 2162/2413/2247
f 2164/2417/2251 2170/2418/2252 2169/2416/2250 2163/2415/2249
f 2165/2419/2253 2171/2422/2254 2170/2421/2252 2164/2420/2251
f 2166/2423/2255 2172/2424/2256 2171/2422/2254 2165/2419/2253
f 2167/2425/2257 2173/2426/2258 2172/2424/2256 2166/2423/2255
f 2160/2410/2246 2174/2411/2245 2173/2426/2258 2167/2425/2257
f 2169/2416/2250 2193/2428/2259 2192/2427/2260 2168/2414/2248
f 2170/2418/2252 2194/2429/2261 2193/2428/2259 2169/2416/2250
f 2171/2422/2254 2195/2431/2262 2194/2430/2261 2170/2421/2252
f 2172/2424/2256 2196/2432/2263 2195/2431/2262 2171/2422/2254
f 2173/2426/2258 2197/2433/2264 2196/2432/2263 2172/2424/2256
f 2174/2411/2245 2198/2434/2265 2197/2433/2264 2173/2426/2258
f 2175/2412/2244 2199/2435/2266 2198/2434/2265 2174/2411/2245
f 2168/2414/2248 2192/2427/2260 2199/2435/2266 2175/2412/2244
f 2177/2436/2267 2326/2439/2268 2333/2438/2269 2176/2437/2270
f 2178/2440/2271 2327/2441/2272 2326/2439/2268 2177/2436/2267
f 2179/2442/2273 2328/2443/2274 2327/2441/2272 2178/2440/2271
f 2180/2444/2275 2329/2445/2276 2328/2443/2274 2179/2442/2273
f 2181/2446/2277 2330/2447/2278 2329/2445/2276 2180/2444/2275
f 2182/2448/2279 2331/2451/2280 2330/2450/2278 2181/2449/2277
f 2183/2452/2281 2332/2453/2282 2331/2451/2280 2182/2448/2279
f 2176/2437/2270 2333/2438/2269 2332/2453/2282 2183/2452/2281
f 2185/2392/2226 2180/2444/2275 2179/2442/2273 2184/2391/2227
f 2186/2393/2228 2181/2446/2277 2180/2444/2275 2185/2392/2226
f 2187/2395/2229 2182/2448/2279 2181/2449/2277 2186/2394/2228
f 2188/2396/2230 2183/2452/2281 2182/2448/2279 2187/2395/2229
f 2189/2397/2231 2176/2437/2270 2183/2452/2281 2188/2396/2230
f 2190/2398/2232 2177/2436/2267 2176/2437/2270 2189/2397/2231
f 2191/2399/2233 2178/2440/2271 2177/2436/2267 2190/2398/2232
f 2184/2391/2227 2179/2442/2273 2178/2440/2271 2191/2399/2233
f 2193/2428/2259 1204/1210/1210 1220/1236/1233 2192/2427/2260
f 2194/2429/2261 1202/1209/1207 1204/1210/1210 2193/2428/2259
f 2195/2431/2262 1203/1201/1205 1202/1204/1207 2194/2430/2261
f 2196/2432/2263 1201/1200/1202 1203/1201/1205 2195/2431/2262
f 2197/2433/2264 1211/1214/1214 1201/1200/1202 2196/2432/2263
f 2198/2434/2265 1218/1227/1225 1211/1214/1214 2197/2433/2264
f 2199/2435/2266 1228/1246/1243 1218/1227/1225 2198/2434/2265
f 2192/2427/2260 1220/1236/1233 1228/1246/1243 2199/2435/2266
f 2366/2454/2283 2356/2268/2114 2357/2269/2117 2365/2455/2284
f 2202/2360/2197 2034/2262/2108 2234/2263/2111 2233/2359/2198
f 2203/2362/2199 2032/2258/2105 2318/2259/2107 2317/2361/2200
f 2204/2364/2201 2033/2254/2102 2032/2255/2105 2203/2363/2199
f 2252/2365/2202 2251/2266/2112 2033/2254/2102 2204/2364/2201
f 2365/2455/2284 2357/2269/2117 2360/2272/2119 2367/2456/2285
f 2207/2401/2234 2262/2458/2286 2261/2457/2287 2206/2400/2235
f 2208/2403/2237 2263/2459/2288 2262/2458/2286 2207/2401/2234
f 2209/2405/2239 2264/2460/2289 2263/2459/2288 2208/2403/2237
f 2210/2461/2290 2265/2462/2291 2264/2460/2289 2209/2405/2239
f 2211/2463/2292 2266/2464/2293 2265/2462/2291 2210/2461/2290
f 2211/2463/2292 2212/2466/2294 2267/2465/2295 2266/2464/2293
f 2216/2407/2241 2271/2469/2296 2270/2468/2297 2215/2467/2298
f 2217/2408/2240 2260/2470/2299 2271/2469/2296 2216/2407/2241
f 2261/2457/2287 2260/2470/2299 2217/2408/2240 2206/2400/2235
f 2268/2471/2300 2267/2465/2295 2212/2466/2294 2213/2472/2301
f 2269/2473/2302 2268/2471/2300 2213/2472/2301 2214/2474/2303
f 2215/2467/2298 2270/2468/2297 2269/2473/2302 2214/2474/2303
f 2416/2475/2304 2415/2478/2305 2118/2477/2306 2110/2476/2307
f 2102/2144/2008 2409/2145/2007 2408/2124/1984 2222/2121/1983
f 2102/2144/2008 2222/2121/1983 2223/2133/1996 2107/2148/2010
f 2223/2133/1996 2274/2158/2018 2275/2372/2209 2107/2148/2010
f 2301/2159/2022 2300/2480/2308 2008/2479/2309 2224/2155/2017
f 2226/2173/2037 2005/2170/2032 2012/2167/2031 2225/2172/2038
f 2227/2193/2051 2156/2200/2053 2005/2197/2032 2226/2192/2037
f 2228/2209/2062 2027/2203/2056 2156/2200/2053 2227/2193/2051
f 2228/2209/2062 2229/2210/2061 2038/2206/2057 2027/2203/2056
f 2229/2210/2061 2230/2228/2079 2044/2226/2077 2038/2206/2057
f 2231/2237/2088 2050/2236/2086 2044/2226/2077 2230/2228/2079
f 2232/2247/2097 2095/2246/2095 2050/2236/2086 2231/2237/2088
f 2233/2359/2198 2201/2358/2195 2095/2246/2095 2232/2247/2097
f 2234/2263/2111 2035/2481/2310 2201/2358/2195 2233/2359/2198
f 2235/2264/2110 2066/2482/2311 2035/2481/2310 2234/2263/2111
f 2236/2317/2160 2078/2326/2167 2066/2482/2311 2235/2264/2110
f 2237/2299/2145 2061/2294/2138 2078/2326/2167 2236/2317/2160
f 2238/2300/2144 2071/2297/2139 2061/2294/2138 2237/2299/2145
f 2239/2279/2127 2055/2274/2120 2071/2297/2139 2238/2300/2144
f 2239/2279/2127 2240/2280/2126 2089/2277/2121 2055/2274/2120
f 2400/2349/2189 2399/2348/2186 2089/2277/2121 2240/2280/2126
f 2347/2333/2174 2346/2330/2169 2083/2327/2168 2241/2332/2175
f 2220/2483/2312 1998/2486/2313 1994/2485/2314 2221/2484/2315
f 2003/2406/2242 2216/2407/2241 2215/2467/2298 2002/2487/2316
f 2002/2487/2316 2215/2467/2298 2214/2474/2303 2001/2488/2317
f 2219/2489/2318 1995/2492/2319 1997/2491/2320 2218/2490/2321
f 2001/2488/2317 2214/2474/2303 2213/2472/2301 2000/2493/2322
f 2218/2490/2321 2001/2488/2317 2000/2493/2322 2219/2489/2318
f 2218/2490/2321 2220/2483/2312 2002/2487/2316 2001/2488/2317
f 2002/2487/2316 2220/2483/2312 2221/2484/2315 2003/2406/2242
f 1998/2486/2313 2220/2483/2312 2218/2490/2321 1997/2491/2320
f 2211/2463/2292 2210/2461/2290 1963/2495/2323 2015/2494/2324
f 2210/2461/2290 2209/2405/2239 1965/2404/2238 1963/2495/2323
f 2015/2494/2324 1996/2496/2325 2212/2466/2294 2211/2463/2292
f 2114/2497/2326 2119/2500/2327 2419/2499/2328 2418/2498/2329
f 2111/2501/2330 2417/2502/2331 2416/2475/2304 2110/2476/2307
f 2243/2503/2332 2120/2506/2333 2119/2505/2327 2114/2504/2326
f 2114/2497/2326 2418/2498/2329 2417/2502/2331 2111/2501/2330
f 2213/2472/2301 2212/2466/2294 1996/2496/2325 2000/2493/2322
f 2219/2489/2318 2111/2508/2330 2110/2507/2307 1995/2492/2319
f 2114/2504/2326 2111/2508/2330 2219/2489/2318 2000/2493/2322
f 2242/2509/2334 2015/2494/2324 1963/2495/2323 1981/2510/2335
f 2242/2509/2334 2243/2503/2332 1996/2496/2325 2015/2494/2324
f 2114/2504/2326 2000/2493/2322 1996/2496/2325 2243/2503/2332
f 2087/2511/2336 2353/2512/2337 2352/2344/2183 2244/2343/2182
f 2093/2513/2338 2396/2514/2339 2405/2355/2193 2245/2291/2135
f 2093/2513/2338 2245/2291/2135 2246/2290/2134 2059/2515/2340
f 2075/2516/2341 2059/2515/2340 2246/2290/2134 2247/2311/2153
f 2065/2517/2342 2075/2516/2341 2247/2311/2153 2248/2310/2152
f 2076/2518/2343 2065/2517/2342 2248/2310/2152 2249/2323/2164
f 2369/2519/2344 2371/2522/2345 2370/2521/2346 2368/2520/2347
f 2373/2523/2348 2369/2519/2344 2368/2520/2347 2372/2524/2349
f 2375/2525/2350 2373/2523/2348 2372/2524/2349 2374/2526/2351
f 2099/2527/2352 2205/2528/2353 2252/2365/2202 2253/2253/2101
f 2048/2529/2354 2099/2527/2352 2253/2253/2101 2254/2243/2092
f 2042/2530/2355 2048/2529/2354 2254/2243/2092 2255/2233/2083
f 2036/2531/2356 2042/2530/2355 2255/2233/2083 2256/2219/2070
f 2031/2532/2357 2036/2531/2356 2256/2219/2070 2257/2220/2071
f 2154/2533/2358 2031/2532/2357 2257/2220/2071 2258/2196/2052
f 2024/2534/2028 2154/2533/2358 2258/2196/2052 2259/2195/2012
f 1982/2535/2011 1970/2165/2029 2024/2166/2028 2259/2536/2012
f 2139/2100/1964 2153/2141/2003 2260/2470/2299 2261/2457/2287
f 2262/2458/2286 2138/2099/1961 2139/2100/1964 2261/2457/2287
f 2263/2459/2288 2141/2102/1962 2138/2099/1961 2262/2458/2286
f 2264/2460/2289 2143/2125/1987 2141/2102/1962 2263/2459/2288
f 2265/2462/2291 2145/2128/1988 2143/2125/1987 2264/2460/2289
f 2266/2464/2293 2144/2127/1989 2145/2128/1988 2265/2462/2291
f 2266/2464/2293 2267/2465/2295 2149/2138/1998 2144/2127/1989
f 2148/2137/1999 2149/2138/1998 2267/2465/2295 2268/2471/2300
f 2146/2136/2000 2148/2137/1999 2268/2471/2300 2269/2473/2302
f 2270/2468/2297 2150/2140/2002 2146/2136/2000 2269/2473/2302
f 2271/2469/2296 2152/2142/2004 2150/2140/2002 2270/2468/2297
f 2260/2470/2299 2153/2141/2003 2152/2142/2004 2271/2469/2296
f 2277/2370/2206 2279/2538/2359 1985/2537/2360 1984/2369/2207
f 2278/2539/2361 2275/2372/2209 2008/2479/2309 2007/2540/2362
f 2013/2541/2363 1972/2542/2364 1985/2537/2360 2279/2538/2359
f 2008/2479/2309 2300/2480/2308 2299/2543/2365 2007/2540/2362
f 2297/2544/2366 1986/2545/2367 1972/2542/2364 2013/2541/2363
f 2007/2540/2362 2281/2547/2368 2280/2546/2369 2278/2539/2361
f 2299/2543/2365 2298/2548/2370 2281/2547/2368 2007/2540/2362
f 2008/2479/2309 2275/2372/2209 2274/2158/2018 2224/2155/2017
f 2279/2538/2359 2280/2546/2369 2281/2547/2368 2013/2541/2363
f 2013/2541/2363 2281/2547/2368 2298/2548/2370 2297/2544/2366
f 2025/2163/2027 2282/2181/2046 2283/2182/2045 2024/2166/2028
f 2024/2534/2028 2283/2201/2045 2284/2202/2055 2154/2533/2358
f 2154/2533/2358 2284/2202/2055 2285/2221/2073 2031/2532/2357
f 2286/2222/2072 2036/2531/2356 2031/2532/2357 2285/2221/2073
f 2287/2225/2076 2042/2530/2355 2036/2531/2356 2286/2222/2072
f 2042/2530/2355 2287/2225/2076 2288/2234/2085 2048/2529/2354
f 2048/2529/2354 2288/2234/2085 2289/2244/2094 2099/2527/2352
f 2099/2527/2352 2289/2244/2094 2290/2366/2203 2205/2528/2353
f 2375/2525/2350 2367/2456/2285 2360/2272/2119 2373/2523/2348
f 2373/2523/2348 2360/2272/2119 2361/2273/2118 2369/2519/2344
f 2369/2519/2344 2361/2273/2118 2362/2314/2157 2371/2522/2345
f 2076/2518/2343 2291/2325/2166 2292/2312/2155 2065/2517/2342
f 2065/2517/2342 2292/2312/2155 2293/2313/2154 2075/2516/2341
f 2075/2516/2341 2293/2313/2154 2294/2292/2137 2059/2515/2340
f 2294/2292/2137 2295/2293/2136 2093/2513/2338 2059/2515/2340
f 2093/2513/2338 2295/2293/2136 2397/2356/2194 2396/2514/2339
f 2087/2511/2336 2296/2345/2185 2344/2346/2184 2353/2512/2337
f 2277/2370/2206 2276/2371/2208 2280/2546/2369 2279/2538/2359
f 2275/2372/2209 2278/2539/2361 2280/2546/2369 2276/2371/2208
f 2025/2163/2027 1974/2164/2030 1986/2545/2367 2297/2544/2366
f 2297/2544/2366 2298/2548/2370 2282/2181/2046 2025/2163/2027
f 2011/2168/2034 2282/2181/2046 2298/2548/2370 2299/2543/2365
f 2300/2480/2308 2012/2167/2031 2011/2168/2034 2299/2543/2365
f 2225/2172/2038 2012/2167/2031 2300/2480/2308 2301/2159/2022
f 2302/2160/2021 2010/2171/2035 2225/2172/2038 2301/2159/2022
f 2021/2178/2044 2309/2179/2043 2308/2177/2041 2303/2161/2025
f 1987/2162/2024 1973/2223/2074 2021/2178/2044 2303/2161/2025
f 1998/2486/2313 1997/2491/2320 2017/2130/1992 2018/2104/1968
f 2019/2105/1967 1994/2485/2314 1998/2486/2313 2018/2104/1968
f 2103/2122/1986 2407/2123/1985 2406/2120/1980 2104/2117/1979
f 2103/2122/1986 2104/2117/1979 2109/2131/1993 2108/2134/1995
f 2109/2131/1993 2272/2154/2014 2273/2157/2019 2108/2134/1995
f 2009/2156/2020 2273/2157/2019 2272/2154/2014 2307/2176/2040
f 2308/2177/2041 2302/2160/2021 2009/2156/2020 2307/2176/2040
f 2309/2179/2043 2010/2171/2035 2302/2160/2021 2308/2177/2041
f 2310/2180/2042 2004/2174/2036 2010/2171/2035 2309/2179/2043
f 2311/2189/2049 2157/2194/2050 2004/2191/2036 2310/2188/2042
f 2312/2213/2066 2028/2208/2063 2157/2194/2050 2311/2189/2049
f 2312/2213/2066 2313/2214/2065 2039/2207/2060 2028/2208/2063
f 2313/2214/2065 2314/2230/2081 2045/2227/2078 2039/2207/2060
f 2315/2239/2090 2051/2238/2087 2045/2227/2078 2314/2230/2081
f 2316/2249/2099 2096/2248/2096 2051/2238/2087 2315/2239/2090
f 2317/2361/2200 2202/2360/2197 2096/2248/2096 2316/2249/2099
f 2318/2259/2107 2034/2262/2108 2202/2360/2197 2317/2361/2200
f 2319/2260/2106 2067/2265/2109 2034/2262/2108 2318/2259/2107
f 2320/2319/2162 2079/2318/2159 2067/2265/2109 2319/2260/2106
f 2321/2303/2149 2062/2298/2142 2079/2318/2159 2320/2319/2162
f 2322/2304/2148 2072/2301/2143 2062/2298/2142 2321/2303/2149
f 2323/2283/2131 2056/2278/2124 2072/2301/2143 2322/2304/2148
f 2323/2283/2131 2324/2284/2130 2090/2281/2125 2056/2278/2124
f 2402/2351/2191 2401/2350/2188 2090/2281/2125 2324/2284/2130
f 2349/2337/2178 2348/2334/2173 2084/2331/2172 2325/2336/2179
f 1980/2549/2371 2121/2550/2372 2242/2509/2334 1981/2510/2335
f 2120/2506/2333 2243/2503/2332 2242/2509/2334 2121/2550/2372
f 2355/2551/2373 2120/2506/2333 2121/2550/2372 2354/2552/2374
f 2327/2441/2272 2161/2409/2243 2160/2410/2246 2326/2439/2268
f 2328/2443/2274 2162/2413/2247 2161/2409/2243 2327/2441/2272
f 2329/2445/2276 2163/2415/2249 2162/2413/2247 2328/2443/2274
f 2330/2447/2278 2164/2417/2251 2163/2415/2249 2329/2445/2276
f 2331/2451/2280 2165/2419/2253 2164/2420/2251 2330/2450/2278
f 2332/2453/2282 2166/2423/2255 2165/2419/2253 2331/2451/2280
f 2333/2438/2269 2167/2425/2257 2166/2423/2255 2332/2453/2282
f 2326/2439/2268 2160/2410/2246 2167/2425/2257 2333/2438/2269
f 2336/2553/2375 2378/2556/2376 2379/2555/2377 2337/2554/2378
f 2335/2557/2379 2377/2558/2380 2378/2556/2376 2336/2553/2375
f 2337/2554/2378 2379/2555/2377 2380/2560/2381 2338/2559/2382
f 2334/2561/2383 2376/2562/2384 2377/2558/2380 2335/2557/2379
f 2338/2559/2382 2380/2560/2381 2381/2564/2385 2339/2563/2386
f 2345/2329/2170 2376/2562/2384 2385/2565/2387 2344/2346/2184
f 2377/2558/2380 2376/2562/2384 2345/2329/2170 2346/2330/2169
f 2347/2333/2174 2378/2556/2376 2377/2558/2380 2346/2330/2169
f 2348/2334/2173 2379/2555/2377 2378/2556/2376 2347/2333/2174
f 2349/2337/2178 2380/2560/2381 2379/2555/2377 2348/2334/2173
f 2350/2338/2177 2381/2564/2385 2380/2560/2381 2349/2337/2178
f 2351/2342/2181 2382/2567/2388 2381/2566/2385 2350/2341/2177
f 2352/2344/2183 2383/2568/2389 2382/2567/2388 2351/2342/2181
f 2353/2512/2337 2384/2569/2390 2383/2568/2389 2352/2344/2183
f 2344/2346/2184 2385/2565/2387 2384/2569/2390 2353/2512/2337
f 1964/2129/1991 2017/2130/1992 2016/2571/2391 1962/2570/2392
f 2017/2130/1992 1997/2491/2320 1995/2492/2319 2016/2571/2391
f 1979/2572/2393 1962/2570/2392 2016/2571/2391 2116/2573/2394
f 2066/2482/2311 2359/2271/2115 2356/2268/2114 2035/2481/2310
f 2291/2325/2166 2362/2314/2157 2363/2315/2156 2077/2324/2165
f 2077/2324/2165 2363/2315/2156 2364/2316/2158 2078/2326/2167
f 2078/2326/2167 2364/2316/2158 2359/2271/2115 2066/2482/2311
f 2201/2358/2195 2366/2454/2283 2365/2455/2284 2200/2357/2196
f 2035/2481/2310 2356/2268/2114 2366/2454/2283 2201/2358/2195
f 2200/2357/2196 2365/2455/2284 2367/2456/2285 2290/2366/2203
f 2250/2267/2113 2368/2520/2347 2370/2521/2346 2249/2323/2164
f 2249/2323/2164 2370/2521/2346 2371/2522/2345 2076/2518/2343
f 2251/2266/2112 2372/2524/2349 2368/2520/2347 2250/2267/2113
f 2205/2528/2353 2375/2525/2350 2374/2526/2351 2252/2365/2202
f 2252/2365/2202 2374/2526/2351 2372/2524/2349 2251/2266/2112
f 2290/2366/2203 2367/2456/2285 2375/2525/2350 2205/2528/2353
f 2076/2518/2343 2371/2522/2345 2362/2314/2157 2291/2325/2166
f 2340/2574/2395 2339/2575/2386 2381/2566/2385 2382/2567/2388
f 2383/2568/2389 2341/2576/2396 2340/2574/2395 2382/2567/2388
f 2342/2577/2397 2341/2576/2396 2383/2568/2389 2384/2569/2390
f 2343/2578/2398 2342/2577/2397 2384/2569/2390 2385/2565/2387
f 2386/2579/2399 2387/2580/2400 2296/2345/2185 2087/2511/2336
f 2388/2581/2401 2082/2328/2171 2296/2345/2185 2387/2580/2400
f 2389/2582/2402 2083/2327/2168 2082/2328/2171 2388/2581/2401
f 2241/2332/2175 2083/2327/2168 2389/2582/2402 2390/2583/2403
f 2391/2584/2404 2084/2331/2172 2241/2332/2175 2390/2583/2403
f 2325/2336/2179 2084/2331/2172 2391/2584/2404 2392/2585/2405
f 2393/2586/2406 2085/2335/2176 2325/2336/2179 2392/2585/2405
f 2394/2587/2407 2086/2339/2180 2085/2340/2176 2393/2588/2406
f 2395/2589/2408 2244/2343/2182 2086/2339/2180 2394/2587/2407
f 2386/2579/2399 2087/2511/2336 2244/2343/2182 2395/2589/2408
f 2387/2580/2400 2386/2579/2399 2396/2514/2339 2397/2356/2194
f 2388/2581/2401 2387/2580/2400 2397/2356/2194 2398/2347/2187
f 2389/2582/2402 2388/2581/2401 2398/2347/2187 2399/2348/2186
f 2390/2583/2403 2389/2582/2402 2399/2348/2186 2400/2349/2189
f 2391/2584/2404 2390/2583/2403 2400/2349/2189 2401/2350/2188
f 2392/2585/2405 2391/2584/2404 2401/2350/2188 2402/2351/2191
f 2393/2586/2406 2392/2585/2405 2402/2351/2191 2403/2352/2190
f 2394/2587/2407 2393/2588/2406 2403/2353/2190 2404/2354/2192
f 2405/2355/2193 2395/2589/2408 2394/2587/2407 2404/2354/2192
f 2386/2579/2399 2395/2589/2408 2405/2355/2193 2396/2514/2339
f 2019/2105/1967 1961/2106/1966 1989/2119/1981 2406/2120/1980
f 1994/2485/2314 2019/2105/1967 2406/2120/1980 2407/2123/1985
f 2408/2124/1984 2221/2484/2315 1994/2485/2314 2407/2123/1985
f 2003/2406/2242 2221/2484/2315 2408/2124/1984 2409/2145/2007
f 2410/2146/2006 1991/2175/2039 2003/2406/2242 2409/2145/2007
f 2354/2552/2374 2121/2550/2372 1980/2549/2371 1988/2590/2409
f 1007/2591/1025 1008/2592/1024 2738/2986/2410 2737/2985/2411
f 2415/2593/2305 2414/2596/2412 2112/2595/2413 2118/2594/2306
f 2414/2596/2412 2413/2598/2414 2113/2597/2415 2112/2595/2413
f 2413/2598/2414 2412/2600/2416 2115/2599/2417 2113/2597/2415
f 2412/2600/2416 2419/2499/2328 2119/2500/2327 2115/2599/2417
f 2744/2992/2418 1979/2572/2393 2116/2573/2394 2745/2993/2419
f 2110/2507/2307 2118/2604/2306 2117/2603/2420 1995/2492/2319
f 2016/2571/2391 1995/2492/2319 2117/2603/2420 2116/2573/2394
f 2738/2986/2410 2304/2605/2421 2355/2551/2373 2354/2552/2374
f 1993/2606/2422 2117/2603/2420 2118/2604/2306 2112/2607/2413
f 1992/2608/2423 2115/2609/2417 2119/2505/2327 2120/2506/2333
f 2117/2603/2420 1993/2606/2422 2306/2610/2424 2116/2573/2394
f 2306/2610/2424 2740/2988/2425 2745/2993/2419 2116/2573/2394
f 1992/2608/2423 2120/2506/2333 2355/2551/2373 2304/2605/2421
f 2741/2989/2426 2305/3075/2427 2304/2605/2421 2738/2986/2410
f 2115/2609/2417 1992/2608/2423 1999/3078/2428 2113/3079/2415
f 1999/2614/2428 1993/2606/2422 2112/2607/2413 2113/2613/2415
f 2305/3075/2427 1999/3078/2428 1992/2608/2423 2304/2605/2421
f 2305/2612/2427 2306/2610/2424 1993/2606/2422 1999/2614/2428
f 2413/2598/2414 2124/2377/2214 2123/2373/2210 2412/2600/2416
f 2414/2596/2412 2125/2379/2216 2124/2377/2214 2413/2598/2414
f 2415/2593/2305 2126/2381/2218 2125/2379/2216 2414/2596/2412
f 2416/2475/2304 2127/2383/2220 2126/2384/2218 2415/2478/2305
f 2417/2502/2331 2128/2387/2222 2127/2383/2220 2416/2475/2304
f 2129/2389/2224 2128/2387/2222 2417/2502/2331 2418/2498/2329
f 2419/2499/2328 2122/2374/2213 2129/2389/2224 2418/2498/2329
f 2412/2600/2416 2123/2373/2210 2122/2374/2213 2419/2499/2328
f 2427/2615/2429 2429/2618/2430 2428/2617/2431 2426/2616/2432
f 2426/2619/2432 2428/2622/2431 2430/2621/2433 2431/2620/2434
f 2424/2623/2435 2437/2626/2436 2436/2625/2437 2422/2624/2438
f 2436/2627/2437 2449/2630/2439 2448/2629/2440 2435/2628/2441
f 2437/2626/2436 2444/2632/2442 2449/2631/2439 2436/2625/2437
f 2437/2626/2436 2432/2634/2443 2445/2633/2444 2444/2632/2442
f 2439/2635/2445 2428/2617/2431 2429/2618/2430 2438/2636/2446
f 2440/2637/2447 2430/2621/2433 2428/2622/2431 2439/2638/2445
f 2431/2620/2434 2430/2621/2433 2440/2637/2447 2441/2639/2448
f 2442/2640/2449 2426/2619/2432 2431/2620/2434 2441/2639/2448
f 2443/2641/2450 2427/2615/2429 2426/2616/2432 2442/2642/2449
f 2456/2643/2451 2457/2646/2452 2459/2645/2453 2458/2644/2454
f 2454/2647/2455 2455/2648/2456 2457/2646/2452 2456/2643/2451
f 2446/2649/2457 2439/2635/2445 2438/2636/2446 2445/2633/2444
f 2447/2650/2458 2440/2637/2447 2439/2638/2445 2446/2651/2457
f 2441/2639/2448 2440/2637/2447 2447/2650/2458 2448/2629/2440
f 2449/2630/2439 2442/2640/2449 2441/2639/2448 2448/2629/2440
f 2444/2632/2442 2443/2641/2450 2442/2642/2449 2449/2631/2439
f 2433/2652/2459 2446/2649/2457 2445/2633/2444 2432/2634/2443
f 2447/2650/2458 2446/2651/2457 2433/2654/2459 2434/2653/2460
f 2448/2629/2440 2447/2650/2458 2434/2653/2460 2435/2628/2441
f 2422/2655/2438 2436/2627/2437 2435/2628/2441 2425/2656/2461
f 2423/2657/2462 2433/2652/2459 2432/2634/2443 2420/2658/2463
f 2424/2623/2435 2420/2658/2463 2432/2634/2443 2437/2626/2436
f 2434/2653/2460 2433/2654/2459 2423/2660/2462 2421/2659/2464
f 2435/2628/2441 2434/2653/2460 2421/2659/2464 2425/2656/2461
f 2443/2641/2450 2450/2662/2465 2452/2661/2466 2427/2615/2429
f 2452/2661/2466 2453/2663/2467 2429/2618/2430 2427/2615/2429
f 2429/2618/2430 2453/2663/2467 2451/2664/2468 2438/2636/2446
f 2444/2632/2442 2445/2633/2444 2455/2648/2456 2454/2647/2455
f 2444/2632/2442 2454/2647/2455 2450/2662/2465 2443/2641/2450
f 2438/2636/2446 2451/2664/2468 2455/2648/2456 2445/2633/2444
f 2450/2662/2465 2456/2643/2451 2458/2644/2454 2452/2661/2466
f 2458/2644/2454 2459/2645/2453 2453/2663/2467 2452/2661/2466
f 2453/2663/2467 2459/2645/2453 2457/2646/2452 2451/2664/2468
f 2454/2647/2455 2456/2643/2451 2450/2662/2465
f 2451/2664/2468 2457/2646/2452 2455/2648/2456
f 2466/2665/2469 2468/2668/2470 2467/2667/2471 2465/2666/2472
f 2469/2669/2473 2470/2672/2474 2465/2671/2472 2467/2670/2471
f 2463/2673/2475 2476/2676/2476 2475/2675/2477 2462/2674/2478
f 2475/2677/2477 2488/2680/2479 2487/2679/2480 2474/2678/2481
f 2476/2676/2476 2483/2682/2482 2488/2681/2479 2475/2675/2477
f 2471/2683/2483 2484/2684/2484 2483/2682/2482 2476/2676/2476
f 2478/2685/2485 2467/2667/2471 2468/2668/2470 2477/2686/2486
f 2479/2687/2487 2469/2669/2473 2467/2670/2471 2478/2688/2485
f 2480/2689/2488 2470/2672/2474 2469/2669/2473 2479/2687/2487
f 2481/2690/2489 2465/2671/2472 2470/2672/2474 2480/2689/2488
f 2482/2691/2490 2466/2665/2469 2465/2666/2472 2481/2692/2489
f 2496/2693/2491 2498/2696/2492 2497/2695/2493 2495/2694/2494
f 2494/2697/2495 2496/2693/2491 2495/2694/2494 2493/2698/2496
f 2485/2699/2497 2478/2685/2485 2477/2686/2486 2484/2684/2484
f 2486/2700/2498 2479/2687/2487 2478/2688/2485 2485/2701/2497
f 2487/2679/2480 2480/2689/2488 2479/2687/2487 2486/2700/2498
f 2488/2680/2479 2481/2690/2489 2480/2689/2488 2487/2679/2480
f 2483/2682/2482 2482/2691/2490 2481/2692/2489 2488/2681/2479
f 2472/2702/2499 2485/2699/2497 2484/2684/2484 2471/2683/2483
f 2486/2700/2498 2485/2701/2497 2472/2704/2499 2473/2703/2500
f 2487/2679/2480 2486/2700/2498 2473/2703/2500 2474/2678/2481
f 2462/2705/2478 2475/2677/2477 2474/2678/2481 2464/2706/2501
f 2422/2624/2438 2472/2702/2499 2471/2683/2483 2460/2707/2502
f 2460/2707/2502 2471/2683/2483 2476/2676/2476 2463/2673/2475
f 2473/2703/2500 2472/2704/2499 2422/2655/2438 2461/2708/2503
f 2464/2706/2501 2474/2678/2481 2473/2703/2500 2461/2708/2503
f 2482/2691/2490 2489/2710/2504 2491/2709/2505 2466/2665/2469
f 2466/2665/2469 2491/2709/2505 2492/2711/2506 2468/2668/2470
f 2468/2668/2470 2492/2711/2506 2490/2712/2507 2477/2686/2486
f 2484/2684/2484 2494/2697/2495 2493/2698/2496 2483/2682/2482
f 2483/2682/2482 2493/2698/2496 2489/2710/2504 2482/2691/2490
f 2477/2686/2486 2490/2712/2507 2494/2697/2495 2484/2684/2484
f 2489/2710/2504 2495/2694/2494 2497/2695/2493 2491/2709/2505
f 2491/2709/2505 2497/2695/2493 2498/2696/2492 2492/2711/2506
f 2492/2711/2506 2498/2696/2492 2496/2693/2491 2490/2712/2507
f 2493/2698/2496 2495/2694/2494 2489/2710/2504
f 2490/2712/2507 2496/2693/2491 2494/2697/2495
f 2505/2713/2508 2507/2716/2509 2506/2715/2510 2504/2714/2511
f 2508/2717/2512 2509/2720/2513 2504/2719/2511 2506/2718/2510
f 2502/2721/2514 2515/2724/2515 2514/2723/2516 2501/2722/2517
f 2514/2725/2516 2527/2728/2518 2526/2727/2519 2513/2726/2520
f 2515/2724/2515 2522/2730/2521 2527/2729/2518 2514/2723/2516
f 2510/2731/2522 2523/2732/2523 2522/2730/2521 2515/2724/2515
f 2517/2733/2524 2506/2715/2510 2507/2716/2509 2516/2734/2525
f 2518/2735/2526 2508/2717/2512 2506/2718/2510 2517/2736/2524
f 2519/2737/2527 2509/2720/2513 2508/2717/2512 2518/2735/2526
f 2520/2738/2528 2504/2719/2511 2509/2720/2513 2519/2737/2527
f 2521/2739/2529 2505/2713/2508 2504/2714/2511 2520/2740/2528
f 2535/2741/2530 2537/2744/2531 2536/2743/2532 2534/2742/2533
f 2533/2745/2534 2535/2741/2530 2534/2742/2533 2532/2746/2535
f 2524/2747/2536 2517/2733/2524 2516/2734/2525 2523/2732/2523
f 2525/2748/2537 2518/2735/2526 2517/2736/2524 2524/2749/2536
f 2526/2727/2519 2519/2737/2527 2518/2735/2526 2525/2748/2537
f 2527/2728/2518 2520/2738/2528 2519/2737/2527 2526/2727/2519
f 2522/2730/2521 2521/2739/2529 2520/2740/2528 2527/2729/2518
f 2511/2750/2538 2524/2747/2536 2523/2732/2523 2510/2731/2522
f 2525/2748/2537 2524/2749/2536 2511/2752/2538 2512/2751/2539
f 2526/2727/2519 2525/2748/2537 2512/2751/2539 2513/2726/2520
f 2501/2753/2517 2514/2725/2516 2513/2726/2520 2503/2754/2540
f 2462/2674/2478 2511/2750/2538 2510/2731/2522 2499/2755/2541
f 2499/2755/2541 2510/2731/2522 2515/2724/2515 2502/2721/2514
f 2512/2751/2539 2511/2752/2538 2462/2705/2478 2500/2756/2542
f 2503/2754/2540 2513/2726/2520 2512/2751/2539 2500/2756/2542
f 2521/2739/2529 2528/2758/2543 2530/2757/2544 2505/2713/2508
f 2505/2713/2508 2530/2757/2544 2531/2759/2545 2507/2716/2509
f 2507/2716/2509 2531/2759/2545 2529/2760/2546 2516/2734/2525
f 2523/2732/2523 2533/2745/2534 2532/2746/2535 2522/2730/2521
f 2522/2730/2521 2532/2746/2535 2528/2758/2543 2521/2739/2529
f 2516/2734/2525 2529/2760/2546 2533/2745/2534 2523/2732/2523
f 2528/2758/2543 2534/2742/2533 2536/2743/2532 2530/2757/2544
f 2530/2757/2544 2536/2743/2532 2537/2744/2531 2531/2759/2545
f 2531/2759/2545 2537/2744/2531 2535/2741/2530 2529/2760/2546
f 2532/2746/2535 2534/2742/2533 2528/2758/2543
f 2529/2760/2546 2535/2741/2530 2533/2745/2534
f 2725/2761/2547 2617/2764/2548 2616/2763/2549 2726/2762/2550
f 2576/2765/2551 2575/2768/2552 2587/2767/2553 2586/2766/2554
f 2337/2554/2378 2566/2770/2555 2565/2769/2556 2336/2553/2375
f 2566/2770/2555 2540/2772/2557 2544/2771/2558 2565/2769/2556
f 2589/2773/2559 2539/2776/2560 2610/2775/2561 2609/2774/2562
f 2562/2777/2563 2611/2778/2564 2610/2775/2561 2539/2776/2560
f 2669/2779/2565 2668/2782/2566 2664/2781/2567 2662/2780/2568
f 2585/2783/2569 2552/2786/2570 2594/2785/2571 2593/2784/2572
f 2540/2772/2557 2604/2788/2573 2603/2787/2574 2544/2771/2558
f 2602/2789/2575 2601/2792/2576 2541/2791/2577 2595/2790/2578
f 2587/2767/2553 2541/2791/2577 2558/2793/2579 2586/2766/2554
f 2601/2792/2576 2600/2794/2580 2558/2793/2579 2541/2791/2577
f 2593/2784/2572 2573/2795/2581 2585/2783/2569
f 2595/2790/2578 2541/2791/2577 2564/2797/2582 2596/2796/2583
f 2552/2786/2570 2559/2800/2584 2600/2799/2580 2601/2798/2576
f 2594/2785/2571 2552/2786/2570 2601/2798/2576 2602/2801/2575
f 2604/2802/2573 2549/2805/2585 2550/2804/2586 2603/2803/2574
f 2612/2806/2587 2557/2809/2588 2640/2808/2589 2639/2807/2590
f 2724/2810/2591 2619/2812/2592 2617/2764/2548 2725/2811/2547
f 2612/2806/2587 2637/2814/2593 2636/2813/2594 2557/2809/2588
f 2730/2815/2595 2729/2818/2596 2658/2817/2597 2652/2816/2598
f 2622/2819/2599 2628/2822/2600 2627/2821/2601 2621/2820/2602
f 2623/2823/2603 2629/2826/2604 2628/2825/2600 2622/2824/2599
f 2624/2827/2605 2630/2830/2606 2723/2829/2607 2722/2828/2608
f 2625/2831/2609 2631/2832/2610 2630/2830/2606 2624/2827/2605
f 2620/2833/2611 2626/2834/2612 2631/2832/2610 2625/2831/2609
f 2729/2818/2596 2728/2836/2613 2660/2835/2614 2658/2817/2597
f 2628/2822/2600 2615/2838/2615 2614/2837/2616 2627/2821/2601
f 2629/2826/2604 2618/2840/2617 2615/2839/2615 2628/2825/2600
f 2630/2830/2606 2619/2812/2592 2724/2810/2591 2723/2829/2607
f 2631/2832/2610 2617/2764/2548 2619/2812/2592 2630/2830/2606
f 2626/2834/2612 2616/2763/2549 2617/2764/2548 2631/2832/2610
f 2732/2841/2618 2731/2843/2619 2620/2833/2611 2632/2842/2620
f 2637/2814/2593 2625/2831/2609 2624/2827/2605 2636/2813/2594
f 2632/2842/2620 2620/2833/2611 2625/2831/2609 2637/2814/2593
f 2640/2808/2589 2561/2844/2621 2611/2778/2564 2639/2807/2590
f 2647/2845/2622 2558/2793/2579 2600/2794/2580 2646/2846/2623
f 2731/2843/2619 2730/2815/2595 2652/2816/2598 2620/2833/2611
f 2620/2833/2611 2652/2816/2598 2654/2847/2624 2626/2834/2612
f 2627/2821/2601 2655/2849/2625 2653/2848/2626 2621/2820/2602
f 2626/2834/2612 2654/2847/2624 2656/2850/2627 2616/2763/2549
f 2616/2763/2549 2656/2850/2627 2727/2851/2628 2726/2762/2550
f 2614/2837/2616 2657/2852/2629 2655/2849/2625 2627/2821/2601
f 2652/2816/2598 2658/2817/2597 2654/2847/2624
f 2655/2849/2625 2659/2853/2630 2653/2848/2626
f 2654/2847/2624 2658/2817/2597 2660/2835/2614 2656/2850/2627
f 2656/2850/2627 2660/2835/2614 2728/2836/2613 2727/2851/2628
f 2657/2852/2629 2661/2854/2631 2659/2853/2630 2655/2849/2625
f 2549/2805/2585 2664/2781/2567 2668/2782/2566 2550/2804/2586
f 2663/2855/2632 2550/2804/2586 2668/2782/2566 2669/2779/2565
f 2556/2856/2633 2612/2806/2587 2639/2807/2590 2638/2857/2634
f 2675/2858/2635 2677/2861/2636 2676/2860/2637 2674/2859/2638
f 2678/2862/2639 2679/2865/2640 2674/2864/2638 2676/2863/2637
f 2613/2866/2641 2634/2869/2642 2633/2868/2643 2580/2867/2644
f 2733/2870/2645 2732/2841/2618 2632/2842/2620 2556/2856/2633
f 2632/2842/2620 2637/2814/2593 2612/2806/2587 2556/2856/2633
f 2635/2871/2646 2634/2874/2642 2613/2873/2641 2581/2872/2647
f 2557/2809/2588 2636/2813/2594 2721/2876/2648 2720/2875/2649
f 2634/2869/2642 2622/2819/2599 2621/2820/2602 2633/2868/2643
f 2623/2823/2603 2622/2824/2599 2634/2874/2642 2635/2871/2646
f 2624/2827/2605 2722/2828/2608 2721/2876/2648 2636/2813/2594
f 2638/2857/2634 2639/2807/2590 2611/2778/2564 2562/2777/2563
f 2613/2866/2641 2580/2867/2644 2672/2877/2650
f 2672/2877/2650 2685/2879/2651 2684/2878/2652 2613/2866/2641
f 2684/2880/2652 2697/2883/2653 2696/2882/2654 2683/2881/2655
f 2685/2879/2651 2692/2885/2656 2697/2884/2653 2684/2878/2652
f 2680/2886/2657 2693/2887/2658 2692/2885/2656 2685/2879/2651
f 2687/2888/2659 2676/2860/2637 2677/2861/2636 2686/2889/2660
f 2688/2890/2661 2678/2862/2639 2676/2863/2637 2687/2891/2659
f 2689/2892/2662 2679/2865/2640 2678/2862/2639 2688/2890/2661
f 2690/2893/2663 2674/2864/2638 2679/2865/2640 2689/2892/2662
f 2691/2894/2664 2675/2858/2635 2674/2859/2638 2690/2895/2663
f 2705/2896/2665 2707/2899/2666 2706/2898/2667 2704/2897/2668
f 2703/2900/2669 2705/2896/2665 2704/2897/2668 2702/2901/2670
f 2694/2902/2671 2687/2888/2659 2686/2889/2660 2693/2887/2658
f 2695/2903/2672 2688/2890/2661 2687/2891/2659 2694/2904/2671
f 2696/2882/2654 2689/2892/2662 2688/2890/2661 2695/2903/2672
f 2697/2883/2653 2690/2893/2663 2689/2892/2662 2696/2882/2654
f 2692/2885/2656 2691/2894/2664 2690/2895/2663 2697/2884/2653
f 2543/2905/2673 2563/2908/2674 2583/2907/2675 2582/2906/2676
f 2563/2908/2674 2543/2905/2673 2575/2768/2552 2576/2765/2551
f 2539/2776/2560 2582/2906/2676 2583/2907/2675 2562/2777/2563
f 2733/2870/2645 2556/2856/2633 2638/2857/2634 2651/2909/2677
f 2562/2777/2563 2583/2907/2675 2651/2909/2677 2638/2857/2634
f 2672/2877/2650 2580/2867/2644 2651/2909/2677
f 2681/2910/2678 2694/2902/2671 2693/2887/2658 2680/2886/2657
f 2695/2903/2672 2694/2904/2671 2681/2912/2678 2682/2911/2679
f 2696/2882/2654 2695/2903/2672 2682/2911/2679 2683/2881/2655
f 2719/2913/2680 2640/2808/2589 2557/2809/2588 2720/2875/2649
f 2718/2914/2681 2561/2844/2621 2640/2808/2589 2719/2913/2680
f 2673/2915/2682 2581/2872/2647 2613/2873/2641
f 2641/2916/2683 2581/2872/2647 2673/2915/2682
f 2613/2873/2641 2684/2880/2652 2683/2881/2655 2673/2915/2682
f 2503/2754/2540 2555/2917/2684 2501/2753/2517
f 2501/2722/2517 2681/2910/2678 2680/2886/2657 2554/2918/2685
f 2554/2918/2685 2680/2886/2657 2685/2879/2651 2672/2877/2650
f 2682/2911/2679 2681/2912/2678 2501/2753/2517 2555/2917/2684
f 2673/2915/2682 2683/2881/2655 2682/2911/2679 2555/2917/2684
f 2691/2894/2664 2698/2920/2686 2700/2919/2687 2675/2858/2635
f 2675/2858/2635 2700/2919/2687 2701/2921/2688 2677/2861/2636
f 2677/2861/2636 2701/2921/2688 2699/2922/2689 2686/2889/2660
f 2693/2887/2658 2703/2900/2669 2702/2901/2670 2692/2885/2656
f 2692/2885/2656 2702/2901/2670 2698/2920/2686 2691/2894/2664
f 2686/2889/2660 2699/2922/2689 2703/2900/2669 2693/2887/2658
f 2698/2920/2686 2704/2897/2668 2706/2898/2667 2700/2919/2687
f 2700/2919/2687 2706/2898/2667 2707/2899/2666 2701/2921/2688
f 2701/2921/2688 2707/2899/2666 2705/2896/2665 2699/2922/2689
f 2702/2901/2670 2704/2897/2668 2698/2920/2686
f 2699/2922/2689 2705/2896/2665 2703/2900/2669
f 2563/2908/2674 2650/2923/2690 2651/2909/2677 2583/2907/2675
f 2560/2924/2691 2584/2926/2692 2641/2916/2683 2642/2925/2693
f 2673/2915/2682 2555/2917/2684 2642/2925/2693 2641/2916/2683
f 2650/2923/2690 2554/2918/2685 2672/2877/2650 2651/2909/2677
f 2502/2721/2514 2554/2918/2685 2650/2923/2690
f 2501/2722/2517 2554/2918/2685 2502/2721/2514
f 2642/2925/2693 2555/2917/2684 2503/2754/2540
f 2420/2658/2463 2647/2845/2622 2646/2846/2623 2423/2657/2462
f 2588/2927/2694 2559/2800/2584 2552/2786/2570 2585/2783/2569
f 2645/2928/2695 2421/2659/2464 2423/2660/2462 2646/2929/2623
f 2644/2930/2696 2645/2928/2695 2559/2800/2584 2588/2927/2694
f 2559/2800/2584 2645/2928/2695 2646/2929/2623 2600/2799/2580
f 2425/2656/2461 2421/2659/2464 2645/2928/2695 2644/2930/2696
f 2648/2931/2697 2647/2845/2622 2420/2658/2463 2424/2623/2435
f 2585/2783/2569 2573/2795/2581 2577/2932/2698 2588/2927/2694
f 2588/2927/2694 2577/2932/2698 2643/2933/2699 2644/2930/2696
f 2586/2766/2554 2558/2793/2579 2647/2845/2622 2648/2931/2697
f 2463/2673/2475 2649/2934/2700 2648/2931/2697 2460/2707/2502
f 2586/2766/2554 2648/2931/2697 2649/2934/2700 2576/2765/2551
f 2650/2923/2690 2563/2908/2674 2576/2765/2551 2649/2934/2700
f 2643/2933/2699 2464/2706/2501 2461/2708/2503 2644/2930/2696
f 2560/2924/2691 2642/2925/2693 2643/2933/2699 2577/2932/2698
f 2649/2934/2700 2499/2755/2541 2502/2721/2514 2650/2923/2690
f 2503/2754/2540 2500/2756/2542 2643/2933/2699 2642/2925/2693
f 2463/2673/2475 2499/2755/2541 2649/2934/2700
f 2462/2674/2478 2499/2755/2541 2463/2673/2475
f 2464/2706/2501 2500/2756/2542 2462/2705/2478
f 2643/2933/2699 2500/2756/2542 2464/2706/2501
f 2424/2623/2435 2460/2707/2502 2648/2931/2697
f 2422/2624/2438 2460/2707/2502 2424/2623/2435
f 2425/2656/2461 2461/2708/2503 2422/2655/2438
f 2644/2930/2696 2461/2708/2503 2425/2656/2461
f 2570/2935/2701 2539/2776/2560 2589/2773/2559 2591/2936/2702
f 2570/2935/2701 2578/2937/2703 2582/2906/2676 2539/2776/2560
f 2598/2938/2704 2708/2939/2705 2578/2937/2703 2570/2935/2701
f 2543/2905/2673 2571/2941/2706 2735/2940/2707 2575/2768/2552
f 2564/2797/2582 2541/2791/2577 2587/2767/2553 2736/2942/2708
f 2735/2940/2707 2571/2941/2706 2564/2797/2582 2736/2942/2708
f 2596/2796/2583 2564/2797/2582 2599/2943/2709 2335/2557/2379
f 2571/2941/2706 2543/2905/2673 2582/2906/2676 2578/2937/2703
f 2597/2944/2710 2599/2943/2709 2564/2797/2582 2571/2941/2706
f 2597/2944/2710 2571/2941/2706 2578/2937/2703 2708/2939/2705
f 2553/2945/2711 2561/2844/2621 2718/2914/2681 2717/2946/2712
f 2710/2947/2713 2670/2950/2714 2665/2949/2715 2711/2948/2716
f 2592/2951/2717 2709/2954/2718 2579/2953/2719 2551/2952/2720
f 2551/2952/2720 2573/2795/2581 2593/2784/2572 2592/2951/2717
f 2662/2780/2568 2665/2949/2715 2670/2950/2714 2669/2779/2565
f 2546/2955/2721 2607/2958/2722 2608/2957/2723 2547/2956/2724
f 2610/2775/2561 2553/2945/2711 2590/2959/2725 2609/2774/2562
f 2611/2778/2564 2561/2844/2621 2553/2945/2711 2610/2775/2561
f 2547/2956/2724 2671/2961/2726 2667/2960/2727 2546/2955/2721
f 2711/2948/2716 2665/2949/2715 2548/2963/2728 2713/2962/2729
f 2548/2963/2728 2665/2949/2715 2662/2780/2568 2572/2964/2730
f 2666/2965/2731 2663/2855/2632 2669/2779/2565 2670/2950/2714
f 2714/2966/2732 2666/2965/2731 2670/2950/2714 2710/2947/2713
f 2584/2926/2692 2560/2924/2691 2551/2952/2720 2579/2953/2719
f 2551/2952/2720 2560/2924/2691 2577/2932/2698 2573/2795/2581
f 2709/2954/2718 2590/2959/2725 2553/2945/2711 2717/2946/2712
f 2710/2947/2713 2671/2961/2726 2547/2956/2724 2714/2966/2732
f 2711/2948/2716 2667/2960/2727 2671/2961/2726 2710/2947/2713
f 2713/2962/2729 2546/2955/2721 2667/2960/2727 2711/2948/2716
f 2712/2967/2733 2607/2958/2722 2546/2955/2721 2713/2962/2729
f 2548/2963/2728 2572/2964/2730 2605/2969/2734 2606/2968/2735
f 2548/2963/2728 2606/2968/2735 2712/2967/2733 2713/2962/2729
f 2568/2970/2736 2716/2971/2737 2339/2575/2386 2340/2574/2395
f 2734/2972/2738 2337/2554/2378 2338/2559/2382 2567/2973/2739
f 2574/2974/2740 2734/2972/2738 2567/2973/2739 2542/2975/2741
f 2606/2976/2735 2542/2975/2741 2715/2978/2742 2712/2977/2733
f 2574/2974/2740 2542/2975/2741 2606/2976/2735 2605/2979/2734
f 2569/2980/2743 2568/2970/2736 2340/2574/2395 2341/2576/2396
f 2545/2981/2744 2538/2982/2745 2568/2970/2736 2569/2980/2743
f 2607/2958/2722 2538/2982/2745 2545/2981/2744 2608/2957/2723
f 2538/2982/2745 2607/2958/2722 2712/2967/2733 2715/2983/2742
f 2568/2970/2736 2538/2982/2745 2715/2983/2742 2716/2971/2737
f 2716/2984/2737 2567/2973/2739 2338/2559/2382 2339/2563/2386
f 2715/2978/2742 2542/2975/2741 2567/2973/2739 2716/2984/2737
f 2709/2954/2718 2717/2946/2712 2579/2953/2719
f 2718/2914/2681 2584/2926/2692 2579/2953/2719 2717/2946/2712
f 2584/2926/2692 2718/2914/2681 2719/2913/2680 2641/2916/2683
f 2641/2916/2683 2719/2913/2680 2720/2875/2649 2581/2872/2647
f 2721/2876/2648 2635/2871/2646 2581/2872/2647 2720/2875/2649
f 2722/2828/2608 2623/2823/2603 2635/2871/2646 2721/2876/2648
f 2723/2829/2607 2629/2826/2604 2623/2823/2603 2722/2828/2608
f 2724/2810/2591 2618/2840/2617 2629/2826/2604 2723/2829/2607
f 2618/2840/2617 2724/2810/2591 2725/2811/2547 2615/2839/2615
f 2615/2838/2615 2725/2761/2547 2726/2762/2550 2614/2837/2616
f 2727/2851/2628 2657/2852/2629 2614/2837/2616 2726/2762/2550
f 2728/2836/2613 2661/2854/2631 2657/2852/2629 2727/2851/2628
f 2659/2853/2630 2661/2854/2631 2728/2836/2613 2729/2818/2596
f 2653/2848/2626 2659/2853/2630 2729/2818/2596 2730/2815/2595
f 2621/2820/2602 2653/2848/2626 2730/2815/2595 2731/2843/2619
f 2633/2868/2643 2621/2820/2602 2731/2843/2619 2732/2841/2618
f 2580/2867/2644 2633/2868/2643 2732/2841/2618 2733/2870/2645
f 2545/2981/2744 2569/2980/2743 2591/2936/2702 2589/2773/2559
f 2608/2957/2723 2545/2981/2744 2589/2773/2559 2609/2774/2562
f 2547/2956/2724 2608/2957/2723 2609/2774/2562 2590/2959/2725
f 2714/2966/2732 2547/2956/2724 2590/2959/2725 2709/2954/2718
f 2592/2951/2717 2666/2965/2731 2714/2966/2732 2709/2954/2718
f 2663/2855/2632 2666/2965/2731 2592/2951/2717 2593/2784/2572
f 2593/2784/2572 2594/2785/2571 2550/2804/2586 2663/2855/2632
f 2603/2803/2574 2550/2804/2586 2594/2785/2571 2602/2801/2575
f 2595/2790/2578 2544/2771/2558 2603/2787/2574 2602/2789/2575
f 2596/2796/2583 2565/2769/2556 2544/2771/2558 2595/2790/2578
f 2335/2557/2379 2336/2553/2375 2565/2769/2556 2596/2796/2583
f 2566/2770/2555 2337/2554/2378 2734/2972/2738
f 2574/2974/2740 2540/2772/2557 2566/2770/2555 2734/2972/2738
f 2605/2979/2734 2604/2788/2573 2540/2772/2557 2574/2974/2740
f 2572/2964/2730 2549/2805/2585 2604/2802/2573 2605/2969/2734
f 2662/2780/2568 2664/2781/2567 2549/2805/2585 2572/2964/2730
f 2733/2870/2645 2651/2909/2677 2580/2867/2644
f 2597/2944/2710 2334/2561/2383 2335/2557/2379 2599/2943/2709
f 2343/2578/2398 2708/2939/2705 2598/2938/2704 2342/2577/2397
f 2598/2938/2704 2570/2935/2701 2591/2936/2702 2342/2577/2397
f 2569/2980/2743 2341/2576/2396 2342/2577/2397 2591/2936/2702
f 2334/2561/2383 2343/2578/2398 2385/2565/2387 2376/2562/2384
f 2597/2944/2710 2708/2939/2705 2343/2578/2398 2334/2561/2383
f 2575/2768/2552 2735/2940/2707 2736/2942/2708 2587/2767/2553
f 2740/2988/2425 2306/2610/2424 2305/2612/2427 2741/3076/2426
f 2738/2986/2410 2354/2552/2374 1988/2590/2409 2737/2985/2411
f 1013/2601/1052 2739/2987/2746 2740/2988/2425 1034/2602/1029
f 1034/2602/1029 2740/2988/2425 2741/3076/2426 1012/3077/1026
f 1012/2611/1026 2741/2989/2426 2738/2986/2410 1008/2592/1024
f 2020/2151/2026 2742/2990/2013 2743/2991/2016 1971/2152/2023
f 2739/2987/2746 2744/2992/2418 2745/2993/2419 2740/2988/2425
f 1020/1057/1048 1018/1041/1033 1017/1040/1032 2746/1043/1035
f 1021/1044/1036 1024/1045/1037 1020/1057/1048 2746/1043/1035
f 2748/3004/2747 2757/3007/2748 2756/3006/2749 2747/3005/2750
f 2747/3005/2750 2756/3006/2749 2758/3009/2751 2749/3008/2752
f 2749/3008/2752 2758/3009/2751 2759/3011/2753 2750/3010/2754
f 2750/3010/2754 2759/3011/2753 2760/3013/2755 2751/3012/2756
f 2753/3014/2757 2762/3017/2758 2761/3016/2759 2752/5229/2760
f 2754/3018/2761 2763/3019/2762 2762/3017/2758 2753/3014/2757
f 2755/3020/2763 2764/3021/2764 2763/3019/2762 2754/3018/2761
f 2751/3012/2756 2760/3013/2755 2764/3021/2764 2755/3020/2763
f 2757/3007/2748 2789/3023/2765 2788/3022/2766 2756/3006/2749
f 2756/3006/2749 2788/3022/2766 2787/3024/2767 2758/3009/2751
f 2758/3009/2751 2787/3024/2767 2786/3025/2768 2759/3011/2753
f 2759/3011/2753 2786/3025/2768 2785/3026/2769 2760/3013/2755
f 2762/3017/2758 2782/3028/2770 2790/3027/2771 2761/3016/2759
f 2763/3019/2762 2783/3029/2772 2782/3028/2770 2762/3017/2758
f 2764/3021/2764 2784/3030/2773 2783/3029/2772 2763/3019/2762
f 2760/3013/2755 2785/3026/2769 2784/3030/2773 2764/3021/2764
f 2768/3031/2774 2781/3033/2775 2769/3032/2776
f 2769/3032/2776 2780/3035/2777 2773/3034/2778
f 2774/3036/2779 2776/3039/2780 2777/3038/2781 2775/3037/2782
f 2775/3037/2782 2779/3041/2783 2778/3040/2784 2774/3036/2779
f 2779/3041/2783 2780/3035/2777 2781/3033/2775 2778/3040/2784
f 2766/3042/2785 2776/3039/2780 2774/3036/2779 2765/3043/2786
f 2765/3043/2786 2774/3036/2779 2778/3040/2784 2767/3044/2787
f 2767/3044/2787 2778/3040/2784 2781/3033/2775 2768/3031/2774
f 2771/3045/2788 2775/3037/2782 2777/3038/2781 2770/3046/2789
f 2772/3047/2790 2779/3041/2783 2775/3037/2782 2771/3045/2788
f 2773/3034/2778 2780/3035/2777 2779/3041/2783 2772/3047/2790
f 2780/3035/2777 2769/3032/2776 2781/3033/2775
f 2783/3029/2772 2772/3047/2790 2771/3045/2788 2782/3028/2770
f 2784/3030/2773 2773/3034/2778 2772/3047/2790 2783/3029/2772
f 2785/3026/2769 2769/3032/2776 2773/3034/2778 2784/3030/2773
f 2786/3025/2768 2768/3031/2774 2769/3032/2776 2785/3026/2769
f 2787/3024/2767 2767/3044/2787 2768/3031/2774 2786/3025/2768
f 2788/3022/2766 2765/3043/2786 2767/3044/2787 2787/3024/2767
f 2789/3023/2765 2766/3042/2785 2765/3043/2786 2788/3022/2766
f 2782/3028/2770 2771/3045/2788 2770/3046/2789 2790/3027/2771
f 2792/3074/2791 2794/3073/2792 2793/3050/2793 2791/3049/2794
f 2794/3073/2792 2796/3072/2795 2795/3052/2796 2793/3050/2793
f 2796/3072/2795 2798/3071/2797 2797/3054/2798 2795/3052/2796
f 2798/3071/2797 2800/3070/2799 2799/3056/2800 2797/3054/2798
f 2800/3070/2799 2808/3067/2801 2807/3058/2802 2799/3056/2800
f 2801/3060/2803 2805/3063/2804 2806/3066/2805 2802/3069/2806
f 2802/3069/2806 2804/3065/2807 2803/3064/2808 2801/3060/2803
f 2805/3063/2804 2807/3058/2802 2808/3067/2801 2806/3066/2805
f 2793/3050/2793 1097/1128/1120 1096/1129/1121 2791/3049/2794
f 1097/1128/1120 2793/3050/2793 2795/3052/2796 1098/1130/1122
f 2797/3054/2798 1099/1131/1123 1098/1130/1122 2795/3052/2796
f 2799/3056/2800 1100/1132/1124 1099/1131/1123 2797/3054/2798
f 2803/3064/2808 1104/1136/1128 1103/1135/1127 2801/3060/2803
f 1102/1134/1126 2805/3063/2804 2801/3060/2803 1103/1135/1127
f 1101/1133/1125 2807/3058/2802 2805/3063/2804 1102/1134/1126
f 2799/3056/2800 2807/3058/2802 1101/1133/1125 1100/1132/1124
f 2792/3048/2791 2748/3004/2747 2747/3005/2750 2794/3051/2792
f 2794/3051/2792 2747/3005/2750 2749/3008/2752 2796/3053/2795
f 2796/3053/2795 2749/3008/2752 2750/3010/2754 2798/3055/2797
f 2798/3055/2797 2750/3010/2754 2751/3012/2756 2800/3057/2799
f 2802/3061/2806 2753/3014/2757 2752/5229/2760 2804/5228/2807
f 2806/3062/2805 2754/3018/2761 2753/3014/2757 2802/3061/2806
f 2808/3059/2801 2755/3020/2763 2754/3018/2761 2806/3062/2805
f 2800/3057/2799 2751/3012/2756 2755/3020/2763 2808/3059/2801
f 2809/3080/2809 2810/3081/2810 2811/3082/2811 2812/3083/2812
f 2814/3084/2813 2810/3081/2810 2809/3080/2809 2813/3085/2814
f 2816/3086/2815 2815/3087/2816 2814/3084/2813 2813/3085/2814
f 2816/3086/2815 2817/3088/2817 2818/3089/2818 2815/3087/2816
f 2820/3090/2819 2818/3089/2818 2817/3088/2817 2819/3091/2820
f 2822/3092/2821 2812/3083/2812 2811/3082/2811 2821/3093/2822
f 2821/3093/2822 3099/3094/2823 2823/3095/2824 2822/3092/2821
f 2825/3096/2825 2824/3097/2826 2823/3095/2824 3098/3098/2827
f 2825/3096/2825 2826/3099/2828 2827/3100/2829 2824/3097/2826
f 2829/3101/2830 2827/3100/2829 2826/3099/2828 2828/3102/2831
f 2828/3102/2831 2830/3103/2832 2831/3104/2833 2829/3101/2830
f 2830/3103/2832 2832/3105/2834 2833/3106/2835 2831/3104/2833
f 2832/3105/2834 2834/3107/2836 2835/3108/2837 2833/3106/2835
f 2834/3107/2836 2836/3109/2838 2837/3110/2839 2835/3108/2837
f 2836/3109/2838 2820/3090/2819 2819/3091/2820 2837/3110/2839
f 2839/3111/2840 2838/3112/2841 2813/3085/2814 2809/3080/2809
f 2838/3112/2841 2840/3113/2842 2816/3086/2815 2813/3085/2814
f 2817/3088/2817 2816/3086/2815 2840/3113/2842 2841/3114/2843
f 2819/3091/2820 2817/3088/2817 2841/3114/2843 2842/3115/2844
f 2837/3110/2839 2819/3091/2820 2842/3115/2844 2843/3116/2845
f 2835/3108/2837 2837/3110/2839 2843/3116/2845 2844/3117/2846
f 2844/3117/2846 2845/3118/2847 2833/3106/2835 2835/3108/2837
f 2831/3104/2833 2833/3106/2835 2845/3118/2847 2846/3119/2848
f 2829/3101/2830 2831/3104/2833 2846/3119/2848 2847/3120/2849
f 2827/3100/2829 2829/3101/2830 2847/3120/2849 2848/3121/2850
f 2848/3121/2850 2849/3122/2851 2824/3097/2826 2827/3100/2829
f 2809/3080/2809 2812/3083/2812 2850/3123/2852 2839/3111/2840
f 2851/3124/2853 2850/3123/2852 2812/3083/2812 2822/3092/2821
f 2822/3092/2821 2823/3095/2824 2852/3125/2854 2851/3124/2853
f 2823/3095/2824 2824/3097/2826 2849/3122/2851 2852/3125/2854
f 2854/3126/2855 2853/3127/2856 2850/3123/2852 2851/3124/2853
f 2839/3111/2840 2850/3123/2852 2853/3127/2856 2855/3128/2857
f 2838/3112/2841 2839/3111/2840 2855/3128/2857 2856/3129/2858
f 2840/3113/2842 2838/3112/2841 2856/3129/2858 2857/3130/2859
f 2857/3130/2859 2858/3131/2860 2841/3114/2843 2840/3113/2842
f 2858/3131/2860 2842/3115/2844 2841/3114/2843
f 2852/3125/2854 2854/3126/2855 2851/3124/2853
f 2860/3132/2861 2859/3133/2862 2842/3115/2844 2858/3131/2860
f 2859/3133/2862 2860/3132/2861 915/925/918 916/926/917
f 916/926/917 917/927/920 2861/3134/2863 2859/3133/2862
f 2861/3134/2863 2843/3116/2845 2842/3115/2844 2859/3133/2862
f 2861/3134/2863 2862/3135/2864 2863/3136/2865 2843/3116/2845
f 917/927/920 921/931/923 2862/3135/2864 2861/3134/2863
f 2860/3132/2861 2864/3137/2866 923/933/924 915/925/918
f 2858/3131/2860 2857/3130/2859 2864/3137/2866 2860/3132/2861
f 2865/3138/2867 2864/3137/2866 2857/3130/2859 2856/3129/2858
f 2864/3137/2866 2866/3139/2868 926/936/927 923/933/924
f 2866/3139/2868 2864/3137/2866 2865/3138/2867 2867/3140/2869
f 2856/3129/2858 2855/3128/2857 2868/3141/2870 2865/3138/2867
f 2869/3142/2871 2867/3140/2869 2865/3138/2867 2868/3141/2870
f 2870/3143/2872 2868/3141/2870 2855/3128/2857 2853/3127/2856
f 2853/3127/2856 2854/3126/2855 2871/3144/2873 2870/3143/2872
f 2854/3126/2855 2852/3125/2854 2872/3145/2874 2871/3144/2873
f 2873/3146/2875 2872/3145/2874 2852/3125/2854 2849/3122/2851
f 2844/3117/2846 2843/3116/2845 2863/3136/2865 2874/3147/2876
f 2845/3118/2847 2844/3117/2846 2874/3147/2876 2875/3148/2877
f 2846/3119/2848 2845/3118/2847 2875/3148/2877 2876/3149/2878
f 2847/3120/2849 2846/3119/2848 2876/3149/2878 2877/3150/2879
f 2848/3121/2850 2847/3120/2849 2877/3150/2879 2878/3151/2880
f 2878/3151/2880 2873/3146/2875 2849/3122/2851 2848/3121/2850
f 2879/3152/2881 2862/3135/2864 921/931/923 939/950/942
f 2862/3135/2864 2879/3152/2881 2880/3153/2882 2863/3136/2865
f 2974/3154/2883 2975/3155/2884 2976/3156/2885 2883/3157/2886
f 939/950/942 942/956/949 2881/3158/2887 2879/3152/2881
f 2882/3159/2888 2976/3156/2885 2880/3153/2882 2977/3160/2889
f 2965/3161/2890 2881/3158/2887 942/956/949 946/961/953
f 2964/3162/2891 2971/3163/2892 1095/964/956 948/965/955
f 2884/3164/2893 2973/3165/2894 2974/3154/2883 2883/3157/2886
f 1051/968/960 2966/3166/2895 2963/3167/2896 952/971/961
f 948/965/955 952/971/961 2963/3167/2896 2964/3162/2891
f 2885/3168/2897 2973/3165/2894 2884/3164/2893
f 2887/3169/2898 2888/3170/2899 2889/3171/2900 2895/3172/2901
f 2896/3173/2902 2895/3172/2901 2889/3171/2900 2890/3174/2903
f 2891/3175/2904 2897/3176/2905 2896/3173/2902 2890/3174/2903
f 965/981/973 2898/3177/2906 2892/3178/2907 957/984/974
f 2893/3179/2908 2892/3178/2907 2898/3177/2906 2899/3180/2909
f 2894/3181/2910 2893/3179/2908 2899/3180/2909 2900/3182/2911
f 2891/3175/2904 2894/3181/2910 2900/3182/2911 2897/3176/2905
f 2901/3183/2912 2886/3184/2913 2887/3169/2898 2895/3172/2901
f 2902/3185/2914 2901/3183/2912 2895/3172/2901 2896/3173/2902
f 2903/3186/2915 2902/3185/2914 2896/3173/2902 2897/3176/2905
f 2875/3148/2877 2886/3184/2913 2901/3183/2912 2876/3149/2878
f 2902/3185/2914 2877/3150/2879 2876/3149/2878 2901/3183/2912
f 2903/3186/2915 2878/3151/2880 2877/3150/2879 2902/3185/2914
f 965/981/973 971/993/986 2904/3187/2916 2898/3177/2906
f 2904/3187/2916 2905/3188/2917 2899/3180/2909 2898/3177/2906
f 2905/3188/2917 2906/3189/2918 2900/3182/2911 2899/3180/2909
f 2897/3176/2905 2900/3182/2911 2906/3189/2918 2903/3186/2915
f 2903/3186/2915 2908/3190/2919 2907/3191/2920 2878/3151/2880
f 2906/3189/2918 2909/3192/2921 2908/3190/2919 2903/3186/2915
f 2910/3193/2922 2904/3187/2916 971/993/986 978/1001/993
f 2904/3187/2916 2910/3193/2922 2911/3194/2923 2905/3188/2917
f 2909/3192/2921 2906/3189/2918 2905/3188/2917 2911/3194/2923
f 2907/3191/2920 2912/3195/2924 2873/3146/2875 2878/3151/2880
f 2873/3146/2875 2912/3195/2924 2913/3196/2925 2872/3145/2874
f 2913/3196/2925 2914/3197/2926 2871/3144/2873 2872/3145/2874
f 2914/3197/2926 2915/3198/2927 2870/3143/2872 2871/3144/2873
f 2915/3198/2927 2869/3142/2871 2868/3141/2870 2870/3143/2872
f 2866/3139/2868 2916/3199/2928 986/1008/999 926/936/927
f 2867/3140/2869 2917/3200/2929 2916/3199/2928 2866/3139/2868
f 2869/3142/2871 2918/3201/2930 2917/3200/2929 2867/3140/2869
f 2918/3201/2930 2869/3142/2871 2915/3198/2927 2919/3202/2931
f 2919/3202/2931 2915/3198/2927 2914/3197/2926 2920/3203/2932
f 2914/3197/2926 2913/3196/2925 2921/3204/2933 2920/3203/2932
f 993/3205/1006 998/1015/1009 2927/3206/2934 2922/3207/2935
f 2917/3200/2929 2922/3207/2935 2927/3206/2934 2916/3199/2928
f 2918/3201/2930 2923/3208/2936 2922/3207/2935 2917/3200/2929
f 2923/3208/2936 2918/3201/2930 2919/3202/2931 2924/3209/2937
f 2924/3209/2937 2919/3202/2931 2920/3203/2932 2925/3210/2938
f 2926/3211/2939 2925/3210/2938 2920/3203/2932 3078/3212/2940
f 2927/3206/2934 998/1015/1009 986/1008/999 2916/3199/2928
f 2910/3193/2922 2928/3213/2941 2929/3214/2942 2911/3194/2923
f 1002/1025/1017 2928/3213/2941 2910/3193/2922 978/1001/993
f 2930/3215/2943 2909/3192/2921 2911/3194/2923 2929/3214/2942
f 2909/3192/2921 2930/3215/2943 2931/3216/2944 2908/3190/2919
f 2908/3190/2919 2931/3216/2944 2932/3217/2945 2907/3191/2920
f 2933/3218/2946 2912/3195/2924 2907/3191/2920 2932/3217/2945
f 2912/3195/2924 2933/3218/2946 2921/3204/2933 2913/3196/2925
f 1010/1030/1022 1007/1031/1025 2934/3219/2947 2935/3220/2948
f 2937/3221/2949 2936/3222/2950 2935/3220/2948 2934/3219/2947
f 2936/3222/2950 2937/3221/2949 2952/3223/2951 2953/3224/2952
f 1016/1038/1030 2938/3225/2953 2928/3213/2941 1002/1025/1017
f 1010/1030/1022 2935/3220/2948 2938/3225/2953 1016/1038/1030
f 2928/3213/2941 2938/3225/2953 2939/3226/2954 2929/3214/2942
f 2938/3225/2953 2935/3220/2948 2936/3222/2950 2939/3226/2954
f 2936/3222/2950 2940/3227/2955 2939/3226/2954
f 2936/3222/2950 2953/3224/2952 2954/3228/2956 2940/3227/2955
f 2929/3214/2942 2939/3226/2954 4614/3229/2957 2930/3215/2943
f 2930/3215/2943 4614/3229/2957 2942/3230/2958 2931/3216/2944
f 2945/3231/2959 2943/3232/2960 3029/3233/2961 2942/3230/2958
f 2947/3234/2962 2946/3235/2963 2926/3211/2939 2944/3236/2964
f 2943/3232/2960 2945/3231/2959 2947/3234/2962 2944/3236/2964
f 2946/3235/2963 2948/3237/2965 2925/3210/2938 2926/3211/2939
f 2924/3209/2937 2925/3210/2938 2948/3237/2965 2949/3238/2966
f 2924/3209/2937 2949/3238/2966 2950/3239/2967 2923/3208/2936
f 2951/3240/2968 2922/3207/2935 2923/3208/2936 2950/3239/2967
f 1031/3241/1047 993/3205/1006 2922/3207/2935 2951/3240/2968
f 2954/3228/2956 2955/3242/2969 2941/3243/2970 2940/3227/2955
f 2955/3242/2969 2956/3244/2971 2945/3231/2959 2941/3243/2970
f 2953/3224/2952 2952/3223/2951 1013/3245/1052 1014/3246/1051
f 2954/3228/2956 2953/3224/2952 1014/3246/1051 1019/3247/1053
f 1032/3248/1054 2955/3242/2969 2954/3228/2956 1019/3247/1053
f 1033/3249/1055 2956/3244/2971 2955/3242/2969 1032/3248/1054
f 2956/3244/2971 1033/3249/1055 1039/3250/1057 2957/3251/2972
f 2945/3231/2959 2956/3244/2971 2957/3251/2972 2947/3234/2962
f 2957/3251/2972 1039/3250/1057 1041/3252/1059 2958/3253/2973
f 2947/3234/2962 2957/3251/2972 2958/3253/2973 2946/3235/2963
f 1044/3254/1060 2959/3255/2974 2958/3253/2973 1041/3252/1059
f 2959/3255/2974 2948/3237/2965 2946/3235/2963 2958/3253/2973
f 1046/3256/1062 2960/3257/2975 2959/3255/2974 1044/3254/1060
f 2960/3257/2975 2949/3238/2966 2948/3237/2965 2959/3255/2974
f 1048/3258/1064 2961/3259/2976 2960/3257/2975 1046/3256/1062
f 2961/3259/2976 2950/3239/2967 2949/3238/2966 2960/3257/2975
f 1048/3258/1064 1049/3260/1067 2962/3261/2977 2961/3259/2976
f 2962/3261/2977 1049/3260/1067 1031/3241/1047 2951/3240/2968
f 2961/3259/2976 2962/3261/2977 2951/3240/2968 2950/3239/2967
f 2964/3162/2891 2963/3167/2896 2888/3170/2899 2885/3168/2897
f 2882/3159/2888 2977/3160/2889 2967/3262/2978 2968/3263/2979
f 2885/3168/2897 2884/3164/2893 2970/3264/2980 2969/3265/2981
f 2884/3164/2893 2882/3159/2888 2968/3263/2979 2970/3264/2980
f 2964/3162/2891 2885/3168/2897 2969/3265/2981 2971/3163/2892
f 2968/3263/2979 2967/3262/2978 2972/3266/2982
f 2969/3265/2981 2970/3264/2980 2972/3266/2982
f 2970/3264/2980 2968/3263/2979 2972/3266/2982
f 2967/3262/2978 2971/3163/2892 2972/3266/2982
f 2971/3163/2892 2969/3265/2981 2972/3266/2982
f 2883/3157/2886 2976/3156/2885 2882/3159/2888 2884/3164/2893
f 2885/3168/2897 2888/3170/2899 2887/3169/2898 2973/3165/2894
f 2974/3154/2883 2973/3165/2894 2887/3169/2898 2886/3184/2913
f 2875/3148/2877 2874/3147/2876 2974/3154/2883 2886/3184/2913
f 2874/3147/2876 2975/3155/2884 2974/3154/2883
f 2874/3147/2876 2863/3136/2865 2880/3153/2882 2975/3155/2884
f 2976/3156/2885 2975/3155/2884 2880/3153/2882
f 2881/3158/2887 2977/3160/2889 2880/3153/2882 2879/3152/2881
f 2967/3262/2978 2977/3160/2889 2881/3158/2887 2965/3161/2890
f 2811/3082/2811 2810/3081/2810 2978/3267/2983 2979/3268/2984
f 2810/3081/2810 2814/3084/2813 2980/3269/2985 2978/3267/2983
f 2814/3084/2813 2815/3087/2816 2981/3270/2986 2980/3269/2985
f 2815/3087/2816 2818/3089/2818 2982/3271/2987 2981/3270/2986
f 2818/3089/2818 2820/3090/2819 2983/3272/2988 2982/3271/2987
f 2821/3093/2822 2811/3082/2811 2979/3268/2984 2984/3273/2989
f 2826/3099/2828 2825/3096/2825 2985/3274/2990 2986/3275/2991
f 2828/3102/2831 2826/3099/2828 2986/3275/2991 2987/3276/2992
f 2830/3103/2832 2828/3102/2831 2987/3276/2992 2988/3277/2993
f 2832/3105/2834 2830/3103/2832 2988/3277/2993 2989/3278/2994
f 2834/3107/2836 2832/3105/2834 2989/3278/2994 2990/3279/2995
f 2836/3109/2838 2834/3107/2836 2990/3279/2995 2991/3280/2996
f 2820/3090/2819 2836/3109/2838 2991/3280/2996 2983/3272/2988
f 2979/3268/2984 2978/3267/2983 2992/3281/2997 2993/3282/2998
f 2978/3267/2983 2980/3269/2985 2994/3283/2999 2992/3281/2997
f 2980/3269/2985 2981/3270/2986 2995/3284/3000 2994/3283/2999
f 2981/3270/2986 2982/3271/2987 2996/3285/3001 2995/3284/3000
f 2982/3271/2987 2983/3272/2988 2997/3286/3002 2996/3285/3001
f 2984/3273/2989 2979/3268/2984 2993/3282/2998 2998/3287/3003
f 2986/3275/2991 2985/3274/2990 2999/3288/3004 3000/3289/3005
f 2987/3276/2992 2986/3275/2991 3000/3289/3005 3001/3290/3006
f 2988/3277/2993 2987/3276/2992 3001/3290/3006 3002/3291/3007
f 2989/3278/2994 2988/3277/2993 3002/3291/3007 3003/3292/3008
f 2990/3279/2995 2989/3278/2994 3003/3292/3008 3004/3293/3009
f 2991/3280/2996 2990/3279/2995 3004/3293/3009 3005/3294/3010
f 2983/3272/2988 2991/3280/2996 3005/3294/3010 2997/3286/3002
f 1095/964/956 2971/3163/2892 2967/3262/2978 1123/1109/1101
f 1106/1110/1102 1105/1111/1105 3014/3295/3011 3013/3296/3012
f 3013/3296/3012 3014/3295/3011 3016/3297/3013 3015/3298/3014
f 3015/3298/3014 3016/3297/3013 3018/3299/3015 3017/3300/3016
f 3017/3300/3016 3018/3299/3015 3020/3301/3017 3019/3302/3018
f 3019/3302/3018 3020/3301/3017 3026/3303/3019 3025/3304/3020
f 3021/3305/3021 3022/3306/3022 1118/1124/1116 1117/1125/1115
f 3022/3306/3022 3021/3305/3021 3023/3307/3023 3024/3308/3024
f 3024/3308/3024 3023/3307/3023 3025/3304/3020 3026/3303/3019
f 2889/3171/2900 2888/3170/2899 3013/3296/3012 3015/3298/3014
f 3015/3298/3014 3017/3300/3016 2890/3174/2903 2889/3171/2900
f 3019/3302/3018 2891/3175/2904 2890/3174/2903 3017/3300/3016
f 3021/3305/3021 1117/1125/1115 957/984/974 2892/3178/2907
f 3023/3307/3023 3021/3305/3021 2892/3178/2907 2893/3179/2908
f 2893/3179/2908 2894/3181/2910 3025/3304/3020 3023/3307/3023
f 2894/3181/2910 2891/3175/2904 3019/3302/3018 3025/3304/3020
f 2888/3170/2899 2963/3167/2896 2966/3166/2895 3013/3296/3012
f 3013/3296/3012 2966/3166/2895 1051/968/960 1106/1110/1102
f 3006/3309/3025 1096/1129/1121 1118/1124/1116 3022/3306/3022
f 3022/3306/3022 3024/3308/3024 3007/3310/3026 3006/3309/3025
f 3008/3311/3027 3007/3310/3026 3024/3308/3024 3026/3303/3019
f 3009/3312/3028 3008/3311/3027 3026/3303/3019 3020/3301/3017
f 3010/3313/3029 3009/3312/3028 3020/3301/3017 3018/3299/3015
f 3018/3299/3015 3016/3297/3013 3011/3314/3030 3010/3313/3029
f 3016/3297/3013 3014/3295/3011 3012/3315/3031 3011/3314/3030
f 1104/1136/1128 3012/3315/3031 3014/3295/3011 1105/1111/1105
f 1123/1109/1101 2967/3262/2978 2965/3161/2890 946/961/953
f 3027/3316/3032 3089/3317/3033 2921/3204/2933 2933/3218/2946
f 2932/3217/2945 3028/3318/3034 3027/3316/3032 2933/3218/2946
f 2931/3216/2944 3080/3319/3035 3028/3318/3034 2932/3217/2945
f 3029/3233/2961 3080/3319/3035 2931/3216/2944 2942/3230/2958
f 3046/3320/3036 3047/3321/3037 3048/3322/3038 3049/3323/3039
f 3029/3233/2961 2943/3232/2960 3036/3324/3040 3037/3325/3041
f 3050/3326/3042 3046/3320/3036 3049/3323/3039 3051/3327/3043
f 2943/3232/2960 2944/3236/2964 3035/3328/3044 3036/3324/3040
f 2944/3236/2964 2926/3211/2939 3034/3329/3045 3035/3328/3044
f 3052/3330/3046 3050/3326/3042 3051/3327/3043 3053/3331/3047
f 3051/3327/3043 3049/3323/3039 3054/3332/3048 3055/3333/3049
f 3053/3331/3047 3051/3327/3043 3055/3333/3049 3056/3334/3050
f 3035/3328/3044 3034/3329/3045 3038/3335/3051 3039/3336/3052
f 3036/3324/3040 3035/3328/3044 3039/3336/3052 3040/3337/3053
f 3037/3325/3041 3036/3324/3040 3040/3337/3053 3041/3338/3054
f 3049/3323/3039 3048/3322/3038 3057/3339/3055 3054/3332/3048
f 3055/3333/3049 3054/3332/3048 3058/3340/3056 3059/3341/3057
f 3056/3334/3050 3055/3333/3049 3059/3341/3057 3060/3342/3058
f 3039/3336/3052 3038/3335/3051 3033/3343/3059 3032/3344/3060
f 3040/3337/3053 3039/3336/3052 3032/3344/3060 3030/3345/3061
f 3041/3338/3054 3040/3337/3053 3030/3345/3061 3031/3346/3062
f 3054/3332/3048 3057/3339/3055 3061/3347/3063 3058/3340/3056
f 3028/3318/3034 3080/3319/3035 3043/3348/3064 3042/3349/3065
f 3027/3316/3032 3028/3318/3034 3042/3349/3065 3044/3350/3066
f 3042/3349/3065 3043/3348/3064 3047/3321/3037 3046/3320/3036
f 3043/3348/3064 3066/3351/3067 3048/3322/3038 3047/3321/3037
f 3044/3350/3066 3042/3349/3065 3046/3320/3036 3050/3326/3042
f 3045/3352/3068 3044/3350/3066 3050/3326/3042 3052/3330/3046
f 3062/3353/3069 3045/3352/3068 3052/3330/3046 3053/3331/3047
f 3063/3354/3070 3062/3353/3069 3065/3355/3071 3064/3356/3072
f 3064/3356/3072 3065/3355/3071 3075/3357/3073 3074/3358/3074
f 3066/3351/3067 3067/3359/3075 3068/3360/3076 3069/3361/3077
f 3069/3361/3077 3068/3360/3076 3076/3362/3078 3077/3363/3079
f 3070/3364/3080 3071/3365/3081 3077/3363/3079 3076/3362/3078
f 3071/3365/3081 3070/3364/3080 3072/3366/3082 3073/3367/3083
f 3073/3367/3083 3072/3366/3082 3074/3358/3074 3075/3357/3073
f 3065/3355/3071 3062/3353/3069 3053/3331/3047 3056/3334/3050
f 3066/3351/3067 3069/3361/3077 3057/3339/3055 3048/3322/3038
f 3071/3365/3081 3073/3367/3083 3059/3341/3057 3058/3340/3056
f 3073/3367/3083 3075/3357/3073 3060/3342/3058 3059/3341/3057
f 3075/3357/3073 3065/3355/3071 3056/3334/3050 3060/3342/3058
f 3069/3361/3077 3077/3363/3079 3061/3347/3063 3057/3339/3055
f 3077/3363/3079 3071/3365/3081 3058/3340/3056 3061/3347/3063
f 3062/3353/3069 3063/3354/3070 3045/3352/3068
f 3066/3351/3067 3043/3348/3064 3067/3359/3075
f 3089/3317/3033 3078/3212/2940 2920/3203/2932 2921/3204/2933
f 3089/3317/3033 3027/3316/3032 3044/3350/3066 3045/3352/3068
f 3079/3368/3084 3080/3319/3035 3081/3369/3085 3082/3370/3086
f 3082/3370/3086 3081/3369/3085 3096/3371/3087 3097/3372/3088
f 3083/3373/3089 3084/3374/3090 3086/3375/3091 3085/3376/3092
f 3084/3374/3090 3083/3373/3089 3087/3377/3093 3088/3378/3094
f 3085/3376/3092 3086/3375/3091 3097/3372/3088 3096/3371/3087
f 3088/3378/3094 3087/3377/3093 3092/3379/3095 3093/3380/3096
f 3078/3212/2940 3089/3317/3033 3091/3381/3097 3090/3382/3098
f 3090/3382/3098 3091/3381/3097 3095/3383/3099 3094/3384/3100
f 3093/3380/3096 3092/3379/3095 3094/3384/3100 3095/3383/3099
f 3030/3345/3061 3083/3373/3089 3085/3376/3092 3031/3346/3062
f 3087/3377/3093 3083/3373/3089 3030/3345/3061 3032/3344/3060
f 3032/3344/3060 3033/3343/3059 3092/3379/3095 3087/3377/3093
f 3081/3369/3085 3080/3319/3035 3029/3233/2961 3037/3325/3041
f 2926/3211/2939 3078/3212/2940 3090/3382/3098 3034/3329/3045
f 3034/3329/3045 3090/3382/3098 3094/3384/3100 3038/3335/3051
f 3081/3369/3085 3037/3325/3041 3041/3338/3054 3096/3371/3087
f 3038/3335/3051 3094/3384/3100 3092/3379/3095 3033/3343/3059
f 3096/3371/3087 3041/3338/3054 3031/3346/3062 3085/3376/3092
f 3079/3368/3084 3082/3370/3086 3067/3359/3075 3043/3348/3064
f 3091/3381/3097 3089/3317/3033 3045/3352/3068 3063/3354/3070
f 3095/3383/3099 3091/3381/3097 3063/3354/3070 3064/3356/3072
f 3082/3370/3086 3097/3372/3088 3068/3360/3076 3067/3359/3075
f 3084/3374/3090 3088/3378/3094 3072/3366/3082 3070/3364/3080
f 3088/3378/3094 3093/3380/3096 3074/3358/3074 3072/3366/3082
f 3093/3380/3096 3095/3383/3099 3064/3356/3072 3074/3358/3074
f 3097/3372/3088 3086/3375/3091 3076/3362/3078 3068/3360/3076
f 3086/3375/3091 3084/3374/3090 3070/3364/3080 3076/3362/3078
f 3043/3348/3064 3080/3319/3035 3079/3368/3084
f 3098/3098/2827 3099/3094/2823 3101/3385/3101 3100/3386/3102
f 3100/3386/3102 3101/3385/3101 3103/3387/3103 3102/3388/3104
f 3101/3385/3101 3099/3094/2823 2821/3093/2822 2984/3273/2989
f 2825/3096/2825 3098/3098/2827 3100/3386/3102 2985/3274/2990
f 3101/3385/3101 2984/3273/2989 2998/3287/3003 3103/3387/3103
f 2985/3274/2990 3100/3386/3102 3102/3388/3104 2999/3288/3004
f 3098/3098/2827 2823/3095/2824 3099/3094/2823
f 3104/3389/3105 3106/3390/3106 3108/3391/3107 3110/3392/3108
f 3106/3390/3106 3105/3393/3109 3109/3394/3110 3108/3391/3107
f 3104/3389/3105 3110/3392/3108 3115/3395/3111
f 3111/3396/3112 3109/3397/3110 3105/3398/3109 3107/3399/3113
f 3108/3391/3107 3109/3394/3110 3112/3400/3114 3113/3401/3115
f 3110/3392/3108 3108/3391/3107 3113/3401/3115 3116/3402/3116
f 3114/3403/3117 3104/3389/3105 3115/3395/3111 3124/3404/3118
f 3117/3405/3119 3112/3406/3114 3109/3397/3110 3111/3396/3112
f 3113/3401/3115 3112/3400/3114 3118/3407/3120 3119/3408/3121
f 3116/3402/3116 3113/3401/3115 3119/3408/3121 3125/3409/3122
f 3110/3392/3108 3116/3402/3116 3120/3410/3123 3115/3395/3111
f 3122/3411/3124 3111/3396/3112 3107/3399/3113
f 3118/3412/3120 3112/3406/3114 3117/3405/3119 3129/3413/3125
f 3119/3408/3121 3118/3407/3120 3126/3414/3126 3127/3415/3127
f 3121/3416/3128 3114/3403/3117 3124/3404/3118 3138/3417/3129
f 3125/3409/3122 3119/3408/3121 3127/3415/3127 3130/3418/3130
f 3117/3405/3119 3111/3396/3112 3122/3411/3124 3133/3419/3131
f 3124/3404/3118 3115/3395/3111 3120/3410/3123 3132/3420/3132
f 3116/3402/3116 3125/3409/3122 3128/3421/3133 3120/3410/3123
f 3126/3422/3126 3118/3412/3120 3129/3413/3125 3141/3423/3134
f 3134/3424/3135 3122/3411/3124 3107/3399/3113 3123/3425/3136
f 3130/3418/3130 3127/3415/3127 3135/3426/3137 3139/3427/3138
f 3125/3409/3122 3130/3418/3130 3136/3428/3139 3128/3421/3133
f 3127/3415/3127 3126/3414/3126 3137/3429/3140 3135/3426/3137
f 3129/3413/3125 3117/3405/3119 3133/3419/3131 3147/3430/3141
f 3124/3404/3118 3132/3420/3132 3140/3431/3142 3138/3417/3129
f 3133/3419/3131 3122/3411/3124 3134/3424/3135 3149/3432/3143
f 3137/3433/3140 3126/3422/3126 3141/3423/3134 3151/3434/3144
f 3134/3424/3135 3123/3425/3136 3131/3435/3145 3144/3436/3146
f 3139/3427/3138 3135/3426/3137 3142/3437/3147 3148/3438/3148
f 3130/3418/3130 3139/3427/3138 3143/3439/3149 3136/3428/3139
f 3144/3436/3146 3131/3435/3145 3121/3416/3128 3138/3417/3129
f 3132/3420/3132 3120/3410/3123 3145/3440/3150 3150/3441/3151
f 3145/3440/3150 3120/3410/3123 3128/3421/3133 3153/3442/3152
f 3135/3426/3137 3137/3429/3140 3146/3443/3153 3142/3437/3147
f 3141/3423/3134 3129/3413/3125 3147/3430/3141 3156/3444/3154
f 3132/3420/3132 3150/3441/3151 3140/3431/3142
f 3147/3430/3141 3133/3419/3131 3149/3432/3143 3159/3445/3155
f 3146/3446/3153 3137/3433/3140 3151/3434/3144 3158/3447/3156
f 3139/3427/3138 3148/3438/3148 3152/3448/3157 3143/3439/3149
f 3153/3442/3152 3128/3421/3133 3136/3428/3139 3163/3449/3158
f 3138/3417/3129 3140/3431/3142 3154/3450/3159 3144/3436/3146
f 3134/3424/3135 3144/3436/3146 3154/3450/3159 3149/3432/3143
f 3155/3451/3160 3148/3438/3148 3142/3437/3147 3146/3443/3153
f 3151/3434/3144 3141/3423/3134 3156/3444/3154 3164/3452/3161
f 3140/3431/3142 3150/3441/3151 3157/3453/3162 3154/3450/3159
f 3155/3454/3160 3146/3446/3153 3158/3447/3156 3170/3455/3163
f 3160/3456/3164 3148/3438/3148 3155/3451/3160 3169/3457/3165
f 3136/3428/3139 3143/3439/3149 3161/3458/3166 3163/3449/3158
f 3156/3444/3154 3147/3430/3141 3159/3445/3155 3168/3459/3167
f 3162/3460/3168 3149/3432/3143 3154/3450/3159 3157/3453/3162
f 3150/3441/3151 3145/3440/3150 3162/3460/3168 3157/3453/3162
f 3165/3461/3169 3152/3448/3157 3148/3438/3148 3160/3456/3164
f 3158/3447/3156 3151/3434/3144 3164/3452/3161 3170/3455/3163
f 3159/3445/3155 3149/3432/3143 3162/3460/3168 3167/3462/3170
f 3143/3439/3149 3152/3448/3157 3166/3463/3171 3161/3458/3166
f 3145/3440/3150 3153/3442/3152 3167/3462/3170 3162/3460/3168
f 3171/3464/3172 3164/3452/3161 3156/3444/3154 3168/3459/3167
f 3153/3442/3152 3163/3449/3158 3172/3465/3173 3167/3462/3170
f 3168/3459/3167 3159/3445/3155 3167/3462/3170 3172/3465/3173
f 3173/3466/3174 3160/3456/3164 3169/3457/3165 3177/3467/3175
f 3165/3461/3169 3160/3456/3164 3173/3466/3174 3178/3468/3176
f 3170/3455/3163 3164/3452/3161 3171/3464/3172 3179/3469/3177
f 3152/3448/3157 3165/3461/3169 3174/3470/3178 3166/3463/3171
f 3175/3471/3179 3169/3472/3165 3155/3454/3160 3170/3455/3163
f 3163/3449/3158 3161/3458/3166 3176/3473/3180 3172/3465/3173
f 3171/3464/3172 3168/3459/3167 3172/3465/3173 3176/3473/3180
f 3161/3458/3166 3166/3463/3171 3180/3474/3181 3176/3473/3180
f 3174/3470/3178 3165/3461/3169 3178/3468/3176 3185/3475/3182
f 3179/3469/3177 3171/3464/3172 3176/3473/3180 3180/3474/3181
f 3175/3471/3179 3170/3455/3163 3179/3469/3177 3186/3476/3183
f 3181/3477/3184 3177/3478/3175 3169/3472/3165 3175/3471/3179
f 3178/3468/3176 3173/3466/3174 3182/3479/3185 3187/3480/3186
f 3173/3466/3174 3177/3467/3175 3183/3481/3187 3182/3479/3185
f 3166/3463/3171 3174/3470/3178 3184/3482/3188 3180/3474/3181
f 3186/3476/3183 3179/3469/3177 3180/3474/3181 3184/3482/3188
f 3185/3475/3182 3178/3468/3176 3187/3480/3186 3192/3483/3189
f 3181/3477/3184 3175/3471/3179 3186/3476/3183 3193/3484/3190
f 3188/3485/3191 3183/3486/3187 3177/3478/3175 3181/3477/3184
f 3174/3470/3178 3185/3475/3182 3189/3487/3192 3184/3482/3188
f 3187/3480/3186 3182/3479/3185 3190/3488/3193 3194/3489/3194
f 3182/3479/3185 3183/3481/3187 3191/3490/3195 3190/3488/3193
f 3193/3484/3190 3186/3476/3183 3184/3482/3188 3189/3487/3192
f 3191/3491/3195 3183/3486/3187 3188/3485/3191 3199/3492/3196
f 3192/3483/3189 3187/3480/3186 3194/3489/3194 3200/3493/3197
f 3195/3494/3198 3188/3485/3191 3181/3477/3184 3193/3484/3190
f 3194/3489/3194 3190/3488/3193 3196/3495/3199 3201/3496/3200
f 3185/3475/3182 3192/3483/3189 3197/3497/3201 3189/3487/3192
f 3190/3488/3193 3191/3490/3195 3198/3498/3202 3196/3495/3199
f 3195/3494/3198 3193/3484/3190 3189/3487/3192 3197/3497/3201
f 3198/3499/3202 3191/3491/3195 3199/3492/3196 3205/3500/3203
f 3199/3492/3196 3188/3485/3191 3195/3494/3198 3208/3501/3204
f 3200/3493/3197 3194/3489/3194 3201/3496/3200 3207/3502/3205
f 3201/3496/3200 3196/3495/3199 3202/3503/3206 3206/3504/3207
f 3196/3495/3199 3198/3498/3202 3203/3505/3208 3202/3503/3206
f 3192/3483/3189 3200/3493/3197 3204/3506/3209 3197/3497/3201
f 3203/3507/3208 3198/3499/3202 3205/3500/3203 3213/3508/3210
f 3208/3501/3204 3195/3494/3198 3197/3497/3201 3204/3506/3209
f 3206/3504/3207 3202/3503/3206 3209/3509/3211 3211/3510/3212
f 3202/3503/3206 3203/3505/3208 3210/3511/3213 3209/3509/3211
f 3207/3502/3205 3201/3496/3200 3206/3504/3207 3218/3512/3214
f 3205/3500/3203 3199/3492/3196 3208/3501/3204 3217/3513/3215
f 3211/3510/3212 3209/3509/3211 3212/3514/3216 3219/3515/3217
f 3214/3516/3218 3212/3514/3216 3209/3509/3211 3210/3511/3213
f 3210/3517/3213 3203/3507/3208 3213/3508/3210 3226/3518/3219
f 3200/3493/3197 3207/3502/3205 3215/3519/3220 3204/3506/3209
f 3216/3520/3221 3212/3514/3216 3214/3516/3218 3221/3521/3222
f 3218/3512/3214 3206/3504/3207 3211/3510/3212 3229/3522/3223
f 3212/3514/3216 3216/3520/3221 3220/3523/3224 3219/3515/3217
f 3217/3513/3215 3208/3501/3204 3204/3506/3209 3215/3519/3220
f 3213/3508/3210 3205/3500/3203 3217/3513/3215 3236/3524/3225
f 3223/3525/3226 3222/3526/3227 3216/3520/3221 3221/3521/3222
f 3220/3523/3224 3216/3520/3221 3222/3526/3227 3233/3527/3228
f 3224/3528/3229 3225/3529/3230 3222/3526/3227 3223/3525/3226
f 3227/3530/3231 3214/3531/3218 3210/3517/3213 3226/3518/3219
f 3222/3526/3227 3225/3529/3230 3228/3532/3232 3233/3527/3228
f 3215/3519/3220 3207/3502/3205 3218/3512/3214 3243/3533/3233
f 3229/3522/3223 3211/3510/3212 3219/3515/3217 3240/3534/3234
f 3221/3535/3222 3230/3536/3235 3223/3537/3226
f 3228/3532/3232 3225/3529/3230 3231/3538/3236 3237/3539/3237
f 3225/3529/3230 3224/3528/3229 3232/3540/3238 3231/3538/3236
f 3234/3541/3239 3221/3535/3222 3214/3531/3218 3227/3530/3231
f 3235/3542/3240 3224/3543/3229 3223/3537/3226 3230/3536/3235
f 3226/3518/3219 3213/3508/3210 3236/3524/3225 3248/3544/3241
f 3219/3515/3217 3220/3523/3224 3238/3545/3242 3240/3534/3234
f 3230/3536/3235 3221/3535/3222 3234/3541/3239 3249/3546/3243
f 3236/3524/3225 3217/3513/3215 3215/3519/3220 3243/3533/3233
f 3239/3547/3244 3231/3538/3236 3232/3540/3238 3245/3548/3245
f 3237/3539/3237 3231/3538/3236 3239/3547/3244 3247/3549/3246
f 3233/3527/3228 3228/3532/3232 3241/3550/3247
f 3241/3550/3247 3228/3532/3232 3237/3539/3237 3250/3551/3248
f 3242/3552/3249 3232/3553/3238 3224/3543/3229 3235/3542/3240
f 3243/3533/3233 3218/3512/3214 3229/3522/3223 3254/3554/3250
f 3220/3523/3224 3233/3527/3228 3244/3555/3251 3238/3545/3242
f 3246/3556/3252 3233/3527/3228 3241/3550/3247
f 3227/3530/3231 3226/3518/3219 3248/3544/3241 3256/3557/3253
f 3251/3558/3254 3235/3542/3240 3230/3536/3235 3249/3546/3243
f 3252/3559/3255 3239/3547/3244 3245/3548/3245 3257/3560/3256
f 3253/3561/3257 3233/3527/3228 3246/3556/3252 3258/3562/3258
f 3247/3549/3246 3239/3547/3244 3252/3559/3255 3261/3563/3259
f 3250/3551/3248 3237/3539/3237 3247/3549/3246 3269/3564/3260
f 3244/3555/3251 3233/3527/3228 3253/3561/3257 3264/3565/3261
f 3254/3554/3250 3229/3522/3223 3240/3534/3234 3267/3566/3262
f 3248/3544/3241 3236/3524/3225 3243/3533/3233 3254/3554/3250
f 3246/3556/3252 3241/3550/3247 3250/3551/3248 3260/3567/3263
f 3255/3568/3264 3245/3569/3245 3232/3553/3238 3242/3552/3249
f 3234/3541/3239 3227/3530/3231 3256/3557/3253 3262/3570/3265
f 3242/3552/3249 3235/3542/3240 3251/3558/3254 3276/3571/3266
f 3258/3562/3258 3259/3572/3267 3253/3561/3257
f 3258/3562/3258 3246/3556/3252 3260/3567/3263 3265/3573/3268
f 3249/3546/3243 3234/3541/3239 3262/3570/3265 3275/3574/3269
f 3257/3575/3256 3245/3569/3245 3255/3568/3264 3281/3576/3270
f 3240/3534/3234 3238/3545/3242 3263/3577/3271 3267/3566/3262
f 3259/3572/3267 3258/3562/3258 3265/3573/3268 3272/3578/3272
f 3252/3559/3255 3257/3560/3256 3266/3579/3273 3271/3580/3274
f 3253/3561/3257 3259/3572/3267 3268/3581/3275
f 3256/3557/3253 3248/3544/3241 3254/3554/3250 3267/3566/3262
f 3270/3582/3276 3238/3545/3242 3244/3555/3251
f 3261/3563/3259 3252/3559/3255 3271/3580/3274 3289/3583/3277
f 3268/3581/3275 3259/3572/3267 3272/3578/3272 3278/3584/3278
f 3273/3585/3279 3264/3565/3261 3253/3561/3257 3268/3581/3275
f 3260/3567/3263 3250/3551/3248 3269/3564/3260 3280/3586/3280
f 3269/3564/3260 3247/3549/3246 3261/3563/3259 3287/3587/3281
f 3263/3577/3271 3238/3545/3242 3270/3582/3276 3284/3588/3282
f 3244/3555/3251 3264/3565/3261 3274/3589/3283 3270/3582/3276
f 3262/3570/3265 3256/3557/3253 3267/3566/3262 3263/3577/3271
f 3255/3568/3264 3242/3552/3249 3276/3571/3266 3294/3590/3284
f 3277/3591/3285 3251/3558/3254 3249/3546/3243 3275/3574/3269
f 3279/3592/3286 3266/3593/3273 3257/3575/3256 3281/3576/3270
f 3265/3573/3268 3260/3567/3263 3280/3586/3280 3282/3594/3287
f 3273/3585/3279 3268/3581/3275 3278/3584/3278 3288/3595/3288
f 3272/3578/3272 3265/3573/3268 3282/3594/3287 3290/3596/3289
f 3275/3574/3269 3262/3570/3265 3263/3577/3271 3284/3588/3282
f 3271/3580/3274 3266/3579/3273 3283/3597/3290 3291/3598/3291
f 3264/3565/3261 3273/3585/3279 3285/3599/3292 3274/3589/3283
f 3286/3600/3293 3278/3584/3278 3272/3578/3272 3290/3596/3289
f 3276/3571/3266 3251/3558/3254 3277/3591/3285 3307/3601/3294
f 3292/3602/3295 3283/3603/3290 3266/3593/3273 3279/3592/3286
f 3270/3582/3276 3274/3589/3283 3293/3604/3296 3284/3588/3282
f 3280/3586/3280 3269/3564/3260 3287/3587/3281 3298/3605/3297
f 3288/3595/3288 3278/3584/3278 3286/3600/3293 3304/3606/3298
f 3291/3598/3291 3283/3597/3290 3295/3607/3299
f 3295/3607/3299 3283/3597/3290 3296/3608/3300
f 3285/3599/3292 3273/3585/3279 3288/3595/3288 3313/3609/3301
f 3281/3576/3270 3255/3568/3264 3294/3590/3284 3323/3610/3302
f 3289/3583/3277 3271/3580/3274 3291/3598/3291 3312/3611/3303
f 3287/3587/3281 3261/3563/3259 3289/3583/3277 3326/3612/3304
f 3297/3613/3305 3275/3574/3269 3284/3588/3282 3293/3604/3296
f 3282/3594/3287 3280/3586/3280 3298/3605/3297 3310/3614/3306
f 3299/3615/3307 3296/3616/3300 3283/3603/3290 3292/3602/3295
f 3291/3598/3291 3295/3607/3299 3300/3617/3308
f 3279/3592/3286 3281/3576/3270 3301/3618/3309
f 3275/3574/3269 3302/3619/3310 3277/3591/3285
f 3295/3607/3299 3296/3608/3300 3303/3620/3311 3306/3621/3312
f 3292/3602/3295 3279/3592/3286 3301/3618/3309 3317/3622/3313
f 3286/3600/3293 3290/3596/3289 3305/3623/3314 3311/3624/3315
f 3300/3617/3308 3295/3607/3299 3306/3621/3312 3314/3625/3316
f 3308/3626/3317 3290/3596/3289 3282/3594/3287 3310/3614/3306
f 3309/3627/3318 3293/3604/3296 3274/3589/3283 3285/3599/3292
f 3302/3619/3310 3275/3574/3269 3297/3613/3305
f 3312/3611/3303 3291/3598/3291 3300/3617/3308 3325/3628/3319
f 3294/3590/3284 3276/3571/3266 3307/3601/3294 3349/3629/3320
f 3296/3616/3300 3299/3615/3307 3315/3630/3321 3303/3631/3311
f 3313/3609/3301 3288/3595/3288 3304/3606/3298 3340/3632/3322
f 3286/3600/3293 3311/3624/3315 3316/3633/3323 3304/3606/3298
f 3305/3623/3314 3290/3596/3289 3308/3626/3317 3327/3634/3324
f 3299/3615/3307 3292/3602/3295 3317/3622/3313 3332/3635/3325
f 3318/3636/3326 3311/3624/3315 3305/3623/3314 3321/3637/3327
f 3297/3613/3305 3293/3604/3296 3309/3627/3318 3338/3638/3328
f 3319/3639/3329 3301/3618/3309 3281/3576/3270
f 3306/3621/3312 3303/3620/3311 3320/3640/3330 3322/3641/3331
f 3314/3625/3316 3306/3621/3312 3322/3641/3331 3333/3642/3332
f 3300/3617/3308 3314/3625/3316 3324/3643/3333 3325/3628/3319
f 3309/3627/3318 3285/3599/3292 3313/3609/3301 3351/3644/3334
f 3298/3605/3297 3287/3587/3281 3326/3612/3304 3374/3645/3335
f 3321/3637/3327 3305/3623/3314 3327/3634/3324 3335/3646/3336
f 3328/3647/3337 3318/3636/3326 3321/3637/3327 3330/3648/3338
f 3320/3649/3330 3303/3631/3311 3315/3630/3321 3350/3650/3339
f 3311/3624/3315 3318/3636/3326 3329/3651/3340 3316/3633/3323
f 3277/3591/3285 3302/3619/3310 3331/3652/3341 3307/3601/3294
f 3319/3639/3329 3281/3576/3270 3323/3610/3302
f 3325/3628/3319 3334/3653/3342 3312/3611/3303
f 3330/3648/3338 3321/3637/3327 3335/3646/3336 3354/3654/3343
f 3289/3583/3277 3312/3611/3303 3336/3655/3344
f 3308/3626/3317 3310/3614/3306 3337/3656/3345 3363/3657/3346
f 3317/3622/3313 3301/3618/3309 3319/3639/3329 3353/3658/3347
f 3302/3619/3310 3297/3613/3305 3338/3638/3328 3331/3652/3341
f 3339/3659/3348 3315/3630/3321 3299/3615/3307 3332/3635/3325
f 3340/3632/3322 3304/3606/3298 3316/3633/3323 3367/3660/3349
f 3310/3614/3306 3298/3605/3297 3341/3661/3350 3337/3656/3345
f 3342/3662/3351 3322/3641/3331 3320/3640/3330 3348/3663/3352
f 3343/3664/3353 3324/3643/3333 3314/3625/3316 3333/3642/3332
f 3344/3665/3354 3312/3611/3303 3334/3653/3342
f 3318/3636/3326 3328/3647/3337 3345/3666/3355 3329/3651/3340
f 3333/3642/3332 3322/3641/3331 3342/3662/3351 3355/3667/3356
f 3346/3668/3357 3334/3653/3342 3325/3628/3319 3352/3669/3358
f 3325/3628/3319 3324/3643/3333 3347/3670/3359 3352/3669/3358
f 3326/3612/3304 3289/3583/3277 3336/3655/3344 3386/3671/3360
f 3332/3635/3325 3317/3622/3313 3353/3658/3347 3362/3672/3361
f 3336/3655/3344 3312/3611/3303 3344/3665/3354 3381/3673/3362
f 3348/3674/3352 3320/3649/3330 3350/3650/3339 3369/3675/3363
f 3342/3662/3351 3348/3663/3352 3356/3676/3364 3357/3677/3365
f 3355/3667/3356 3342/3662/3351 3357/3677/3365 3360/3678/3366
f 3358/3679/3367 3328/3647/3337 3330/3648/3338 3364/3680/3368
f 3347/3670/3359 3324/3643/3333 3343/3664/3353 3378/3681/3369
f 3334/3653/3342 3346/3668/3357 3359/3682/3370 3344/3665/3354
f 3350/3650/3339 3315/3630/3321 3339/3659/3348 3385/3683/3371
f 3323/3610/3302 3294/3590/3284 3349/3629/3320 3414/3684/3372
f 3351/3644/3334 3313/3609/3301 3340/3632/3322 3391/3685/3373
f 3316/3633/3323 3329/3651/3340 3361/3686/3374 3367/3660/3349
f 3338/3638/3328 3309/3627/3318 3351/3644/3334 3390/3687/3375
f 3327/3634/3324 3308/3626/3317 3363/3657/3346 3371/3688/3376
f 3364/3680/3368 3330/3648/3338 3354/3654/3343 3395/3689/3377
f 3346/3690/3357 3352/3691/3358 3362/3672/3361 3372/3692/3378
f 3333/3642/3332 3355/3667/3356 3365/3693/3379 3343/3664/3353
f 3319/3639/3329 3366/3694/3380 3353/3658/3347
f 3357/3677/3365 3356/3676/3364 3368/3695/3381 3375/3696/3382
f 3345/3666/3355 3328/3647/3337 3358/3679/3367 3392/3697/3383
f 3339/3659/3348 3332/3635/3325 3362/3672/3361 3373/3698/3384
f 3370/3699/3385 3356/3700/3364 3348/3674/3352 3369/3675/3363
f 3335/3646/3336 3327/3634/3324 3371/3688/3376 3383/3701/3386
f 3362/3672/3361 3353/3658/3347 3366/3694/3380 3372/3692/3378
f 3352/3691/3358 3347/3702/3359 3373/3698/3384 3362/3672/3361
f 3376/3703/3387 3360/3678/3366 3357/3677/3365 3375/3696/3382
f 3355/3667/3356 3360/3678/3366 3377/3704/3388 3365/3693/3379
f 3329/3651/3340 3345/3666/3355 3379/3705/3389 3361/3686/3374
f 3319/3639/3329 3380/3706/3390 3366/3694/3380
f 3382/3707/3391 3359/3708/3370 3346/3690/3357 3372/3692/3378
f 3354/3654/3343 3335/3646/3336 3383/3701/3386 3402/3709/3392
f 3368/3710/3381 3356/3700/3364 3370/3699/3385 3397/3711/3393
f 3341/3661/3350 3298/3605/3297 3374/3645/3335 3449/3712/3394
f 3373/3698/3384 3347/3702/3359 3378/3713/3369 3393/3714/3395
f 3378/3681/3369 3343/3664/3353 3365/3693/3379 3394/3715/3396
f 3384/3716/3397 3344/3665/3354 3359/3682/3370 3403/3717/3398
f 3377/3704/3388 3360/3678/3366 3376/3703/3387 3399/3718/3399
f 3372/3692/3378 3366/3694/3380 3380/3706/3390 3382/3707/3391
f 3363/3657/3346 3337/3656/3345 3341/3661/3350 3411/3719/3400
f 3369/3675/3363 3350/3650/3339 3385/3683/3371 3407/3720/3401
f 3323/3610/3302 3387/3721/3402 3319/3639/3329
f 3307/3601/3294 3331/3652/3341 3388/3722/3403 3349/3629/3320
f 3389/3723/3404 3375/3696/3382 3368/3695/3381 3406/3724/3405
f 3381/3673/3362 3344/3665/3354 3384/3716/3397 3423/3725/3406
f 3376/3703/3387 3375/3696/3382 3389/3723/3404 3409/3726/3407
f 3331/3652/3341 3338/3638/3328 3390/3687/3375 3388/3722/3403
f 3339/3659/3348 3373/3698/3384 3393/3714/3395 3385/3683/3371
f 3391/3685/3373 3340/3632/3322 3367/3660/3349 3410/3727/3408
f 3380/3706/3390 3319/3639/3329 3387/3721/3402 3439/3728/3409
f 3358/3679/3367 3364/3680/3368 3396/3729/3410 3404/3730/3411
f 3386/3671/3360 3336/3655/3344 3381/3673/3362 3426/3731/3412
f 3365/3693/3379 3377/3704/3388 3398/3732/3413 3394/3715/3396
f 3379/3705/3389 3345/3666/3355 3392/3697/3383 3443/3733/3414
f 3396/3729/3410 3400/3734/3415 3401/3735/3416 3404/3730/3411
f 3405/3736/3417 3370/3699/3385 3369/3675/3363 3407/3720/3401
f 3406/3737/3405 3368/3710/3381 3397/3711/3393 3430/3738/3418
f 3393/3714/3395 3378/3713/3369 3394/3739/3396 3425/3740/3419
f 3395/3689/3377 3354/3654/3343 3402/3709/3392 3452/3741/3420
f 3390/3687/3375 3351/3644/3334 3391/3685/3373 3450/3742/3421
f 3408/3743/3422 3396/3729/3410 3364/3680/3368 3395/3689/3377
f 3392/3697/3383 3358/3679/3367 3404/3730/3411 3413/3744/3423
f 3410/3727/3408 3367/3660/3349 3361/3686/3374 3437/3745/3424
f 3400/3734/3415 3396/3729/3410 3408/3743/3422 3418/3746/3425
f 3412/3747/3426 3401/3735/3416 3400/3734/3415 3416/3748/3427
f 3413/3744/3423 3404/3730/3411 3401/3735/3416 3432/3749/3428
f 3397/3711/3393 3370/3699/3385 3405/3736/3417 3445/3750/3429
f 3359/3708/3370 3382/3707/3391 3415/3751/3430 3403/3752/3398
f 3377/3704/3388 3399/3718/3399 3417/3753/3431 3398/3732/3413
f 3416/3748/3427 3400/3734/3415 3418/3746/3425 3444/3754/3432
f 3326/3612/3304 3386/3671/3360 3419/3755/3433 3374/3645/3335
f 3420/3756/3434 3389/3723/3404 3406/3724/3405
f 3421/3757/3435 3371/3688/3376 3363/3657/3346 3436/3758/3436
f 3422/3759/3437 3399/3718/3399 3376/3703/3387 3409/3726/3407
f 3424/3760/3438 3389/3723/3404 3420/3756/3434 3435/3761/3439
f 3385/3683/3371 3393/3714/3395 3425/3740/3419 3407/3720/3401
f 3389/3723/3404 3424/3760/3438 3427/3762/3440 3409/3726/3407
f 3428/3763/3441 3383/3701/3386 3371/3688/3376 3421/3757/3435
f 3361/3686/3374 3379/3705/3389 3429/3764/3442 3437/3745/3424
f 3431/3765/3443 3387/3721/3402 3323/3610/3302
f 3426/3731/3412 3381/3673/3362 3423/3725/3406 3458/3766/3444
f 3394/3739/3396 3398/3767/3413 3433/3768/3445 3425/3740/3419
f 3434/3769/3446 3382/3707/3391 3380/3706/3390 3439/3728/3409
f 3420/3770/3434 3406/3737/3405 3430/3738/3418 3448/3771/3447
f 3432/3749/3428 3401/3735/3416 3412/3747/3426 3454/3772/3448
f 3405/3736/3417 3407/3720/3401 3425/3740/3419 3433/3768/3445
f 3438/3773/3449 3402/3709/3392 3383/3701/3386 3428/3763/3441
f 3436/3774/3436 3391/3685/3373 3410/3727/3408 3421/3775/3435
f 3440/3776/3450 3384/3716/3397 3403/3717/3398 3463/3777/3451
f 3427/3762/3440 3424/3760/3438 3441/3778/3452 3460/3779/3453
f 3412/3747/3426 3416/3748/3427 3442/3780/3454 3456/3781/3455
f 3417/3753/3431 3399/3718/3399 3422/3759/3437 3461/3782/3456
f 3441/3778/3452 3424/3760/3438 3435/3761/3439 3459/3783/3457
f 3422/3759/3437 3409/3726/3407 3427/3762/3440 3451/3784/3458
f 3433/3768/3445 3398/3767/3413 3417/3785/3431 3455/3786/3459
f 3431/3765/3443 3323/3610/3302 3414/3684/3372
f 3363/3657/3346 3411/3719/3400 3446/3787/3460 3436/3758/3436
f 3447/3788/3461 3386/3671/3360 3426/3731/3412
f 3430/3738/3418 3397/3711/3393 3445/3750/3429 3467/3789/3462
f 3435/3790/3439 3420/3770/3434 3448/3771/3447 3464/3791/3463
f 3411/3719/3400 3341/3661/3350 3449/3712/3394 3493/3792/3464
f 3443/3733/3414 3392/3697/3383 3413/3744/3423 3457/3793/3465
f 3423/3725/3406 3384/3716/3397 3440/3776/3450 3472/3794/3466
f 3442/3780/3454 3416/3748/3427 3444/3754/3432 3469/3795/3467
f 3421/3775/3435 3410/3727/3408 3437/3745/3424 3428/3796/3441
f 3429/3764/3442 3379/3705/3389 3443/3733/3414 3485/3797/3468
f 3450/3742/3421 3391/3685/3373 3436/3774/3436 3446/3798/3460
f 3453/3799/3469 3386/3671/3360 3447/3788/3461
f 3405/3736/3417 3433/3768/3445 3455/3786/3459 3445/3750/3429
f 3408/3743/3422 3395/3689/3377 3452/3741/3420 3477/3800/3470
f 3457/3793/3465 3413/3744/3423 3432/3749/3428 3475/3801/3471
f 3419/3755/3433 3386/3671/3360 3453/3799/3469 3484/3802/3472
f 3415/3751/3430 3382/3707/3391 3434/3769/3446 3510/3803/3473
f 3388/3722/3403 3390/3687/3375 3450/3742/3421 3465/3804/3474
f 3428/3796/3441 3437/3745/3424 3429/3764/3442 3438/3805/3449
f 3462/3806/3475 3418/3746/3425 3408/3743/3422 3477/3800/3470
f 3451/3784/3458 3427/3762/3440 3460/3779/3453 3482/3807/3476
f 3463/3808/3451 3403/3752/3398 3415/3751/3430 3500/3809/3477
f 3454/3772/3448 3412/3747/3426 3456/3781/3455 3481/3810/3478
f 3459/3811/3457 3435/3790/3439 3464/3791/3463 3486/3812/3479
f 3349/3629/3320 3388/3722/3403 3465/3804/3474 3414/3684/3372
f 3466/3813/3480 3439/3728/3409 3387/3721/3402 3431/3765/3443
f 3455/3786/3459 3417/3785/3431 3461/3814/3456 3476/3815/3481
f 3448/3771/3447 3430/3738/3418 3467/3789/3462 3480/3816/3482
f 3468/3817/3483 3422/3759/3437 3451/3784/3458 3490/3818/3484
f 3470/3819/3485 3444/3754/3432 3418/3746/3425 3462/3806/3475
f 3402/3709/3392 3438/3773/3449 3471/3820/3486 3452/3741/3420
f 3473/3821/3487 3441/3778/3452 3459/3783/3457 3494/3822/3488
f 3468/3817/3483 3461/3782/3456 3422/3759/3437
f 3419/3755/3433 3474/3823/3489 3374/3645/3335
f 3460/3779/3453 3441/3778/3452 3473/3821/3487 3496/3824/3490
f 3475/3801/3471 3432/3749/3428 3454/3772/3448 3498/3825/3491
f 3445/3750/3429 3455/3786/3459 3476/3815/3481 3467/3789/3462
f 3456/3781/3455 3442/3780/3454 3478/3826/3492 3499/3827/3493
f 3434/3769/3446 3439/3728/3409 3466/3813/3480 3487/3828/3494
f 3464/3791/3463 3448/3771/3447 3480/3816/3482 3507/3829/3495
f 3449/3712/3394 3374/3645/3335 3474/3823/3489 3530/3830/3496
f 3483/3831/3497 3458/3766/3444 3423/3725/3406 3472/3794/3466
f 3438/3805/3449 3429/3764/3442 3485/3797/3468 3471/3832/3486
f 3431/3765/3443 3488/3833/3498 3466/3813/3480
f 3489/3834/3499 3440/3776/3450 3463/3777/3451 3495/3835/3500
f 3478/3826/3492 3442/3780/3454 3469/3795/3467 3521/3836/3501
f 3491/3837/3502 3861/3838/3503 3862/3839/3504 3487/3828/3494
f 3492/3840/3505 3454/3772/3448 3481/3810/3478 3502/3841/3506
f 3476/3815/3481 3461/3814/3456 3468/3842/3483 3508/3843/3507
f 3491/3837/3502 3487/3828/3494 3466/3813/3480 3488/3833/3498
f 3490/3818/3484 3451/3784/3458 3482/3807/3476 3529/3844/3508
f 3494/3845/3488 3459/3811/3457 3486/3812/3479 3528/3846/3509
f 3480/3816/3482 3467/3789/3462 3476/3815/3481 3508/3843/3507
f 3497/3847/3510 3481/3810/3478 3456/3781/3455 3499/3827/3493
f 3498/3825/3491 3454/3772/3448 3492/3840/3505 3519/3848/3511
f 3431/3765/3443 3501/3849/3512 3488/3833/3498
f 3503/3850/3513 3472/3794/3466 3440/3776/3450 3489/3834/3499
f 3505/3851/3514 3469/3795/3467 3444/3754/3432 3470/3819/3485
f 3411/3719/3400 3506/3852/3515 3446/3787/3460
f 3485/3797/3468 3443/3733/3414 3457/3793/3465 3532/3853/3516
f 3477/3800/3470 3452/3741/3420 3471/3820/3486 3526/3854/3517
f 3414/3684/3372 3509/3855/3518 3431/3765/3443
f 3495/3856/3500 3463/3808/3451 3500/3809/3477 3541/3857/3519
f 3511/3858/3520 3512/3859/3521 3489/3834/3499 3495/3835/3500
f 3513/3860/3522 3486/3812/3479 3464/3791/3463 3507/3829/3495
f 3508/3843/3507 3468/3842/3483 3490/3861/3484 3524/3862/3523
f 3491/3837/3502 3488/3833/3498 3501/3849/3512 3516/3863/3524
f 3484/3802/3472 3453/3799/3469 3504/3864/3525 3557/3865/3526
f 3503/3850/3513 3489/3834/3499 3512/3859/3521 3527/3866/3527
f 3514/3867/3528 3474/3823/3489 3419/3755/3433 3484/3802/3472
f 3479/3868/3529 3458/3766/3444 3483/3831/3497 3554/3869/3530
f 3515/3870/3531 3487/3828/3494 3862/3839/3504 3479/3871/3529
f 3516/3863/3524 3860/3872/3532 3861/3838/3503 3491/3837/3502
f 3517/3873/3533 3482/3807/3476 3460/3779/3453 3496/3824/3490
f 3434/3769/3446 3487/3828/3494 3515/3870/3531 3510/3803/3473
f 3518/3874/3534 3502/3841/3506 3481/3810/3478 3497/3847/3510
f 3520/3875/3535 3462/3806/3475 3477/3800/3470 3526/3854/3517
f 3492/3840/3505 3502/3841/3506 3522/3876/3536 3519/3848/3511
f 3457/3793/3465 3475/3801/3471 3523/3877/3537 3532/3853/3516
f 3480/3816/3482 3508/3843/3507 3524/3862/3523 3507/3829/3495
f 3525/3878/3538 3473/3821/3487 3494/3822/3488 3548/3879/3539
f 3483/3831/3497 3472/3794/3466 3503/3850/3513 3549/3880/3540
f 3501/3849/3512 3431/3765/3443 3509/3855/3518 3571/3881/3541
f 3496/3824/3490 3473/3821/3487 3525/3878/3538 3556/3882/3542
f 3506/3852/3515 3411/3719/3400 3493/3792/3464
f 3531/3883/3543 3486/3812/3479 3513/3860/3522 3540/3884/3544
f 3528/3846/3509 3486/3812/3479 3531/3883/3543 3542/3885/3545
f 3500/3809/3477 3415/3751/3430 3510/3803/3473 3576/3886/3546
f 3533/3887/3547 3470/3819/3485 3462/3806/3475 3520/3875/3535
f 3524/3862/3523 3490/3861/3484 3529/3888/3508 3553/3889/3548
f 3526/3890/3517 3471/3832/3486 3485/3797/3468 3532/3853/3516
f 3535/3891/3549 3450/3742/3421 3446/3798/3460 3506/3892/3515
f 3512/3859/3521 3511/3858/3520 3536/3893/3550 3547/3894/3551
f 3475/3801/3471 3498/3825/3491 3537/3895/3552 3523/3877/3537
f 3513/3860/3522 3507/3829/3495 3524/3862/3523 3553/3889/3548
f 3538/3896/3553 3499/3827/3493 3478/3826/3492 3521/3836/3501
f 3539/3897/3554 3511/3898/3520 3495/3856/3500 3541/3857/3519
f 3522/3876/3536 3502/3841/3506 3518/3874/3534 3559/3899/3555
f 3529/3844/3508 3482/3807/3476 3517/3873/3533 3565/3900/3556
f 3543/3901/3557 3527/3866/3527 3512/3859/3521 3547/3894/3551
f 3498/3825/3491 3519/3848/3511 3544/3902/3558 3537/3895/3552
f 3497/3847/3510 3499/3827/3493 3538/3896/3553 3564/3903/3559
f 3545/3904/3560 3521/3836/3501 3469/3795/3467 3505/3851/3514
f 3465/3804/3474 3546/3905/3561 3414/3684/3372
f 3548/3906/3539 3494/3845/3488 3528/3846/3509 3563/3907/3562
f 3503/3850/3513 3527/3866/3527 3550/3908/3563 3549/3880/3540
f 3514/3867/3528 3551/3909/3564 3474/3823/3489
f 3505/3851/3514 3470/3819/3485 3533/3887/3547 3567/3910/3565
f 3546/3905/3561 3509/3855/3518 3414/3684/3372
f 3531/3883/3543 3540/3884/3544 3552/3911/3566 3542/3885/3545
f 3523/3877/3537 3520/3912/3535 3526/3890/3517 3532/3853/3516
f 3555/3913/3567 3540/3884/3544 3513/3860/3522 3553/3889/3548
f 3530/3830/3496 3474/3823/3489 3558/3914/3568 3580/3915/3569
f 3559/3899/3555 3518/3874/3534 3497/3847/3510 3564/3903/3559
f 3544/3902/3558 3519/3848/3511 3522/3876/3536 3569/3916/3570
f 3558/3914/3568 3474/3823/3489 3551/3909/3564
f 3560/3917/3571 3493/3792/3464 3449/3712/3394 3530/3830/3496
f 3561/3918/3572 3517/3873/3533 3496/3824/3490 3556/3882/3542
f 3533/3919/3547 3520/3912/3535 3523/3877/3537 3537/3895/3552
f 3535/3891/3549 3465/3804/3474 3450/3742/3421
f 3534/3920/3573 3860/3872/3532 3516/3863/3524 3562/3921/3574
f 3563/3907/3562 3528/3846/3509 3542/3885/3545 3570/3922/3575
f 3515/3870/3531 3479/3871/3529 3554/3923/3530 3585/3924/3576
f 3552/3911/3566 3540/3884/3544 3555/3913/3567 3578/3925/3577
f 3550/3908/3563 3527/3866/3527 3543/3901/3557 3592/3926/3578
f 3554/3869/3530 3483/3831/3497 3549/3880/3540 3587/3927/3579
f 3566/3928/3580 3514/3867/3528 3484/3802/3472 3557/3865/3526
f 3538/3896/3553 3521/3836/3501 3545/3904/3560 3582/3929/3581
f 3568/3930/3582 3553/3889/3548 3529/3888/3508 3565/3931/3556
f 3570/3922/3575 3542/3885/3545 3552/3911/3566 3586/3932/3583
f 3567/3933/3565 3533/3919/3547 3537/3895/3552 3572/3934/3584
f 3555/3913/3567 3553/3889/3548 3568/3930/3582 3578/3925/3577
f 3572/3934/3584 3537/3895/3552 3544/3902/3558 3569/3916/3570
f 3573/3935/3585 3536/3936/3550 3511/3898/3520 3539/3897/3554
f 3574/3937/3586 3556/3882/3542 3525/3878/3538 3548/3879/3539
f 3575/3938/3587 3516/3863/3524 3501/3849/3512 3571/3881/3541
f 3541/3857/3519 3500/3809/3477 3576/3886/3546 3604/3939/3588
f 3565/3900/3556 3517/3873/3533 3561/3918/3572 3591/3940/3589
f 3545/3904/3560 3505/3851/3514 3567/3910/3565 3582/3929/3581
f 3522/3876/3536 3559/3899/3555 3577/3941/3590 3569/3916/3570
f 3579/3942/3591 3504/3864/3525 3534/3943/3573 3606/3944/3592
f 3581/3945/3593 3547/3894/3551 3536/3893/3550 3603/3946/3594
f 3577/3941/3590 3559/3899/3555 3564/3903/3559 3583/3947/3595
f 3561/3918/3572 3556/3882/3542 3574/3937/3586 3591/3940/3589
f 3574/3948/3586 3548/3906/3539 3563/3907/3562 3588/3949/3596
f 3583/3947/3595 3564/3903/3559 3538/3896/3553 3582/3950/3581
f 3543/3901/3557 3547/3894/3551 3581/3945/3593 3607/3951/3597
f 3509/3855/3518 3546/3905/3561 3584/3952/3598 3571/3881/3541
f 3510/3803/3473 3515/3870/3531 3585/3924/3576 3576/3886/3546
f 3572/3934/3584 3569/3916/3570 3577/3941/3590 3583/3947/3595
f 3557/3865/3526 3504/3864/3525 3579/3942/3591 3610/3953/3599
f 3588/3949/3596 3563/3907/3562 3570/3922/3575 3586/3932/3583
f 3582/3950/3581 3567/3933/3565 3572/3934/3584 3583/3947/3595
f 3549/3880/3540 3550/3908/3563 3589/3954/3600 3587/3927/3579
f 3552/3911/3566 3578/3925/3577 3590/3955/3601 3586/3932/3583
f 3465/3804/3474 3593/3956/3602 3546/3905/3561
f 3594/3957/3603 3506/3852/3515 3493/3792/3464 3560/3917/3571
f 3568/3930/3582 3565/3931/3556 3591/3958/3589 3595/3959/3604
f 3578/3925/3577 3568/3930/3582 3595/3959/3604 3590/3955/3601
f 3597/3960/3605 3539/3897/3554 3541/3857/3519 3604/3939/3588
f 3598/3961/3606 3560/3917/3571 3530/3830/3496 3580/3915/3569
f 3580/3915/3569 3558/3914/3568 3596/3962/3607 3613/3963/3608
f 3546/3905/3561 3599/3964/3609 3584/3952/3598
f 3574/3948/3586 3588/3949/3596 3595/3959/3604 3591/3958/3589
f 3588/3949/3596 3586/3932/3583 3590/3955/3601 3595/3959/3604
f 3858/3965/3610 3859/3966/3611 3600/3967/3612 3601/3968/3613
f 3546/3905/3561 3602/3969/3614 3599/3964/3609
f 3585/3924/3576 3554/3923/3530 3587/3970/3579 3615/3971/3615
f 3857/3972/3616 3858/3965/3610 3601/3968/3613 3605/3973/3617
f 3603/3974/3594 3536/3936/3550 3573/3935/3585 3626/3975/3618
f 3535/3891/3549 3593/3956/3602 3465/3804/3474
f 3599/3964/3609 3601/3968/3613 3600/3967/3612 3584/3952/3598
f 3606/3976/3592 3534/3920/3573 3562/3921/3574 3636/3977/3619
f 3605/3973/3617 3601/3968/3613 3599/3964/3609 3602/3969/3614
f 3602/3969/3614 3546/3905/3561 3593/3956/3602 3632/3978/3620
f 3575/3938/3587 3571/3881/3541 3584/3952/3598 3600/3967/3612
f 3550/3908/3563 3592/3926/3578 3609/3979/3621 3589/3954/3600
f 3611/3980/3622 3592/3926/3578 3543/3901/3557 3607/3951/3597
f 3612/3981/3623 3581/3945/3593 3603/3946/3594 3621/3982/3624
f 3576/3886/3546 3585/3924/3576 3615/3971/3615 3604/3939/3588
f 3616/3983/3625 3573/3935/3585 3539/3897/3554 3597/3960/3605
f 3617/3984/3626 3566/3928/3580 3557/3865/3526 3610/3953/3599
f 3618/3985/3627 3535/3891/3549 3506/3892/3515 3594/3986/3603
f 3619/3987/3628 3594/3957/3603 3560/3917/3571 3598/3961/3606
f 3516/3863/3524 3575/3938/3587 3620/3988/3629 3562/3921/3574
f 3587/3970/3579 3589/3989/3600 3622/3990/3630 3615/3971/3615
f 3581/3945/3593 3612/3981/3623 3623/3991/3631 3607/3951/3597
f 3608/3992/3632 3857/3972/3616 3605/3973/3617 3624/3993/3633
f 3625/3994/3634 3612/3981/3623 3621/3982/3624 3634/3995/3635
f 3627/3996/3636 3600/3967/3612 3859/3966/3611 3614/3997/3637
f 3628/3998/3638 3596/3962/3607 3608/3999/3632 3638/4000/3639
f 3629/4001/3640 3579/3942/3591 3606/3944/3592 3635/4002/3641
f 3630/4003/3642 3598/3961/3606 3580/3915/3569 3613/3963/3608
f 3612/3981/3623 3625/3994/3634 3631/4004/3643 3623/3991/3631
f 3597/3960/3605 3604/3939/3588 3615/3971/3615 3622/3990/3630
f 3633/4005/3644 3605/3973/3617 3602/3969/3614 3632/3978/3620
f 3593/3956/3602 3535/3891/3549 3618/3985/3627 3632/3978/3620
f 3621/4006/3624 3603/3974/3594 3626/3975/3618 3641/4007/3645
f 3610/3953/3599 3579/3942/3591 3629/4001/3640 3640/4008/3646
f 3613/3963/3608 3596/3962/3607 3628/3998/3638 3647/4009/3647
f 3575/3938/3587 3600/3967/3612 3627/3996/3636 3620/3988/3629
f 3609/3979/3621 3592/3926/3578 3611/3980/3622 3649/4010/3648
f 3611/3980/3622 3607/3951/3597 3623/3991/3631 3643/4011/3649
f 3614/4012/3637 3566/3928/3580 3617/3984/3626 3657/4013/3650
f 3626/3975/3618 3573/3935/3585 3616/3983/3625 3658/4014/3651
f 3637/4015/3652 3622/3990/3630 3589/3989/3600 3609/4016/3621
f 3635/4017/3641 3606/3976/3592 3636/3977/3619 3653/4018/3653
f 3594/3986/3603 3619/4019/3628 3639/4020/3654 3618/3985/3627
f 3616/3983/3625 3597/3960/3605 3622/3990/3630 3637/4015/3652
f 3634/4021/3635 3621/4006/3624 3641/4007/3645 3655/4022/3655
f 3638/4023/3639 3608/3992/3632 3624/3993/3633 3668/4024/3656
f 3631/4004/3643 3625/3994/3634 3642/4025/3657 3665/4026/3658
f 3642/4025/3657 3625/3994/3634 3634/3995/3635 3662/4027/3659
f 3643/4011/3649 3623/3991/3631 3631/4004/3643 3650/4028/3660
f 3629/4001/3640 3635/4002/3641 3644/4029/3661 3646/4030/3662
f 3645/4031/3663 3619/3987/3628 3598/3961/3606 3630/4003/3642
f 3640/4008/3646 3629/4001/3640 3646/4030/3662 3648/4032/3664
f 3636/3977/3619 3562/3921/3574 3620/3988/3629 3676/4033/3665
f 3610/3953/3599 3640/4008/3646 3651/4034/3666 3617/3984/3626
f 3633/4005/3644 3632/3978/3620 3618/3985/3627 3639/4020/3654
f 3652/4035/3667 3628/3998/3638 3638/4000/3639 3660/4036/3668
f 3649/4010/3648 3611/3980/3622 3643/4011/3649 3669/4037/3669
f 3644/4038/3661 3635/4017/3641 3653/4018/3653 3674/4039/3670
f 3654/4040/3671 3630/4003/3642 3613/3963/3608 3647/4009/3647
f 3637/4015/3652 3609/4016/3621 3649/4041/3648 3667/4042/3672
f 3656/4043/3673 3624/3993/3633 3605/3973/3617 3633/4005/3644
f 3648/4032/3664 3646/4030/3662 3659/4044/3674 3677/4045/3675
f 3628/3998/3638 3652/4035/3667 3661/4046/3676 3647/4009/3647
f 3641/4007/3645 3626/3975/3618 3658/4014/3651 3675/4047/3677
f 3646/4030/3662 3644/4029/3661 3663/4048/3678 3659/4044/3674
f 3664/4049/3679 3652/4035/3667 3660/4036/3668 3670/4050/3680
f 3627/3996/3636 3614/3997/3637 3657/4051/3650 3680/4052/3681
f 3640/4008/3646 3648/4032/3664 3666/4053/3682 3651/4034/3666
f 3662/4054/3659 3634/4021/3635 3655/4022/3655 3686/4055/3683
f 3661/4046/3676 3652/4035/3667 3664/4049/3679 3673/4056/3684
f 3616/3983/3625 3637/4015/3652 3667/4042/3672 3658/4014/3651
f 3669/4037/3669 3643/4011/3649 3650/4028/3660 3682/4057/3685
f 3671/4058/3686 3650/4028/3660 3631/4004/3643 3665/4026/3658
f 3672/4059/3687 3639/4020/3654 3619/4019/3628 3645/4060/3663
f 3660/4061/3668 3638/4023/3639 3668/4024/3656 3681/4062/3688
f 3657/4013/3650 3617/3984/3626 3651/4034/3666 3688/4063/3689
f 3645/4031/3663 3630/4003/3642 3654/4040/3671 3691/4064/3690
f 3654/4040/3671 3647/4009/3647 3661/4046/3676 3683/4065/3691
f 3655/4022/3655 3641/4007/3645 3675/4047/3677 3693/4066/3692
f 3663/4067/3678 3644/4038/3661 3674/4039/3670 3700/4068/3693
f 3656/4043/3673 3633/4005/3644 3639/4020/3654 3672/4059/3687
f 3678/4069/3694 3664/4049/3679 3670/4050/3680 3694/4070/3695
f 3679/4071/3696 3642/4025/3657 3662/4027/3659 3692/4072/3697
f 3653/4018/3653 3636/3977/3619 3676/4033/3665 3699/4073/3698
f 3665/4026/3658 3642/4025/3657 3679/4071/3696 3695/4074/3699
f 3667/4042/3672 3649/4041/3648 3669/4075/3669 3689/4076/3700
f 3620/3988/3629 3627/3996/3636 3680/4052/3681 3676/4033/3665
f 3670/4077/3680 3660/4061/3668 3681/4062/3688 3697/4078/3701
f 3661/4046/3676 3673/4056/3684 3684/4079/3702 3683/4065/3691
f 3668/4024/3656 3624/3993/3633 3656/4043/3673 3706/4080/3703
f 3685/4081/3704 3673/4056/3684 3664/4049/3679 3678/4069/3694
f 3687/4082/3705 3666/4053/3682 3648/4032/3664 3677/4045/3675
f 3682/4057/3685 3650/4028/3660 3671/4058/3686 3709/4083/3706
f 3658/4014/3651 3667/4042/3672 3689/4076/3700 3675/4047/3677
f 3651/4034/3666 3666/4053/3682 3690/4084/3707 3688/4063/3689
f 3692/4085/3697 3662/4054/3659 3686/4055/3683 3707/4086/3708
f 3696/4087/3709 3659/4044/3674 3663/4048/3678 3708/4088/3710
f 3689/4076/3700 3669/4075/3669 3682/4089/3685 3703/4090/3711
f 3691/4064/3690 3654/4040/3671 3683/4065/3691 3704/4091/3712
f 3677/4045/3675 3659/4044/3674 3696/4087/3709 3713/4092/3713
f 3680/4052/3681 3657/4051/3650 3688/4093/3689 3710/4094/3714
f 3684/4079/3702 3673/4056/3684 3685/4081/3704 3715/4095/3715
f 3698/4096/3716 3674/4039/3670 3653/4018/3653 3699/4073/3698
f 3672/4059/3687 3645/4060/3663 3691/4097/3690 3716/4098/3717
f 3694/4099/3695 3670/4077/3680 3697/4078/3701 3717/4100/3718
f 3701/4101/3719 3686/4055/3683 3655/4022/3655 3693/4066/3692
f 3702/4102/3720 3671/4058/3686 3665/4026/3658 3695/4074/3699
f 3675/4047/3677 3689/4076/3700 3703/4090/3711 3693/4066/3692
f 3704/4091/3712 3683/4065/3691 3684/4079/3702 3720/4103/3721
f 3705/4104/3722 3679/4071/3696 3692/4072/3697 3721/4105/3723
f 3681/4062/3688 3668/4024/3656 3706/4080/3703 3730/4106/3724
f 3695/4074/3699 3679/4071/3696 3705/4104/3722 3726/4107/3725
f 3676/4033/3665 3680/4052/3681 3710/4094/3714 3699/4073/3698
f 3708/4108/3710 3663/4067/3678 3700/4068/3693 3738/4109/3726
f 3711/4110/3727 3678/4069/3694 3694/4070/3695 3729/4111/3728
f 3710/4094/3714 3688/4093/3689 3690/4112/3707 3727/4113/3729
f 3712/4114/3730 3690/4084/3707 3666/4053/3682 3687/4082/3705
f 3703/4090/3711 3682/4089/3685 3709/4115/3706 3732/4116/3731
f 3707/4086/3708 3686/4055/3683 3714/4117/3732 3719/4118/3733
f 3685/4081/3704 3678/4069/3694 3711/4110/3727 3737/4119/3734
f 3714/4117/3732 3686/4055/3683 3701/4101/3719 3724/4120/3735
f 3656/4043/3673 3672/4059/3687 3716/4098/3717 3706/4080/3703
f 3701/4101/3719 3693/4066/3692 3703/4090/3711 3732/4116/3731
f 3718/4121/3736 3687/4082/3705 3677/4045/3675 3713/4092/3713
f 3709/4083/3706 3671/4058/3686 3702/4102/3720 3740/4122/3737
f 3721/4123/3723 3692/4085/3697 3707/4086/3708 3741/4124/3738
f 3722/4125/3739 3700/4068/3693 3674/4039/3670 3698/4096/3716
f 3723/4126/3740 3697/4078/3701 3681/4062/3688 3730/4106/3724
f 3725/4127/3741 3696/4087/3709 3708/4088/3710 3733/4128/3742
f 3720/4103/3721 3684/4079/3702 3715/4095/3715 3750/4129/3743
f 3698/4096/3716 3699/4073/3698 3710/4094/3714 3727/4113/3729
f 3716/4098/3717 3691/4097/3690 3704/4130/3712 3743/4131/3744
f 3728/4132/3745 3702/4102/3720 3695/4074/3699 3726/4107/3725
f 3729/4133/3728 3694/4099/3695 3717/4100/3718 3755/4134/3746
f 3731/4135/3747 3719/4118/3733 3714/4117/3732 3724/4120/3735
f 3696/4087/3709 3725/4127/3741 3734/4136/3748 3713/4092/3713
f 3707/4086/3708 3719/4118/3733 3735/4137/3749 3741/4124/3738
f 3736/4138/3750 3724/4120/3735 3701/4101/3719 3732/4116/3731
f 3739/4139/3751 3725/4127/3741 3733/4128/3742 3749/4140/3752
f 3712/4114/3730 3687/4082/3705 3718/4121/3736 3767/4141/3753
f 3731/4135/3747 3724/4120/3735 3736/4138/3750 3754/4142/3754
f 3742/4143/3755 3715/4095/3715 3685/4081/3704 3737/4119/3734
f 3733/4144/3742 3708/4108/3710 3738/4109/3726 3763/4145/3756
f 3725/4127/3741 3739/4139/3751 3744/4146/3757 3734/4136/3748
f 3745/4147/3758 3727/4113/3729 3690/4112/3707 3712/4148/3730
f 3743/4131/3744 3704/4130/3712 3720/4149/3721 3757/4150/3759
f 3735/4137/3749 3719/4118/3733 3731/4135/3747 3758/4151/3760
f 3746/4152/3761 3711/4110/3727 3729/4111/3728 3751/4153/3762
f 3706/4080/3703 3716/4098/3717 3743/4131/3744 3730/4106/3724
f 3747/4154/3763 3717/4100/3718 3697/4078/3701 3723/4126/3740
f 3748/4155/3764 3726/4107/3725 3705/4104/3722 3721/4105/3723
f 3718/4121/3736 3713/4092/3713 3734/4136/3748 3762/4156/3765
f 3740/4122/3737 3702/4102/3720 3728/4132/3745 3764/4157/3766
f 3722/4125/3739 3698/4096/3716 3727/4113/3729 3745/4147/3758
f 3732/4116/3731 3709/4115/3706 3740/4158/3737 3753/4159/3767
f 3738/4109/3726 3700/4068/3693 3722/4125/3739 3771/4160/3768
f 3711/4110/3727 3746/4152/3761 3752/4161/3769 3737/4119/3734
f 3736/4138/3750 3732/4116/3731 3753/4159/3767 3754/4142/3754
f 3728/4132/3745 3726/4107/3725 3748/4155/3764 3764/4157/3766
f 3748/4162/3764 3721/4123/3723 3741/4124/3738 3759/4163/3770
f 3756/4164/3771 3746/4152/3761 3751/4153/3762 3766/4165/3772
f 3723/4126/3740 3730/4106/3724 3743/4131/3744 3757/4150/3759
f 3759/4163/3770 3741/4124/3738 3735/4137/3749 3758/4151/3760
f 3744/4146/3757 3739/4139/3751 3760/4166/3773 3777/4167/3774
f 3746/4152/3761 3756/4164/3771 3761/4168/3775 3752/4161/3769
f 3760/4166/3773 3739/4139/3751 3749/4140/3752 3776/4169/3776
f 3762/4156/3765 3734/4136/3748 3744/4146/3757 3768/4170/3777
f 3751/4171/3762 3729/4133/3728 3755/4134/3746 3773/4172/3778
f 3757/4150/3759 3720/4149/3721 3750/4173/3743 3775/4174/3779
f 3749/4175/3752 3733/4144/3742 3763/4145/3756 3778/4176/3780
f 3731/4135/3747 3754/4142/3754 3765/4177/3781 3758/4151/3760
f 3753/4159/3767 3740/4158/3737 3764/4178/3766 3769/4179/3782
f 3742/4143/3755 3737/4119/3734 3752/4161/3769 3772/4180/3783
f 3765/4177/3781 3754/4142/3754 3753/4159/3767 3769/4179/3782
f 3755/4134/3746 3717/4100/3718 3747/4154/3763 3783/4181/3784
f 3745/4147/3758 3712/4148/3730 3767/4182/3753 3779/4183/3785
f 3748/4162/3764 3759/4163/3770 3769/4179/3782 3764/4178/3766
f 3767/4141/3753 3718/4121/3736 3762/4156/3765 3781/4184/3786
f 3747/4154/3763 3723/4126/3740 3757/4150/3759 3775/4174/3779
f 3770/4185/3787 3750/4129/3743 3715/4095/3715 3742/4143/3755
f 3759/4163/3770 3758/4151/3760 3765/4177/3781 3769/4179/3782
f 3772/4180/3783 3752/4161/3769 3761/4168/3775 3780/4186/3788
f 3766/4187/3772 3751/4171/3762 3773/4172/3778 3784/4188/3789
f 3761/4168/3775 3756/4164/3771 3774/4189/3790 3789/4190/3791
f 3774/4189/3790 3756/4164/3771 3766/4165/3772 3787/4191/3792
f 3763/4145/3756 3738/4109/3726 3771/4160/3768 3786/4192/3793
f 3722/4125/3739 3745/4147/3758 3779/4183/3785 3771/4160/3768
f 3776/4193/3776 3749/4175/3752 3778/4176/3780 3793/4194/3794
f 3781/4184/3786 3762/4156/3765 3768/4170/3777 3791/4195/3795
f 3782/4196/3796 3768/4170/3777 3744/4146/3757 3777/4167/3774
f 3770/4185/3787 3742/4143/3755 3772/4180/3783 3790/4197/3797
f 3775/4174/3779 3750/4173/3743 3770/4198/3787 3788/4199/3798
f 3773/4172/3778 3755/4134/3746 3783/4181/3784 3796/4200/3799
f 3785/4201/3800 3760/4166/3773 3776/4169/3776 3795/4202/3801
f 3777/4167/3774 3760/4166/3773 3785/4201/3800 3797/4203/3802
f 3778/4176/3780 3763/4145/3756 3786/4192/3793 3798/4204/3803
f 3747/4154/3763 3775/4174/3779 3788/4199/3798 3783/4181/3784
f 3779/4183/3785 3767/4182/3753 3781/4205/3786 3794/4206/3804
f 3787/4207/3792 3766/4187/3772 3784/4188/3789 3804/4208/3805
f 3790/4197/3797 3772/4180/3783 3780/4186/3788 3800/4209/3806
f 3792/4210/3807 3780/4186/3788 3761/4168/3775 3789/4190/3791
f 3791/4195/3795 3768/4170/3777 3782/4196/3796 3809/4211/3808
f 3771/4160/3768 3779/4183/3785 3794/4206/3804 3786/4192/3793
f 3784/4188/3789 3773/4172/3778 3796/4200/3799 3808/4212/3809
f 3788/4199/3798 3770/4198/3787 3790/4213/3797 3805/4214/3810
f 3799/4215/3811 3774/4189/3790 3787/4191/3792 3810/4216/3812
f 3794/4206/3804 3781/4205/3786 3791/4217/3795 3806/4218/3813
f 3789/4190/3791 3774/4189/3790 3799/4215/3811 3811/4219/3814
f 3801/4220/3815 3795/4221/3801 3776/4193/3776 3793/4194/3794
f 3802/4222/3816 3782/4196/3796 3777/4167/3774 3797/4203/3802
f 3803/4223/3817 3793/4194/3794 3778/4176/3780 3798/4204/3803
f 3783/4181/3784 3788/4199/3798 3805/4214/3810 3796/4200/3799
f 3800/4209/3806 3780/4186/3788 3792/4210/3807 3822/4224/3818
f 3786/4192/3793 3794/4206/3804 3806/4218/3813 3798/4204/3803
f 3807/4225/3819 3785/4201/3800 3795/4202/3801 3817/4226/3820
f 3797/4203/3802 3785/4201/3800 3807/4225/3819 3820/4227/3821
f 3805/4214/3810 3790/4213/3797 3800/4228/3806 3813/4229/3822
f 3801/4220/3815 3793/4194/3794 3812/4230/3823 3816/4231/3824
f 3806/4218/3813 3791/4217/3795 3809/4232/3808 3823/4233/3825
f 3812/4230/3823 3793/4194/3794 3803/4223/3817 3818/4234/3826
f 3803/4223/3817 3798/4204/3803 3806/4218/3813 3823/4233/3825
f 3796/4200/3799 3805/4214/3810 3813/4229/3822 3808/4212/3809
f 3809/4211/3808 3782/4196/3796 3802/4222/3816 3830/4235/3827
f 3784/4188/3789 3808/4212/3809 3814/4236/3828 3804/4208/3805
f 3815/4237/3829 3810/4238/3812 3787/4207/3792 3804/4208/3805
f 3817/4239/3820 3795/4221/3801 3801/4220/3815 3829/4240/3830
f 3819/4241/3831 3792/4210/3807 3789/4190/3791 3811/4219/3814
f 3821/4242/3832 3799/4215/3811 3810/4216/3812 3834/4243/3833
f 3812/4230/3823 3818/4234/3826 3824/4244/3834 3816/4231/3824
f 3825/4245/3835 3802/4222/3816 3797/4203/3802 3820/4227/3821
f 3826/4246/3836 3818/4234/3826 3803/4223/3817 3823/4233/3825
f 3811/4219/3814 3799/4215/3811 3821/4242/3832 3836/4247/3837
f 3813/4229/3822 3800/4228/3806 3822/4248/3818 3837/4249/3838
f 3801/4220/3815 3816/4231/3824 3827/4250/3839 3829/4240/3830
f 3814/4236/3828 3808/4212/3809 3813/4229/3822 3837/4249/3838
f 3815/4237/3829 3804/4208/3805 3828/4251/3840 3831/4252/3841
f 3828/4251/3840 3804/4208/3805 3814/4236/3828 3833/4253/3842
f 3824/4244/3834 3818/4234/3826 3826/4246/3836 3835/4254/3843
f 3822/4224/3818 3792/4210/3807 3819/4241/3831 3844/4255/3844
f 3827/4250/3839 3816/4231/3824 3824/4244/3834 3843/4256/3845
f 3832/4257/3846 3820/4227/3821 3807/4225/3819 3817/4226/3820
f 3834/4258/3833 3810/4238/3812 3815/4237/3829 3841/4259/3847
f 3835/4254/3843 3823/4233/3825 3809/4232/3808 3830/4260/3827
f 3830/4235/3827 3802/4222/3816 3825/4245/3835 3845/4261/3848
f 3835/4254/3843 3826/4246/3836 3823/4233/3825
f 3832/4262/3846 3817/4239/3820 3829/4240/3830 3842/4263/3849
f 3838/4264/3850 3833/4253/3842 3814/4236/3828 3837/4249/3838
f 3839/4265/3851 3819/4241/3831 3811/4219/3814 3836/4247/3837
f 3828/4251/3840 3833/4253/3842 3840/4266/3852 3831/4252/3841
f 3825/4245/3835 3820/4227/3821 3832/4257/3846 3845/4261/3848
f 3841/4259/3847 3815/4237/3829 3831/4252/3841 3847/4267/3853
f 3842/4263/3849 3829/4240/3830 3827/4250/3839 3843/4256/3845
f 3840/4266/3852 3833/4253/3842 3838/4264/3850 3851/4268/3854
f 3824/4244/3834 3835/4254/3843 3846/4269/3855 3843/4256/3845
f 3835/4254/3843 3830/4260/3827 3845/4270/3848 3850/4271/3856
f 3847/4267/3853 3831/4252/3841 3840/4266/3852 3853/4272/3857
f 3848/4273/3858 3836/4247/3837 3821/4242/3832 3834/4243/3833
f 3849/4274/3859 3837/4249/3838 3822/4248/3818 3844/4275/3844
f 3844/4255/3844 3819/4241/3831 3839/4265/3851 3855/4276/3860
f 3832/4262/3846 3842/4263/3849 3850/4271/3856 3845/4270/3848
f 3838/4264/3850 3837/4249/3838 3849/4274/3859 3851/4268/3854
f 3850/4271/3856 3846/4269/3855 3835/4254/3843
f 3842/4263/3849 3843/4256/3845 3846/4269/3855 3850/4271/3856
f 3848/4277/3858 3834/4258/3833 3841/4259/3847 3852/4278/3861
f 3839/4265/3851 3836/4247/3837 3848/4273/3858 3855/4276/3860
f 3852/4278/3861 3841/4259/3847 3847/4267/3853 3853/4272/3857
f 3840/4266/3852 3851/4268/3854 3854/4279/3862 3853/4272/3857
f 3849/4274/3859 3844/4275/3844 3855/4280/3860 3856/4281/3863
f 3854/4279/3862 3851/4268/3854 3849/4274/3859 3856/4281/3863
f 3848/4277/3858 3852/4278/3861 3856/4281/3863 3855/4280/3860
f 3852/4278/3861 3853/4272/3857 3854/4279/3862 3856/4281/3863
f 3596/3962/3607 3558/3914/3568 3857/4282/3616 3608/3999/3632
f 3551/3909/3564 3858/4283/3610 3857/4282/3616 3558/3914/3568
f 3514/3867/3528 3859/4284/3611 3858/4283/3610 3551/3909/3564
f 3614/4012/3637 3859/4284/3611 3514/3867/3528 3566/3928/3580
f 3504/3864/3525 3453/3799/3469 3860/4285/3532 3534/3943/3573
f 3861/4286/3503 3860/4285/3532 3453/3799/3469 3447/3788/3461
f 3862/4287/3504 3861/4286/3503 3447/3788/3461 3426/3731/3412
f 3426/3731/3412 3458/3766/3444 3479/3868/3529 3862/4287/3504
f 4010/4288/3864 4011/4289/3865 4012/4290/3866 4013/4291/3867
f 1966/4292/1965 3890/4293/3868 3891/4294/3869 1961/4295/1966
f 1968/4296/1969 3894/4297/3870 3895/4298/3871 1969/4299/1970
f 3886/4300/3872 1960/2112/1976 1990/2113/1975 4283/4301/3873
f 4283/4301/3873 1990/2113/1975 1975/2115/1978 3972/4302/3874
f 3976/4303/3875 1976/4304/1982 1989/4305/1981 4278/4306/3876
f 4094/4307/3877 3975/4308/3878 4279/4309/3879 4280/4310/3880
f 4015/4311/3881 4014/4312/3882 4016/4313/3883 4017/4314/3884
f 1964/4315/1991 3889/4316/3885 3890/4293/3868 1966/4292/1965
f 4013/4291/3867 4012/4290/3866 4014/4312/3882 4015/4311/3881
f 3981/4317/3886 1978/4318/1994 1976/4304/1982 3976/4303/3875
f 4094/4307/3877 4095/4319/3887 3980/4320/3888 3975/4308/3878
f 4019/4321/3889 4018/4322/3890 4020/4323/3891 4021/4324/3892
f 4023/4325/3893 4022/4326/3894 4018/4322/3890 4019/4321/3889
f 4025/4327/3895 4024/4328/3896 4022/4326/3894 4023/4325/3893
f 3973/4329/3897 3974/4330/3898 4281/4331/3899 4282/4332/3900
f 3978/4333/3901 3979/4334/3902 3974/4330/3898 3973/4329/3897
f 1969/4299/1970 3895/4298/3871 4131/4335/3903 1982/4336/2011
f 4612/4337/3904 2743/4338/2016 1983/4339/2015 4144/4340/3905
f 4096/4341/3906 3881/4342/3907 4145/4343/3908 4146/4344/3909
f 3881/4342/3907 4096/4341/3906 4173/4345/3910 4174/4346/3911
f 1971/4347/2023 3892/4348/3912 4175/4349/3913 1987/4350/2024
f 3897/4351/3914 1974/2164/2030 1970/2165/2029 3896/4352/3915
f 3884/4353/3916 3883/4354/3917 3878/4355/3918 3877/4356/3919
f 3882/4357/3920 4097/4358/3921 4098/4359/3922 3876/4360/3923
f 3973/4329/3897 4282/4332/3900 4283/4301/3873 3972/4302/3874
f 4282/4332/3900 3863/4361/3924 3886/4300/3872 4283/4301/3873
f 4012/4290/3866 4011/4289/3865 4025/4327/3895 4023/4325/3893
f 4014/4312/3882 4012/4290/3866 4023/4325/3893 4019/4321/3889
f 4016/4313/3883 4014/4312/3882 4019/4321/3889 4021/4324/3892
f 4179/4362/3925 3892/4348/3912 4612/4337/3904 4144/4340/3905
f 4175/4349/3913 3892/4348/3912 4179/4362/3925 4180/4363/3926
f 3894/4297/3870 3893/4364/3927 4181/4365/3928 4182/4366/3929
f 3883/4354/3917 4154/4367/3930 4155/4368/3931 3878/4355/3918
f 3895/4369/3871 3894/4370/3870 4030/4371/3932 4031/4372/3933
f 3894/4373/3870 4182/4374/3929 4183/4375/3934 4030/4376/3932
f 3876/4377/3923 4098/4378/3922 4099/4379/3935 4029/4380/3936
f 4131/4381/3903 3895/4369/3871 4031/4372/3933 4130/4382/3937
f 3877/4383/3919 3878/4384/3918 4027/4385/3938 4028/4386/3939
f 3878/4384/3918 4155/4387/3931 4156/4388/3940 4027/4385/3938
f 3899/4389/3941 3898/4390/3942 3909/4391/3943 3910/4392/3944
f 3911/4393/3945 3900/4394/3946 4100/4395/3947 4101/4396/3948
f 3912/4397/3949 3901/4398/3950 4184/4399/3951 4185/4400/3952
f 3902/4401/3953 3901/4402/3950 3912/4403/3949 3913/4404/3954
f 4128/4405/3955 4129/4406/3956 3902/4401/3953 3913/4404/3954
f 3909/4391/3943 3898/4390/3942 4157/4407/3957 4158/4408/3958
f 1973/4409/2074 3893/4364/3927 3894/4297/3870 1968/4296/1969
f 3915/4410/3959 3909/4391/3943 4158/4408/3958 4159/4411/3960
f 3916/4412/3961 3910/4392/3944 3909/4391/3943 3915/4410/3959
f 3917/4413/3962 3911/4393/3945 4101/4396/3948 4102/4414/3963
f 3918/4415/3964 3912/4397/3949 4185/4400/3952 4186/4416/3965
f 3919/4417/3966 3913/4404/3954 3912/4403/3949 3918/4418/3964
f 4127/4419/3967 4128/4405/3955 3913/4404/3954 3919/4417/3966
f 3915/4410/3959 4159/4411/3960 4160/4420/3968 3921/4421/3969
f 3916/4412/3961 3915/4410/3959 3921/4421/3969 3922/4422/3970
f 3917/4413/3962 4102/4414/3963 4103/4423/3971 3923/4424/3972
f 3918/4415/3964 4186/4416/3965 4187/4425/3973 3924/4426/3974
f 3919/4417/3966 3918/4418/3964 3924/4427/3974 3925/4428/3975
f 4127/4419/3967 3919/4417/3966 3925/4428/3975 4126/4429/3976
f 3921/4421/3969 4160/4420/3968 4161/4430/3977 3966/4431/3978
f 3922/4422/3970 3921/4421/3969 3966/4431/3978 3967/4432/3979
f 3923/4424/3972 4103/4423/3971 4104/4433/3980 3968/4434/3981
f 3924/4426/3974 4187/4425/3973 4188/4435/3982 3969/4436/3983
f 3925/4428/3975 3924/4427/3974 3969/4437/3983 3970/4438/3984
f 4126/4429/3976 3925/4428/3975 3970/4438/3984 4125/4439/3985
f 3905/4440/3986 3904/4441/3987 3940/4442/3988 3941/4443/3989
f 3904/4444/3987 4190/4445/3990 4191/4446/3991 3940/4447/3988
f 3906/4448/3992 4106/4449/3993 4107/4450/3994 3939/4451/3995
f 4123/4452/3996 3905/4440/3986 3941/4443/3989 4122/4453/3997
f 4228/4454/3998 4229/4455/3999 4230/4456/4000 4231/4457/4001
f 4229/4455/3999 4232/4458/4002 4233/4459/4003 4230/4456/4000
f 3927/4460/4004 3926/4461/4005 3960/4462/4006 3961/4463/4007
f 3928/4464/4008 4111/4465/4009 4112/4466/4010 3962/4467/4011
f 3929/4468/4012 4195/4469/4013 4196/4470/4014 3963/4471/4015
f 3930/4472/4016 3929/4473/4012 3963/4474/4015 3964/4475/4017
f 4118/4476/4018 3930/4472/4016 3964/4475/4017 4117/4477/4019
f 3926/4461/4005 4166/4478/4020 4167/4479/4021 3960/4462/4006
f 3933/4480/4022 3932/4481/4023 3942/4482/4024 3943/4483/4025
f 3934/4484/4026 4109/4485/4027 4110/4486/4028 3944/4487/4029
f 3935/4488/4030 4193/4489/4031 4194/4490/4032 3945/4491/4033
f 3936/4492/4034 3935/4493/4030 3945/4494/4033 3946/4495/4035
f 4120/4496/4036 3936/4492/4034 3946/4495/4035 4119/4497/4037
f 3932/4481/4023 4164/4498/4038 4165/4499/4039 3942/4482/4024
f 4230/4456/4000 4233/4459/4003 4234/4500/4040 4235/4501/4041
f 4231/4457/4001 4230/4456/4000 4235/4501/4041 4236/4502/4042
f 3939/4451/3995 4107/4450/3994 4108/4503/4043 3951/4504/4044
f 3940/4447/3988 4191/4446/3991 4192/4505/4045 3952/4506/4046
f 3941/4443/3989 3940/4442/3988 3952/4507/4046 3953/4508/4047
f 4122/4453/3997 3941/4443/3989 3953/4508/4047 4121/4509/4048
f 3943/4483/4025 3942/4482/4024 3926/4461/4005 3927/4460/4004
f 3944/4487/4029 4110/4486/4028 4111/4465/4009 3928/4464/4008
f 3945/4491/4033 4194/4490/4032 4195/4469/4013 3929/4468/4012
f 3946/4495/4035 3945/4494/4033 3929/4473/4012 3930/4472/4016
f 4119/4497/4037 3946/4495/4035 3930/4472/4016 4118/4476/4018
f 3942/4482/4024 4165/4499/4039 4166/4478/4020 3926/4461/4005
f 3949/4510/4049 4163/4511/4050 4164/4498/4038 3932/4481/4023
f 3950/4512/4051 3949/4510/4049 3932/4481/4023 3933/4480/4022
f 3951/4504/4044 4108/4503/4043 4109/4485/4027 3934/4484/4026
f 3952/4506/4046 4192/4505/4045 4193/4489/4031 3935/4488/4030
f 3953/4508/4047 3952/4507/4046 3935/4493/4030 3936/4492/4034
f 4121/4509/4048 3953/4508/4047 3936/4492/4034 4120/4496/4036
f 3955/4513/4052 3954/4514/4053 4217/4515/4054 4218/4516/4055
f 3956/4517/4056 4113/4518/4057 4219/4519/4058 4220/4520/4059
f 3957/4521/4060 4197/4522/4061 4221/4523/4062 4222/4524/4063
f 3958/4525/4064 3957/4526/4060 4222/4527/4063 4223/4528/4065
f 4116/4529/4066 3958/4525/4064 4223/4528/4065 4224/4530/4067
f 3954/4514/4053 4168/4531/4068 4216/4532/4069 4217/4515/4054
f 3961/4463/4007 3960/4462/4006 4270/4533/4070 4271/4534/4071
f 3962/4467/4011 4112/4466/4010 4272/4535/4072 4273/4536/4073
f 3963/4471/4015 4196/4470/4014 4274/4537/4074 4275/4538/4075
f 3964/4475/4017 3963/4474/4015 4275/4539/4075 4276/4540/4076
f 4117/4477/4019 3964/4475/4017 4276/4540/4076 4277/4541/4077
f 3960/4462/4006 4167/4479/4021 4269/4542/4078 4270/4533/4070
f 3967/4432/3979 3966/4431/3978 4072/4543/4079 4073/4544/4080
f 3968/4434/3981 4104/4433/3980 4105/4545/4081 4074/4546/4082
f 3969/4436/3983 4188/4435/3982 4189/4547/4083 4075/4548/4084
f 3970/4438/3984 3969/4437/3983 4075/4549/4084 4076/4550/4085
f 4125/4439/3985 3970/4438/3984 4076/4550/4085 4124/4551/4086
f 3966/4431/3978 4161/4430/3977 4162/4552/4087 4072/4543/4079
f 3972/4302/3874 1975/2115/1978 1977/2367/2205 3977/4553/4088
f 3978/4333/3901 3973/4329/3897 3972/4302/3874 3977/4553/4088
f 3977/4553/4088 1977/2367/2205 1984/2369/2207 4149/4554/4089
f 4148/4555/4090 3978/4333/3901 3977/4553/4088 4149/4554/4089
f 3979/4334/3902 3978/4333/3901 4148/4555/4090 4147/4556/4091
f 4145/4343/3908 3980/4320/3888 4095/4319/3887 4146/4344/3909
f 1978/4318/1994 3981/4317/3886 4144/4340/3905 1983/4339/2015
f 3995/4557/4092 3994/4558/4093 4008/4559/4094 4009/4560/4095
f 3996/4561/4096 3995/4557/4092 4009/4560/4095 4002/4562/4097
f 3997/4563/4098 3996/4561/4096 4002/4562/4097 4003/4564/4099
f 3998/4565/4100 3997/4563/4098 4003/4564/4099 4004/4566/4101
f 3999/4567/4102 3998/4568/4100 4004/4569/4101 4005/4570/4103
f 4000/4571/4104 3999/4567/4102 4005/4570/4103 4006/4572/4105
f 4001/4573/4106 4000/4571/4104 4006/4572/4105 4007/4574/4107
f 3994/4558/4093 4001/4573/4106 4007/4574/4107 4008/4559/4094
f 4003/4564/4099 4002/4562/4097 4056/4575/4108 4057/4576/4109
f 4004/4566/4101 4003/4564/4099 4057/4576/4109 4058/4577/4110
f 4005/4570/4103 4004/4569/4101 4058/4578/4110 4059/4579/4111
f 4006/4572/4105 4005/4570/4103 4059/4579/4111 4060/4580/4112
f 4007/4574/4107 4006/4572/4105 4060/4580/4112 4061/4581/4113
f 4008/4559/4094 4007/4574/4107 4061/4581/4113 4062/4582/4114
f 4009/4560/4095 4008/4559/4094 4062/4582/4114 4063/4583/4115
f 4002/4562/4097 4009/4560/4095 4063/4583/4115 4056/4575/4108
f 1960/2112/1976 3886/4300/3872 4078/4584/4116 4079/4585/4117
f 1967/2402/2236 1960/2112/1976 4079/4585/4117 4080/4586/4118
f 1965/2404/2238 1967/2402/2236 4080/4586/4118 4081/4587/4119
f 3863/4361/3924 3875/4588/4120 4088/4589/4121 4089/4590/4122
f 4078/4584/4116 3886/4300/3872 3863/4361/3924 4089/4590/4122
f 4027/4385/3938 4156/4388/3940 4157/4407/3957 3898/4390/3942
f 4028/4386/3939 4027/4385/3938 3898/4390/3942 3899/4389/3941
f 4029/4380/3936 4099/4379/3935 4100/4395/3947 3900/4394/3946
f 4030/4376/3932 4183/4375/3934 4184/4399/3951 3901/4398/3950
f 4031/4372/3933 4030/4371/3932 3901/4402/3950 3902/4401/3953
f 4130/4382/3937 4031/4372/3933 3902/4401/3953 4129/4406/3956
f 4033/4591/4123 4032/4592/4124 4046/4593/4125 4047/4594/4126
f 4034/4595/4127 4033/4591/4123 4047/4594/4126 4040/4596/4128
f 4035/4597/4129 4034/4595/4127 4040/4596/4128 4041/4598/4130
f 4036/4599/4131 4035/4597/4129 4041/4598/4130 4042/4600/4132
f 4037/4601/4133 4036/4602/4131 4042/4603/4132 4043/4604/4134
f 4038/4605/4135 4037/4601/4133 4043/4604/4134 4044/4606/4136
f 4039/4607/4137 4038/4605/4135 4044/4606/4136 4045/4608/4138
f 4032/4592/4124 4039/4607/4137 4045/4608/4138 4046/4593/4125
f 4041/4598/4130 4040/4596/4128 4064/4609/4139 4065/4610/4140
f 4042/4600/4132 4041/4598/4130 4065/4610/4140 4066/4611/4141
f 4043/4604/4134 4042/4603/4132 4066/4612/4141 4067/4613/4142
f 4044/4606/4136 4043/4604/4134 4067/4613/4142 4068/4614/4143
f 4045/4608/4138 4044/4606/4136 4068/4614/4143 4069/4615/4144
f 4046/4593/4125 4045/4608/4138 4069/4615/4144 4070/4616/4145
f 4047/4594/4126 4046/4593/4125 4070/4616/4145 4071/4617/4146
f 4040/4596/4128 4047/4594/4126 4071/4617/4146 4064/4609/4139
f 4049/4618/4147 4048/4619/4148 4205/4620/4149 4198/4621/4150
f 4050/4622/4151 4049/4618/4147 4198/4621/4150 4199/4623/4152
f 4051/4624/4153 4050/4622/4151 4199/4623/4152 4200/4625/4154
f 4052/4626/4155 4051/4624/4153 4200/4625/4154 4201/4627/4156
f 4053/4628/4157 4052/4626/4155 4201/4627/4156 4202/4629/4158
f 4054/4630/4159 4053/4631/4157 4202/4632/4158 4203/4633/4160
f 4055/4634/4161 4054/4630/4159 4203/4633/4160 4204/4635/4162
f 4048/4619/4148 4055/4634/4161 4204/4635/4162 4205/4620/4149
f 4057/4576/4109 4056/4575/4108 4051/4624/4153 4052/4626/4155
f 4058/4577/4110 4057/4576/4109 4052/4626/4155 4053/4628/4157
f 4059/4579/4111 4058/4578/4110 4053/4631/4157 4054/4630/4159
f 4060/4580/4112 4059/4579/4111 4054/4630/4159 4055/4634/4161
f 4061/4581/4113 4060/4580/4112 4055/4634/4161 4048/4619/4148
f 4062/4582/4114 4061/4581/4113 4048/4619/4148 4049/4618/4147
f 4063/4583/4115 4062/4582/4114 4049/4618/4147 4050/4622/4151
f 4056/4575/4108 4063/4583/4115 4050/4622/4151 4051/4624/4153
f 4065/4610/4140 4064/4609/4139 3123/3425/3136 3107/3399/3113
f 4066/4611/4141 4065/4610/4140 3107/3399/3113 3105/3398/3109
f 4067/4613/4142 4066/4612/4141 3105/3393/3109 3106/3390/3106
f 4068/4614/4143 4067/4613/4142 3106/3390/3106 3104/3389/3105
f 4069/4615/4144 4068/4614/4143 3104/3389/3105 3114/3403/3117
f 4070/4616/4145 4069/4615/4144 3114/3403/3117 3121/3416/3128
f 4071/4617/4146 4070/4616/4145 3121/3416/3128 3131/3435/3145
f 4064/4609/4139 4071/4617/4146 3131/3435/3145 3123/3425/3136
f 4238/4636/4163 4237/4637/4164 4229/4455/3999 4228/4454/3998
f 4074/4546/4082 4105/4545/4081 4106/4449/3993 3906/4448/3992
f 4075/4548/4084 4189/4547/4083 4190/4445/3990 3904/4444/3987
f 4076/4550/4085 4075/4549/4084 3904/4441/3987 3905/4440/3986
f 4124/4551/4086 4076/4550/4085 3905/4440/3986 4123/4452/3996
f 4237/4637/4164 4239/4638/4165 4232/4458/4002 4229/4455/3999
f 4079/4585/4117 4078/4584/4116 4133/4639/4166 4134/4640/4167
f 4080/4586/4118 4079/4585/4117 4134/4640/4167 4135/4641/4168
f 4081/4587/4119 4080/4586/4118 4135/4641/4168 4136/4642/4169
f 4082/4643/4170 4081/4587/4119 4136/4642/4169 4137/4644/4171
f 4083/4645/4172 4082/4643/4170 4137/4644/4171 4138/4646/4173
f 4083/4645/4172 4138/4646/4173 4139/4647/4174 4084/4648/4175
f 4088/4589/4121 4087/4649/4176 4142/4650/4177 4143/4651/4178
f 4089/4590/4122 4088/4589/4121 4143/4651/4178 4132/4652/4179
f 4133/4639/4166 4078/4584/4116 4089/4590/4122 4132/4652/4179
f 4140/4653/4180 4085/4654/4181 4084/4648/4175 4139/4647/4174
f 4141/4655/4182 4086/4656/4183 4085/4654/4181 4140/4653/4180
f 4087/4649/4176 4086/4656/4183 4141/4655/4182 4142/4650/4177
f 4288/4657/4184 3982/4658/4185 3990/4659/4186 4287/4660/4187
f 3974/4330/3898 4094/4307/3877 4280/4310/3880 4281/4331/3899
f 3974/4330/3898 3979/4334/3902 4095/4319/3887 4094/4307/3877
f 4095/4319/3887 3979/4334/3902 4147/4556/4091 4146/4344/3909
f 4173/4345/3910 4096/4341/3906 3880/4661/4188 4172/4662/4189
f 4098/4359/3922 4097/4358/3921 3884/4353/3916 3877/4356/3919
f 4099/4379/3935 4098/4378/3922 3877/4383/3919 4028/4386/3939
f 4100/4395/3947 4099/4379/3935 4028/4386/3939 3899/4389/3941
f 4100/4395/3947 3899/4389/3941 3910/4392/3944 4101/4396/3948
f 4101/4396/3948 3910/4392/3944 3916/4412/3961 4102/4414/3963
f 4103/4423/3971 4102/4414/3963 3916/4412/3961 3922/4422/3970
f 4104/4433/3980 4103/4423/3971 3922/4422/3970 3967/4432/3979
f 4105/4545/4081 4104/4433/3980 3967/4432/3979 4073/4544/4080
f 4106/4449/3993 4105/4545/4081 4073/4544/4080 3907/4663/4190
f 4107/4450/3994 4106/4449/3993 3907/4663/4190 3938/4664/4191
f 4108/4503/4043 4107/4450/3994 3938/4664/4191 3950/4512/4051
f 4109/4485/4027 4108/4503/4043 3950/4512/4051 3933/4480/4022
f 4110/4486/4028 4109/4485/4027 3933/4480/4022 3943/4483/4025
f 4111/4465/4009 4110/4486/4028 3943/4483/4025 3927/4460/4004
f 4111/4465/4009 3927/4460/4004 3961/4463/4007 4112/4466/4010
f 4272/4535/4072 4112/4466/4010 3961/4463/4007 4271/4534/4071
f 4219/4519/4058 4113/4518/4057 3955/4513/4052 4218/4516/4055
f 4092/4665/4192 4093/4666/4193 3866/4667/4194 3870/4668/4195
f 3875/4588/4120 3874/4669/4196 4087/4649/4176 4088/4589/4121
f 3874/4669/4196 3873/4670/4197 4086/4656/4183 4087/4649/4176
f 4091/4671/4198 4090/4672/4199 3869/4673/4200 3867/4674/4201
f 3873/4670/4197 3872/4675/4202 4085/4654/4181 4086/4656/4183
f 4090/4672/4199 4091/4671/4198 3872/4675/4202 3873/4670/4197
f 4090/4672/4199 3873/4670/4197 3874/4669/4196 4092/4665/4192
f 3874/4669/4196 3875/4588/4120 4093/4666/4193 4092/4665/4192
f 3870/4668/4195 3869/4673/4200 4090/4672/4199 4092/4665/4192
f 4083/4645/4172 3887/4676/4203 1963/2495/2323 4082/4643/4170
f 4082/4643/4170 1963/2495/2323 1965/2404/2238 4081/4587/4119
f 3887/4676/4203 4083/4645/4172 4084/4648/4175 3868/4677/4204
f 3986/4678/4205 4290/4679/4206 4291/4680/4207 3991/4681/4208
f 3983/4682/4209 3982/4658/4185 4288/4657/4184 4289/4683/4210
f 4115/4684/4211 3986/4685/4205 3991/4686/4208 3992/4687/4212
f 3986/4678/4205 3983/4682/4209 4289/4683/4210 4290/4679/4206
f 4085/4654/4181 3872/4675/4202 3868/4677/4204 4084/4648/4175
f 4091/4671/4198 3867/4674/4201 3982/4688/4185 3983/4689/4209
f 3986/4685/4205 3872/4675/4202 4091/4671/4198 3983/4689/4209
f 4114/4690/4213 1981/2510/2335 1963/2495/2323 3887/4676/4203
f 4114/4690/4213 3887/4676/4203 3868/4677/4204 4115/4684/4211
f 3986/4685/4205 4115/4684/4211 3868/4677/4204 3872/4675/4202
f 3959/4691/4214 4116/4529/4066 4224/4530/4067 4225/4692/4215
f 3965/4693/4216 4117/4477/4019 4277/4541/4077 4268/4694/4217
f 3965/4693/4216 3931/4695/4218 4118/4476/4018 4117/4477/4019
f 3947/4696/4219 4119/4497/4037 4118/4476/4018 3931/4695/4218
f 3937/4697/4220 4120/4496/4036 4119/4497/4037 3947/4696/4219
f 3948/4698/4221 4121/4509/4048 4120/4496/4036 3937/4697/4220
f 4241/4699/4222 4240/4700/4223 4242/4701/4224 4243/4702/4225
f 4245/4703/4226 4244/4704/4227 4240/4700/4223 4241/4699/4222
f 4247/4705/4228 4246/4706/4229 4244/4704/4227 4245/4703/4226
f 3971/4707/4230 4125/4439/3985 4124/4551/4086 4077/4708/4231
f 3920/4709/4232 4126/4429/3976 4125/4439/3985 3971/4707/4230
f 3914/4710/4233 4127/4419/3967 4126/4429/3976 3920/4709/4232
f 3908/4711/4234 4128/4405/3955 4127/4419/3967 3914/4710/4233
f 3903/4712/4235 4129/4406/3956 4128/4405/3955 3908/4711/4234
f 4026/4713/4236 4130/4382/3937 4129/4406/3956 3903/4712/4235
f 3896/4714/3915 4131/4381/3903 4130/4382/3937 4026/4713/4236
f 1982/2535/2011 4131/4715/3903 3896/4352/3915 1970/2165/2029
f 4011/4289/3865 4133/4639/4166 4132/4652/4179 4025/4327/3895
f 4134/4640/4167 4133/4639/4166 4011/4289/3865 4010/4288/3864
f 4135/4641/4168 4134/4640/4167 4010/4288/3864 4013/4291/3867
f 4136/4642/4169 4135/4641/4168 4013/4291/3867 4015/4311/3881
f 4137/4644/4171 4136/4642/4169 4015/4311/3881 4017/4314/3884
f 4138/4646/4173 4137/4644/4171 4017/4314/3884 4016/4313/3883
f 4138/4646/4173 4016/4313/3883 4021/4324/3892 4139/4647/4174
f 4020/4323/3891 4140/4653/4180 4139/4647/4174 4021/4324/3892
f 4018/4322/3890 4141/4655/4182 4140/4653/4180 4020/4323/3891
f 4142/4650/4177 4141/4655/4182 4018/4322/3890 4022/4326/3894
f 4143/4651/4178 4142/4650/4177 4022/4326/3894 4024/4328/3896
f 4132/4652/4179 4143/4651/4178 4024/4328/3896 4025/4327/3895
f 4149/4554/4089 1984/2369/2207 1985/2537/2360 4151/4716/4237
f 4150/4717/4238 3879/4718/4239 3880/4661/4188 4147/4556/4091
f 3885/4719/4240 4151/4716/4237 1985/2537/2360 1972/2542/2364
f 3880/4661/4188 3879/4718/4239 4171/4720/4241 4172/4662/4189
f 4169/4721/4242 3885/4719/4240 1972/2542/2364 1986/2545/2367
f 3879/4718/4239 4150/4717/4238 4152/4722/4243 4153/4723/4244
f 4171/4720/4241 3879/4718/4239 4153/4723/4244 4170/4724/4245
f 3880/4661/4188 4096/4341/3906 4146/4344/3909 4147/4556/4091
f 4151/4716/4237 3885/4719/4240 4153/4723/4244 4152/4722/4243
f 3885/4719/4240 4169/4721/4242 4170/4724/4245 4153/4723/4244
f 3897/4351/3914 3896/4352/3915 4155/4368/3931 4154/4367/3930
f 3896/4714/3915 4026/4713/4236 4156/4388/3940 4155/4387/3931
f 4026/4713/4236 3903/4712/4235 4157/4407/3957 4156/4388/3940
f 4158/4408/3958 4157/4407/3957 3903/4712/4235 3908/4711/4234
f 4159/4411/3960 4158/4408/3958 3908/4711/4234 3914/4710/4233
f 3914/4710/4233 3920/4709/4232 4160/4420/3968 4159/4411/3960
f 3920/4709/4232 3971/4707/4230 4161/4430/3977 4160/4420/3968
f 3971/4707/4230 4077/4708/4231 4162/4552/4087 4161/4430/3977
f 4247/4705/4228 4245/4703/4226 4232/4458/4002 4239/4638/4165
f 4245/4703/4226 4241/4699/4222 4233/4459/4003 4232/4458/4002
f 4241/4699/4222 4243/4702/4225 4234/4500/4040 4233/4459/4003
f 3948/4698/4221 3937/4697/4220 4164/4498/4038 4163/4511/4050
f 3937/4697/4220 3947/4696/4219 4165/4499/4039 4164/4498/4038
f 3947/4696/4219 3931/4695/4218 4166/4478/4020 4165/4499/4039
f 4166/4478/4020 3931/4695/4218 3965/4693/4216 4167/4479/4021
f 3965/4693/4216 4268/4694/4217 4269/4542/4078 4167/4479/4021
f 3959/4691/4214 4225/4692/4215 4216/4532/4069 4168/4531/4068
f 4149/4554/4089 4151/4716/4237 4152/4722/4243 4148/4555/4090
f 4147/4556/4091 4148/4555/4090 4152/4722/4243 4150/4717/4238
f 3897/4351/3914 4169/4721/4242 1986/2545/2367 1974/2164/2030
f 4169/4721/4242 3897/4351/3914 4154/4367/3930 4170/4724/4245
f 3883/4354/3917 4171/4720/4241 4170/4724/4245 4154/4367/3930
f 4172/4662/4189 4171/4720/4241 3883/4354/3917 3884/4353/3916
f 4097/4358/3921 4173/4345/3910 4172/4662/4189 3884/4353/3916
f 4174/4346/3911 4173/4345/3910 4097/4358/3921 3882/4357/3920
f 3893/4364/3927 4175/4349/3913 4180/4363/3926 4181/4365/3928
f 1987/4350/2024 4175/4349/3913 3893/4364/3927 1973/4409/2074
f 3870/4668/4195 3890/4293/3868 3889/4316/3885 3869/4673/4200
f 3891/4294/3869 3890/4293/3868 3870/4668/4195 3866/4667/4194
f 3975/4308/3878 3976/4303/3875 4278/4306/3876 4279/4309/3879
f 3975/4308/3878 3980/4320/3888 3981/4317/3886 3976/4303/3875
f 3981/4317/3886 3980/4320/3888 4145/4343/3908 4144/4340/3905
f 3881/4342/3907 4179/4362/3925 4144/4340/3905 4145/4343/3908
f 4180/4363/3926 4179/4362/3925 3881/4342/3907 4174/4346/3911
f 4181/4365/3928 4180/4363/3926 4174/4346/3911 3882/4357/3920
f 4182/4366/3929 4181/4365/3928 3882/4357/3920 3876/4360/3923
f 4183/4375/3934 4182/4374/3929 3876/4377/3923 4029/4380/3936
f 4184/4399/3951 4183/4375/3934 4029/4380/3936 3900/4394/3946
f 4184/4399/3951 3900/4394/3946 3911/4393/3945 4185/4400/3952
f 4185/4400/3952 3911/4393/3945 3917/4413/3962 4186/4416/3965
f 4187/4425/3973 4186/4416/3965 3917/4413/3962 3923/4424/3972
f 4188/4435/3982 4187/4425/3973 3923/4424/3972 3968/4434/3981
f 4189/4547/4083 4188/4435/3982 3968/4434/3981 4074/4546/4082
f 4190/4445/3990 4189/4547/4083 4074/4546/4082 3906/4448/3992
f 4191/4446/3991 4190/4445/3990 3906/4448/3992 3939/4451/3995
f 4192/4505/4045 4191/4446/3991 3939/4451/3995 3951/4504/4044
f 4193/4489/4031 4192/4505/4045 3951/4504/4044 3934/4484/4026
f 4194/4490/4032 4193/4489/4031 3934/4484/4026 3944/4487/4029
f 4195/4469/4013 4194/4490/4032 3944/4487/4029 3928/4464/4008
f 4195/4469/4013 3928/4464/4008 3962/4467/4011 4196/4470/4014
f 4274/4537/4074 4196/4470/4014 3962/4467/4011 4273/4536/4073
f 4221/4523/4062 4197/4522/4061 3956/4517/4056 4220/4520/4059
f 1980/2549/2371 1981/2510/2335 4114/4690/4213 3993/4725/4246
f 3992/4687/4212 3993/4725/4246 4114/4690/4213 4115/4684/4211
f 4227/4726/4247 4226/4727/4248 3993/4725/4246 3992/4687/4212
f 4199/4623/4152 4198/4621/4150 4032/4592/4124 4033/4591/4123
f 4200/4625/4154 4199/4623/4152 4033/4591/4123 4034/4595/4127
f 4201/4627/4156 4200/4625/4154 4034/4595/4127 4035/4597/4129
f 4202/4629/4158 4201/4627/4156 4035/4597/4129 4036/4599/4131
f 4203/4633/4160 4202/4632/4158 4036/4602/4131 4037/4601/4133
f 4204/4635/4162 4203/4633/4160 4037/4601/4133 4038/4605/4135
f 4205/4620/4149 4204/4635/4162 4038/4605/4135 4039/4607/4137
f 4198/4621/4150 4205/4620/4149 4039/4607/4137 4032/4592/4124
f 4208/4728/4249 4209/4729/4250 4251/4730/4251 4250/4731/4252
f 4207/4732/4253 4208/4728/4249 4250/4731/4252 4249/4733/4254
f 4209/4729/4250 4210/4734/4255 4252/4735/4256 4251/4730/4251
f 4206/4736/4257 4207/4732/4253 4249/4733/4254 4248/4737/4258
f 4210/4734/4255 4211/4738/4259 4253/4739/4260 4252/4735/4256
f 4217/4515/4054 4216/4532/4069 4257/4740/4261 4248/4737/4258
f 4249/4733/4254 4218/4516/4055 4217/4515/4054 4248/4737/4258
f 4219/4519/4058 4218/4516/4055 4249/4733/4254 4250/4731/4252
f 4220/4520/4059 4219/4519/4058 4250/4731/4252 4251/4730/4251
f 4221/4523/4062 4220/4520/4059 4251/4730/4251 4252/4735/4256
f 4222/4524/4063 4221/4523/4062 4252/4735/4256 4253/4739/4260
f 4223/4528/4065 4222/4527/4063 4253/4741/4260 4254/4742/4262
f 4224/4530/4067 4223/4528/4065 4254/4742/4262 4255/4743/4263
f 4225/4692/4215 4224/4530/4067 4255/4743/4263 4256/4744/4264
f 4216/4532/4069 4225/4692/4215 4256/4744/4264 4257/4740/4261
f 1964/4315/1991 1962/4745/2392 3888/4746/4265 3889/4316/3885
f 3889/4316/3885 3888/4746/4265 3867/4674/4201 3869/4673/4200
f 1979/4747/2393 3988/4748/4266 3888/4746/4265 1962/4745/2392
f 3938/4664/4191 3907/4663/4190 4228/4454/3998 4231/4457/4001
f 4163/4511/4050 3949/4510/4049 4235/4501/4041 4234/4500/4040
f 3949/4510/4049 3950/4512/4051 4236/4502/4042 4235/4501/4041
f 3950/4512/4051 3938/4664/4191 4231/4457/4001 4236/4502/4042
f 4073/4544/4080 4072/4543/4079 4237/4637/4164 4238/4636/4163
f 3907/4663/4190 4073/4544/4080 4238/4636/4163 4228/4454/3998
f 4072/4543/4079 4162/4552/4087 4239/4638/4165 4237/4637/4164
f 4122/4453/3997 4121/4509/4048 4242/4701/4224 4240/4700/4223
f 4121/4509/4048 3948/4698/4221 4243/4702/4225 4242/4701/4224
f 4123/4452/3996 4122/4453/3997 4240/4700/4223 4244/4704/4227
f 4077/4708/4231 4124/4551/4086 4246/4706/4229 4247/4705/4228
f 4124/4551/4086 4123/4452/3996 4244/4704/4227 4246/4706/4229
f 4162/4552/4087 4077/4708/4231 4247/4705/4228 4239/4638/4165
f 3948/4698/4221 4163/4511/4050 4234/4500/4040 4243/4702/4225
f 4212/4749/4267 4254/4742/4262 4253/4741/4260 4211/4750/4259
f 4255/4743/4263 4254/4742/4262 4212/4749/4267 4213/4751/4268
f 4214/4752/4269 4256/4744/4264 4255/4743/4263 4213/4751/4268
f 4215/4753/4270 4257/4740/4261 4256/4744/4264 4214/4752/4269
f 4258/4754/4271 3959/4691/4214 4168/4531/4068 4259/4755/4272
f 4260/4756/4273 4259/4755/4272 4168/4531/4068 3954/4514/4053
f 4261/4757/4274 4260/4756/4273 3954/4514/4053 3955/4513/4052
f 4113/4518/4057 4262/4758/4275 4261/4757/4274 3955/4513/4052
f 4263/4759/4276 4262/4758/4275 4113/4518/4057 3956/4517/4056
f 4197/4522/4061 4264/4760/4277 4263/4759/4276 3956/4517/4056
f 4265/4761/4278 4264/4760/4277 4197/4522/4061 3957/4521/4060
f 4266/4762/4279 4265/4763/4278 3957/4526/4060 3958/4525/4064
f 4267/4764/4280 4266/4762/4279 3958/4525/4064 4116/4529/4066
f 4258/4754/4271 4267/4764/4280 4116/4529/4066 3959/4691/4214
f 4259/4755/4272 4269/4542/4078 4268/4694/4217 4258/4754/4271
f 4260/4756/4273 4270/4533/4070 4269/4542/4078 4259/4755/4272
f 4261/4757/4274 4271/4534/4071 4270/4533/4070 4260/4756/4273
f 4262/4758/4275 4272/4535/4072 4271/4534/4071 4261/4757/4274
f 4263/4759/4276 4273/4536/4073 4272/4535/4072 4262/4758/4275
f 4264/4760/4277 4274/4537/4074 4273/4536/4073 4263/4759/4276
f 4265/4761/4278 4275/4538/4075 4274/4537/4074 4264/4760/4277
f 4266/4762/4279 4276/4540/4076 4275/4539/4075 4265/4763/4278
f 4277/4541/4077 4276/4540/4076 4266/4762/4279 4267/4764/4280
f 4258/4754/4271 4268/4694/4217 4277/4541/4077 4267/4764/4280
f 3891/4294/3869 4278/4306/3876 1989/4305/1981 1961/4295/1966
f 3866/4667/4194 4279/4309/3879 4278/4306/3876 3891/4294/3869
f 4280/4310/3880 4279/4309/3879 3866/4667/4194 4093/4666/4193
f 3875/4588/4120 4281/4331/3899 4280/4310/3880 4093/4666/4193
f 4282/4332/3900 4281/4331/3899 3875/4588/4120 3863/4361/3924
f 4226/4727/4248 1988/2590/2409 1980/2549/2371 3993/4725/4246
f 1007/2591/1025 2737/2985/2411 4609/4765/4281 2934/4766/2947
f 4287/4767/4187 3990/4768/4186 3984/4769/4282 4286/4770/4283
f 4286/4770/4283 3984/4769/4282 3985/4771/4284 4285/4772/4285
f 4285/4772/4285 3985/4771/4284 3987/4773/4286 4284/4774/4287
f 4284/4774/4287 3987/4773/4286 3991/4681/4208 4291/4680/4207
f 2744/4775/2418 4613/4776/4288 3988/4748/4266 1979/4747/2393
f 3982/4688/4185 3867/4674/4201 3989/4777/4289 3990/4778/4186
f 3888/4746/4265 3988/4748/4266 3989/4777/4289 3867/4674/4201
f 4609/4765/4281 4226/4727/4248 4227/4726/4247 4176/4779/4290
f 3865/4780/4291 3984/4781/4282 3990/4778/4186 3989/4777/4289
f 3864/4782/4292 3992/4687/4212 3991/4686/4208 3987/4783/4286
f 3989/4777/4289 3988/4748/4266 4178/4784/4293 3865/4780/4291
f 4178/4784/4293 3988/4748/4266 4613/4776/4288 4610/4785/4294
f 3864/4782/4292 4176/4779/4290 4227/4726/4247 3992/4687/4212
f 4611/4786/4295 4609/4765/4281 4176/4779/4290 4177/4787/4296
f 3987/4783/4286 3985/4788/4284 3871/4789/4297 3864/4782/4292
f 3871/4790/4297 3985/4791/4284 3984/4781/4282 3865/4780/4291
f 4177/4787/4296 4176/4779/4290 3864/4782/4292 3871/4789/4297
f 4177/4792/4296 3871/4790/4297 3865/4780/4291 4178/4784/4293
f 4285/4772/4285 4284/4774/4287 3995/4557/4092 3996/4561/4096
f 4286/4770/4283 4285/4772/4285 3996/4561/4096 3997/4563/4098
f 4287/4767/4187 4286/4770/4283 3997/4563/4098 3998/4565/4100
f 4288/4657/4184 4287/4660/4187 3998/4568/4100 3999/4567/4102
f 4289/4683/4210 4288/4657/4184 3999/4567/4102 4000/4571/4104
f 4001/4573/4106 4290/4679/4206 4289/4683/4210 4000/4571/4104
f 4291/4680/4207 4290/4679/4206 4001/4573/4106 3994/4558/4093
f 4284/4774/4287 4291/4680/4207 3994/4558/4093 3995/4557/4092
f 4299/4793/4298 4298/4794/4299 4300/4795/4300 4301/4796/4301
f 4298/4797/4299 4303/4798/4302 4302/4799/4303 4300/4800/4300
f 4296/4801/4304 4294/4802/4305 4308/4803/4306 4309/4804/4307
f 4308/4805/4306 4307/4806/4308 4320/4807/4309 4321/4808/4310
f 4309/4804/4307 4308/4803/4306 4321/4809/4310 4316/4810/4311
f 4309/4804/4307 4316/4810/4311 4317/4811/4312 4304/4812/4313
f 4311/4813/4314 4310/4814/4315 4301/4796/4301 4300/4795/4300
f 4312/4815/4316 4311/4816/4314 4300/4800/4300 4302/4799/4303
f 4303/4798/4302 4313/4817/4317 4312/4815/4316 4302/4799/4303
f 4314/4818/4318 4313/4817/4317 4303/4798/4302 4298/4797/4299
f 4315/4819/4319 4314/4820/4318 4298/4794/4299 4299/4793/4298
f 4328/4821/4320 4330/4822/4321 4331/4823/4322 4329/4824/4323
f 4326/4825/4324 4328/4821/4320 4329/4824/4323 4327/4826/4325
f 4318/4827/4326 4317/4811/4312 4310/4814/4315 4311/4813/4314
f 4319/4828/4327 4318/4829/4326 4311/4816/4314 4312/4815/4316
f 4313/4817/4317 4320/4807/4309 4319/4828/4327 4312/4815/4316
f 4321/4808/4310 4320/4807/4309 4313/4817/4317 4314/4818/4318
f 4316/4810/4311 4321/4809/4310 4314/4820/4318 4315/4819/4319
f 4305/4830/4328 4304/4812/4313 4317/4811/4312 4318/4827/4326
f 4319/4828/4327 4306/4831/4329 4305/4832/4328 4318/4829/4326
f 4320/4807/4309 4307/4806/4308 4306/4831/4329 4319/4828/4327
f 4294/4833/4305 4297/4834/4330 4307/4806/4308 4308/4805/4306
f 4295/4835/4331 4292/4836/4332 4304/4812/4313 4305/4830/4328
f 4296/4801/4304 4309/4804/4307 4304/4812/4313 4292/4836/4332
f 4306/4831/4329 4293/4837/4333 4295/4838/4331 4305/4832/4328
f 4307/4806/4308 4297/4834/4330 4293/4837/4333 4306/4831/4329
f 4315/4819/4319 4299/4793/4298 4324/4839/4334 4322/4840/4335
f 4324/4839/4334 4299/4793/4298 4301/4796/4301 4325/4841/4336
f 4301/4796/4301 4310/4814/4315 4323/4842/4337 4325/4841/4336
f 4316/4810/4311 4326/4825/4324 4327/4826/4325 4317/4811/4312
f 4316/4810/4311 4315/4819/4319 4322/4840/4335 4326/4825/4324
f 4310/4814/4315 4317/4811/4312 4327/4826/4325 4323/4842/4337
f 4322/4840/4335 4324/4839/4334 4330/4822/4321 4328/4821/4320
f 4330/4822/4321 4324/4839/4334 4325/4841/4336 4331/4823/4322
f 4325/4841/4336 4323/4842/4337 4329/4824/4323 4331/4823/4322
f 4326/4825/4324 4322/4840/4335 4328/4821/4320
f 4323/4842/4337 4327/4826/4325 4329/4824/4323
f 4338/4843/4338 4337/4844/4339 4339/4845/4340 4340/4846/4341
f 4341/4847/4342 4339/4848/4340 4337/4849/4339 4342/4850/4343
f 4335/4851/4344 4334/4852/4345 4347/4853/4346 4348/4854/4347
f 4347/4855/4346 4346/4856/4348 4359/4857/4349 4360/4858/4350
f 4348/4854/4347 4347/4853/4346 4360/4859/4350 4355/4860/4351
f 4343/4861/4352 4348/4854/4347 4355/4860/4351 4356/4862/4353
f 4350/4863/4354 4349/4864/4355 4340/4846/4341 4339/4845/4340
f 4351/4865/4356 4350/4866/4354 4339/4848/4340 4341/4847/4342
f 4352/4867/4357 4351/4865/4356 4341/4847/4342 4342/4850/4343
f 4353/4868/4358 4352/4867/4357 4342/4850/4343 4337/4849/4339
f 4354/4869/4359 4353/4870/4358 4337/4844/4339 4338/4843/4338
f 4368/4871/4360 4367/4872/4361 4369/4873/4362 4370/4874/4363
f 4366/4875/4364 4365/4876/4365 4367/4872/4361 4368/4871/4360
f 4357/4877/4366 4356/4862/4353 4349/4864/4355 4350/4863/4354
f 4358/4878/4367 4357/4879/4366 4350/4866/4354 4351/4865/4356
f 4359/4857/4349 4358/4878/4367 4351/4865/4356 4352/4867/4357
f 4360/4858/4350 4359/4857/4349 4352/4867/4357 4353/4868/4358
f 4355/4860/4351 4360/4859/4350 4353/4870/4358 4354/4869/4359
f 4344/4880/4368 4343/4861/4352 4356/4862/4353 4357/4877/4366
f 4358/4878/4367 4345/4881/4369 4344/4882/4368 4357/4879/4366
f 4359/4857/4349 4346/4856/4348 4345/4881/4369 4358/4878/4367
f 4334/4883/4345 4336/4884/4370 4346/4856/4348 4347/4855/4346
f 4294/4802/4305 4332/4885/4371 4343/4861/4352 4344/4880/4368
f 4332/4885/4371 4335/4851/4344 4348/4854/4347 4343/4861/4352
f 4345/4881/4369 4333/4886/4372 4294/4833/4305 4344/4882/4368
f 4336/4884/4370 4333/4886/4372 4345/4881/4369 4346/4856/4348
f 4354/4869/4359 4338/4843/4338 4363/4887/4373 4361/4888/4374
f 4338/4843/4338 4340/4846/4341 4364/4889/4375 4363/4887/4373
f 4340/4846/4341 4349/4864/4355 4362/4890/4376 4364/4889/4375
f 4356/4862/4353 4355/4860/4351 4365/4876/4365 4366/4875/4364
f 4355/4860/4351 4354/4869/4359 4361/4888/4374 4365/4876/4365
f 4349/4864/4355 4356/4862/4353 4366/4875/4364 4362/4890/4376
f 4361/4888/4374 4363/4887/4373 4369/4873/4362 4367/4872/4361
f 4363/4887/4373 4364/4889/4375 4370/4874/4363 4369/4873/4362
f 4364/4889/4375 4362/4890/4376 4368/4871/4360 4370/4874/4363
f 4365/4876/4365 4361/4888/4374 4367/4872/4361
f 4362/4890/4376 4366/4875/4364 4368/4871/4360
f 4377/4891/4377 4376/4892/4378 4378/4893/4379 4379/4894/4380
f 4380/4895/4381 4378/4896/4379 4376/4897/4378 4381/4898/4382
f 4374/4899/4383 4373/4900/4384 4386/4901/4385 4387/4902/4386
f 4386/4903/4385 4385/4904/4387 4398/4905/4388 4399/4906/4389
f 4387/4902/4386 4386/4901/4385 4399/4907/4389 4394/4908/4390
f 4382/4909/4391 4387/4902/4386 4394/4908/4390 4395/4910/4392
f 4389/4911/4393 4388/4912/4394 4379/4894/4380 4378/4893/4379
f 4390/4913/4395 4389/4914/4393 4378/4896/4379 4380/4895/4381
f 4391/4915/4396 4390/4913/4395 4380/4895/4381 4381/4898/4382
f 4392/4916/4397 4391/4915/4396 4381/4898/4382 4376/4897/4378
f 4393/4917/4398 4392/4918/4397 4376/4892/4378 4377/4891/4377
f 4407/4919/4399 4406/4920/4400 4408/4921/4401 4409/4922/4402
f 4405/4923/4403 4404/4924/4404 4406/4920/4400 4407/4919/4399
f 4396/4925/4405 4395/4910/4392 4388/4912/4394 4389/4911/4393
f 4397/4926/4406 4396/4927/4405 4389/4914/4393 4390/4913/4395
f 4398/4905/4388 4397/4926/4406 4390/4913/4395 4391/4915/4396
f 4399/4906/4389 4398/4905/4388 4391/4915/4396 4392/4916/4397
f 4394/4908/4390 4399/4907/4389 4392/4918/4397 4393/4917/4398
f 4383/4928/4407 4382/4909/4391 4395/4910/4392 4396/4925/4405
f 4397/4926/4406 4384/4929/4408 4383/4930/4407 4396/4927/4405
f 4398/4905/4388 4385/4904/4387 4384/4929/4408 4397/4926/4406
f 4373/4931/4384 4375/4932/4409 4385/4904/4387 4386/4903/4385
f 4334/4852/4345 4371/4933/4410 4382/4909/4391 4383/4928/4407
f 4371/4933/4410 4374/4899/4383 4387/4902/4386 4382/4909/4391
f 4384/4929/4408 4372/4934/4411 4334/4883/4345 4383/4930/4407
f 4375/4932/4409 4372/4934/4411 4384/4929/4408 4385/4904/4387
f 4393/4917/4398 4377/4891/4377 4402/4935/4412 4400/4936/4413
f 4377/4891/4377 4379/4894/4380 4403/4937/4414 4402/4935/4412
f 4379/4894/4380 4388/4912/4394 4401/4938/4415 4403/4937/4414
f 4395/4910/4392 4394/4908/4390 4404/4924/4404 4405/4923/4403
f 4394/4908/4390 4393/4917/4398 4400/4936/4413 4404/4924/4404
f 4388/4912/4394 4395/4910/4392 4405/4923/4403 4401/4938/4415
f 4400/4936/4413 4402/4935/4412 4408/4921/4401 4406/4920/4400
f 4402/4935/4412 4403/4937/4414 4409/4922/4402 4408/4921/4401
f 4403/4937/4414 4401/4938/4415 4407/4919/4399 4409/4922/4402
f 4404/4924/4404 4400/4936/4413 4406/4920/4400
f 4401/4938/4415 4405/4923/4403 4407/4919/4399
f 4597/4939/4416 4598/4940/4417 4488/4941/4418 4489/4942/4419
f 4448/4943/4420 4458/4944/4421 4459/4945/4422 4447/4946/4423
f 4209/4729/4250 4208/4728/4249 4437/4947/4424 4438/4948/4425
f 4438/4948/4425 4437/4947/4424 4416/4949/4426 4412/4950/4427
f 4461/4951/4428 4481/4952/4429 4482/4953/4430 4411/4954/4431
f 4434/4955/4432 4411/4954/4431 4482/4953/4430 4483/4956/4433
f 4541/4957/4434 4534/4958/4435 4536/4959/4436 4540/4960/4437
f 4457/4961/4438 4465/4962/4439 4466/4963/4440 4424/4964/4441
f 4412/4950/4427 4416/4949/4426 4475/4965/4442 4476/4966/4443
f 4474/4967/4444 4467/4968/4445 4413/4969/4446 4473/4970/4447
f 4459/4945/4422 4458/4944/4421 4430/4971/4448 4413/4969/4446
f 4473/4970/4447 4413/4969/4446 4430/4971/4448 4472/4972/4449
f 4465/4962/4439 4457/4961/4438 4445/4973/4450
f 4467/4968/4445 4468/4974/4451 4436/4975/4452 4413/4969/4446
f 4424/4964/4441 4473/4976/4447 4472/4977/4449 4431/4978/4453
f 4466/4963/4440 4474/4979/4444 4473/4976/4447 4424/4964/4441
f 4476/4980/4443 4475/4981/4442 4422/4982/4454 4421/4983/4455
f 4484/4984/4456 4511/4985/4457 4512/4986/4458 4429/4987/4459
f 4596/4988/4460 4597/4989/4416 4489/4942/4419 4491/4990/4461
f 4484/4984/4456 4429/4987/4459 4508/4991/4462 4509/4992/4463
f 4602/4993/4464 4524/4994/4465 4530/4995/4466 4601/4996/4467
f 4494/4997/4468 4493/4998/4469 4499/4999/4470 4500/5000/4471
f 4495/5001/4472 4494/5002/4468 4500/5003/4471 4501/5004/4473
f 4496/5005/4474 4594/5006/4475 4595/5007/4476 4502/5008/4477
f 4497/5009/4478 4496/5005/4474 4502/5008/4477 4503/5010/4479
f 4492/5011/4480 4497/5009/4478 4503/5010/4479 4498/5012/4481
f 4601/4996/4467 4530/4995/4466 4532/5013/4482 4600/5014/4483
f 4500/5000/4471 4499/4999/4470 4486/5015/4484 4487/5016/4485
f 4501/5004/4473 4500/5003/4471 4487/5017/4485 4490/5018/4486
f 4502/5008/4477 4595/5007/4476 4596/4988/4460 4491/4990/4461
f 4503/5010/4479 4502/5008/4477 4491/4990/4461 4489/4942/4419
f 4498/5012/4481 4503/5010/4479 4489/4942/4419 4488/4941/4418
f 4604/5019/4487 4504/5020/4488 4492/5011/4480 4603/5021/4489
f 4509/4992/4463 4508/4991/4462 4496/5005/4474 4497/5009/4478
f 4504/5020/4488 4509/4992/4463 4497/5009/4478 4492/5011/4480
f 4512/4986/4458 4511/4985/4457 4483/4956/4433 4433/5022/4490
f 4519/5023/4491 4518/5024/4492 4472/4972/4449 4430/4971/4448
f 4603/5021/4489 4492/5011/4480 4524/4994/4465 4602/4993/4464
f 4492/5011/4480 4498/5012/4481 4526/5025/4493 4524/4994/4465
f 4499/4999/4470 4493/4998/4469 4525/5026/4494 4527/5027/4495
f 4498/5012/4481 4488/4941/4418 4528/5028/4496 4526/5025/4493
f 4488/4941/4418 4598/4940/4417 4599/5029/4497 4528/5028/4496
f 4486/5015/4484 4499/4999/4470 4527/5027/4495 4529/5030/4498
f 4524/4994/4465 4526/5025/4493 4530/4995/4466
f 4527/5027/4495 4525/5026/4494 4531/5031/4499
f 4526/5025/4493 4528/5028/4496 4532/5013/4482 4530/4995/4466
f 4528/5028/4496 4599/5029/4497 4600/5014/4483 4532/5013/4482
f 4529/5030/4498 4527/5027/4495 4531/5031/4499 4533/5032/4500
f 4421/4983/4455 4422/4982/4454 4540/4960/4437 4536/4959/4436
f 4535/5033/4501 4541/4957/4434 4540/4960/4437 4422/4982/4454
f 4428/5034/4502 4510/5035/4503 4511/4985/4457 4484/4984/4456
f 4547/5036/4504 4546/5037/4505 4548/5038/4506 4549/5039/4507
f 4550/5040/4508 4548/5041/4506 4546/5042/4505 4551/5043/4509
f 4485/5044/4510 4452/5045/4511 4505/5046/4512 4506/5047/4513
f 4605/5048/4514 4428/5034/4502 4504/5020/4488 4604/5019/4487
f 4504/5020/4488 4428/5034/4502 4484/4984/4456 4509/4992/4463
f 4507/5049/4515 4453/5050/4516 4485/5051/4510 4506/5052/4513
f 4429/4987/4459 4592/5053/4517 4593/5054/4518 4508/4991/4462
f 4506/5047/4513 4505/5046/4512 4493/4998/4469 4494/4997/4468
f 4495/5001/4472 4507/5049/4515 4506/5052/4513 4494/5002/4468
f 4496/5005/4474 4508/4991/4462 4593/5054/4518 4594/5006/4475
f 4510/5035/4503 4434/4955/4432 4483/4956/4433 4511/4985/4457
f 4485/5044/4510 4544/5055/4519 4452/5045/4511
f 4544/5055/4519 4485/5044/4510 4556/5056/4520 4557/5057/4521
f 4556/5058/4520 4555/5059/4522 4568/5060/4523 4569/5061/4524
f 4557/5057/4521 4556/5056/4520 4569/5062/4524 4564/5063/4525
f 4552/5064/4526 4557/5057/4521 4564/5063/4525 4565/5065/4527
f 4559/5066/4528 4558/5067/4529 4549/5039/4507 4548/5038/4506
f 4560/5068/4530 4559/5069/4528 4548/5041/4506 4550/5040/4508
f 4561/5070/4531 4560/5068/4530 4550/5040/4508 4551/5043/4509
f 4562/5071/4532 4561/5070/4531 4551/5043/4509 4546/5042/4505
f 4563/5072/4533 4562/5073/4532 4546/5037/4505 4547/5036/4504
f 4577/5074/4534 4576/5075/4535 4578/5076/4536 4579/5077/4537
f 4575/5078/4538 4574/5079/4539 4576/5075/4535 4577/5074/4534
f 4566/5080/4540 4565/5065/4527 4558/5067/4529 4559/5066/4528
f 4567/5081/4541 4566/5082/4540 4559/5069/4528 4560/5068/4530
f 4568/5060/4523 4567/5081/4541 4560/5068/4530 4561/5070/4531
f 4569/5061/4524 4568/5060/4523 4561/5070/4531 4562/5071/4532
f 4564/5063/4525 4569/5062/4524 4562/5073/4532 4563/5072/4533
f 4415/5083/4542 4454/5084/4543 4455/5085/4544 4435/5086/4545
f 4435/5086/4545 4448/4943/4420 4447/4946/4423 4415/5083/4542
f 4411/4954/4431 4434/4955/4432 4455/5085/4544 4454/5084/4543
f 4605/5048/4514 4523/5087/4546 4510/5035/4503 4428/5034/4502
f 4434/4955/4432 4510/5035/4503 4523/5087/4546 4455/5085/4544
f 4544/5055/4519 4523/5087/4546 4452/5045/4511
f 4553/5088/4547 4552/5064/4526 4565/5065/4527 4566/5080/4540
f 4567/5081/4541 4554/5089/4548 4553/5090/4547 4566/5082/4540
f 4568/5060/4523 4555/5059/4522 4554/5089/4548 4567/5081/4541
f 4591/5091/4549 4592/5053/4517 4429/4987/4459 4512/4986/4458
f 4590/5092/4550 4591/5091/4549 4512/4986/4458 4433/5022/4490
f 4545/5093/4551 4485/5051/4510 4453/5050/4516
f 4513/5094/4552 4545/5093/4551 4453/5050/4516
f 4485/5051/4510 4545/5093/4551 4555/5059/4522 4556/5058/4520
f 4375/4932/4409 4373/4931/4384 4427/5095/4553
f 4373/4900/4384 4426/5096/4554 4552/5064/4526 4553/5088/4547
f 4426/5096/4554 4544/5055/4519 4557/5057/4521 4552/5064/4526
f 4554/5089/4548 4427/5095/4553 4373/4931/4384 4553/5090/4547
f 4545/5093/4551 4427/5095/4553 4554/5089/4548 4555/5059/4522
f 4563/5072/4533 4547/5036/4504 4572/5097/4555 4570/5098/4556
f 4547/5036/4504 4549/5039/4507 4573/5099/4557 4572/5097/4555
f 4549/5039/4507 4558/5067/4529 4571/5100/4558 4573/5099/4557
f 4565/5065/4527 4564/5063/4525 4574/5079/4539 4575/5078/4538
f 4564/5063/4525 4563/5072/4533 4570/5098/4556 4574/5079/4539
f 4558/5067/4529 4565/5065/4527 4575/5078/4538 4571/5100/4558
f 4570/5098/4556 4572/5097/4555 4578/5076/4536 4576/5075/4535
f 4572/5097/4555 4573/5099/4557 4579/5077/4537 4578/5076/4536
f 4573/5099/4557 4571/5100/4558 4577/5074/4534 4579/5077/4537
f 4574/5079/4539 4570/5098/4556 4576/5075/4535
f 4571/5100/4558 4575/5078/4538 4577/5074/4534
f 4435/5086/4545 4455/5085/4544 4523/5087/4546 4522/5101/4559
f 4432/5102/4560 4514/5103/4561 4513/5094/4552 4456/5104/4562
f 4545/5093/4551 4513/5094/4552 4514/5103/4561 4427/5095/4553
f 4522/5101/4559 4523/5087/4546 4544/5055/4519 4426/5096/4554
f 4374/4899/4383 4522/5101/4559 4426/5096/4554
f 4373/4900/4384 4374/4899/4383 4426/5096/4554
f 4514/5103/4561 4375/4932/4409 4427/5095/4553
f 4292/4836/4332 4295/4835/4331 4518/5024/4492 4519/5023/4491
f 4460/5105/4563 4457/4961/4438 4424/4964/4441 4431/4978/4453
f 4517/5106/4564 4518/5107/4492 4295/4838/4331 4293/4837/4333
f 4516/5108/4565 4460/5105/4563 4431/4978/4453 4517/5106/4564
f 4431/4978/4453 4472/4977/4449 4518/5107/4492 4517/5106/4564
f 4297/4834/4330 4516/5108/4565 4517/5106/4564 4293/4837/4333
f 4520/5109/4566 4296/4801/4304 4292/4836/4332 4519/5023/4491
f 4457/4961/4438 4460/5105/4563 4449/5110/4567 4445/4973/4450
f 4460/5105/4563 4516/5108/4565 4515/5111/4568 4449/5110/4567
f 4458/4944/4421 4520/5109/4566 4519/5023/4491 4430/4971/4448
f 4335/4851/4344 4332/4885/4371 4520/5109/4566 4521/5112/4569
f 4458/4944/4421 4448/4943/4420 4521/5112/4569 4520/5109/4566
f 4522/5101/4559 4521/5112/4569 4448/4943/4420 4435/5086/4545
f 4515/5111/4568 4516/5108/4565 4333/4886/4372 4336/4884/4370
f 4432/5102/4560 4449/5110/4567 4515/5111/4568 4514/5103/4561
f 4521/5112/4569 4522/5101/4559 4374/4899/4383 4371/4933/4410
f 4375/4932/4409 4514/5103/4561 4515/5111/4568 4372/4934/4411
f 4335/4851/4344 4521/5112/4569 4371/4933/4410
f 4334/4852/4345 4335/4851/4344 4371/4933/4410
f 4336/4884/4370 4334/4883/4345 4372/4934/4411
f 4515/5111/4568 4336/4884/4370 4372/4934/4411
f 4296/4801/4304 4520/5109/4566 4332/4885/4371
f 4294/4802/4305 4296/4801/4304 4332/4885/4371
f 4297/4834/4330 4294/4833/4305 4333/4886/4372
f 4516/5108/4565 4297/4834/4330 4333/4886/4372
f 4442/5113/4570 4463/5114/4571 4461/4951/4428 4411/4954/4431
f 4442/5113/4570 4411/4954/4431 4454/5084/4543 4450/5115/4572
f 4470/5116/4573 4442/5113/4570 4450/5115/4572 4580/5117/4574
f 4415/5083/4542 4447/4946/4423 4607/5118/4575 4443/5119/4576
f 4436/4975/4452 4608/5120/4577 4459/4945/4422 4413/4969/4446
f 4607/5118/4575 4608/5120/4577 4436/4975/4452 4443/5119/4576
f 4468/4974/4451 4207/4732/4253 4471/5121/4578 4436/4975/4452
f 4443/5119/4576 4450/5115/4572 4454/5084/4543 4415/5083/4542
f 4469/5122/4579 4443/5119/4576 4436/4975/4452 4471/5121/4578
f 4469/5122/4579 4580/5117/4574 4450/5115/4572 4443/5119/4576
f 4425/5123/4580 4589/5124/4581 4590/5092/4550 4433/5022/4490
f 4582/5125/4582 4583/5126/4583 4537/5127/4584 4542/5128/4585
f 4464/5129/4586 4423/5130/4587 4451/5131/4588 4581/5132/4589
f 4423/5130/4587 4464/5129/4586 4465/4962/4439 4445/4973/4450
f 4534/4958/4435 4541/4957/4434 4542/5128/4585 4537/5127/4584
f 4418/5133/4590 4419/5134/4591 4480/5135/4592 4479/5136/4593
f 4482/4953/4430 4481/4952/4429 4462/5137/4594 4425/5123/4580
f 4483/4956/4433 4482/4953/4430 4425/5123/4580 4433/5022/4490
f 4419/5134/4591 4418/5133/4590 4539/5138/4595 4543/5139/4596
f 4583/5126/4583 4585/5140/4597 4420/5141/4598 4537/5127/4584
f 4420/5141/4598 4444/5142/4599 4534/4958/4435 4537/5127/4584
f 4538/5143/4600 4542/5128/4585 4541/4957/4434 4535/5033/4501
f 4586/5144/4601 4582/5125/4582 4542/5128/4585 4538/5143/4600
f 4456/5104/4562 4451/5131/4588 4423/5130/4587 4432/5102/4560
f 4423/5130/4587 4445/4973/4450 4449/5110/4567 4432/5102/4560
f 4581/5132/4589 4589/5124/4581 4425/5123/4580 4462/5137/4594
f 4582/5125/4582 4586/5144/4601 4419/5134/4591 4543/5139/4596
f 4583/5126/4583 4582/5125/4582 4543/5139/4596 4539/5138/4595
f 4585/5140/4597 4583/5126/4583 4539/5138/4595 4418/5133/4590
f 4584/5145/4602 4585/5140/4597 4418/5133/4590 4479/5136/4593
f 4420/5141/4598 4478/5146/4603 4477/5147/4604 4444/5142/4599
f 4420/5141/4598 4585/5140/4597 4584/5145/4602 4478/5146/4603
f 4440/5148/4605 4212/4749/4267 4211/4750/4259 4588/5149/4606
f 4606/5150/4607 4439/5151/4608 4210/4734/4255 4209/4729/4250
f 4446/5152/4609 4414/5153/4610 4439/5151/4608 4606/5150/4607
f 4478/5154/4603 4584/5155/4602 4587/5156/4611 4414/5153/4610
f 4446/5152/4609 4477/5157/4604 4478/5154/4603 4414/5153/4610
f 4441/5158/4612 4213/4751/4268 4212/4749/4267 4440/5148/4605
f 4417/5159/4613 4441/5158/4612 4440/5148/4605 4410/5160/4614
f 4479/5136/4593 4480/5135/4592 4417/5159/4613 4410/5160/4614
f 4410/5160/4614 4587/5161/4611 4584/5145/4602 4479/5136/4593
f 4440/5148/4605 4588/5149/4606 4587/5161/4611 4410/5160/4614
f 4588/5162/4606 4211/4738/4259 4210/4734/4255 4439/5151/4608
f 4587/5156/4611 4588/5162/4606 4439/5151/4608 4414/5153/4610
f 4581/5132/4589 4451/5131/4588 4589/5124/4581
f 4590/5092/4550 4589/5124/4581 4451/5131/4588 4456/5104/4562
f 4456/5104/4562 4513/5094/4552 4591/5091/4549 4590/5092/4550
f 4513/5094/4552 4453/5050/4516 4592/5053/4517 4591/5091/4549
f 4593/5054/4518 4592/5053/4517 4453/5050/4516 4507/5049/4515
f 4594/5006/4475 4593/5054/4518 4507/5049/4515 4495/5001/4472
f 4595/5007/4476 4594/5006/4475 4495/5001/4472 4501/5004/4473
f 4596/4988/4460 4595/5007/4476 4501/5004/4473 4490/5018/4486
f 4490/5018/4486 4487/5017/4485 4597/4989/4416 4596/4988/4460
f 4487/5016/4485 4486/5015/4484 4598/4940/4417 4597/4939/4416
f 4599/5029/4497 4598/4940/4417 4486/5015/4484 4529/5030/4498
f 4600/5014/4483 4599/5029/4497 4529/5030/4498 4533/5032/4500
f 4531/5031/4499 4601/4996/4467 4600/5014/4483 4533/5032/4500
f 4525/5026/4494 4602/4993/4464 4601/4996/4467 4531/5031/4499
f 4493/4998/4469 4603/5021/4489 4602/4993/4464 4525/5026/4494
f 4505/5046/4512 4604/5019/4487 4603/5021/4489 4493/4998/4469
f 4452/5045/4511 4605/5048/4514 4604/5019/4487 4505/5046/4512
f 4417/5159/4613 4461/4951/4428 4463/5114/4571 4441/5158/4612
f 4480/5135/4592 4481/4952/4429 4461/4951/4428 4417/5159/4613
f 4419/5134/4591 4462/5137/4594 4481/4952/4429 4480/5135/4592
f 4586/5144/4601 4581/5132/4589 4462/5137/4594 4419/5134/4591
f 4464/5129/4586 4581/5132/4589 4586/5144/4601 4538/5143/4600
f 4535/5033/4501 4465/4962/4439 4464/5129/4586 4538/5143/4600
f 4465/4962/4439 4535/5033/4501 4422/4982/4454 4466/4963/4440
f 4475/4981/4442 4474/4979/4444 4466/4963/4440 4422/4982/4454
f 4467/4968/4445 4474/4967/4444 4475/4965/4442 4416/4949/4426
f 4468/4974/4451 4467/4968/4445 4416/4949/4426 4437/4947/4424
f 4207/4732/4253 4468/4974/4451 4437/4947/4424 4208/4728/4249
f 4438/4948/4425 4606/5150/4607 4209/4729/4250
f 4446/5152/4609 4606/5150/4607 4438/4948/4425 4412/4950/4427
f 4477/5157/4604 4446/5152/4609 4412/4950/4427 4476/4966/4443
f 4444/5142/4599 4477/5147/4604 4476/4980/4443 4421/4983/4455
f 4534/4958/4435 4444/5142/4599 4421/4983/4455 4536/4959/4436
f 4605/5048/4514 4452/5045/4511 4523/5087/4546
f 4469/5122/4579 4471/5121/4578 4207/4732/4253 4206/4736/4257
f 4215/4753/4270 4214/4752/4269 4470/5116/4573 4580/5117/4574
f 4470/5116/4573 4214/4752/4269 4463/5114/4571 4442/5113/4570
f 4441/5158/4612 4463/5114/4571 4214/4752/4269 4213/4751/4268
f 4206/4736/4257 4248/4737/4258 4257/4740/4261 4215/4753/4270
f 4469/5122/4579 4206/4736/4257 4215/4753/4270 4580/5117/4574
f 4447/4946/4423 4459/4945/4422 4608/5120/4577 4607/5118/4575
f 4610/4785/4294 4611/5163/4295 4177/4792/4296 4178/4784/4293
f 4609/4765/4281 2737/2985/2411 1988/2590/2409 4226/4727/4248
f 1013/5164/1052 2952/5165/2951 4610/4785/4294 2739/5166/2746
f 2952/5165/2951 2937/5167/2949 4611/5163/4295 4610/4785/4294
f 2937/5168/2949 2934/4766/2947 4609/4765/4281 4611/4786/4295
f 3892/4348/3912 1971/4347/2023 2743/4338/2016 4612/4337/3904
f 2739/5166/2746 4610/4785/4294 4613/4776/4288 2744/4775/2418
f 2941/3243/2970 4614/3229/2957 2939/3226/2954 2940/3227/2955
f 2942/3230/2958 4614/3229/2957 2941/3243/2970 2945/3231/2959
f 2748/3004/2747 4615/5169/4615 4622/5170/4616 2757/3007/2748
f 4615/5169/4615 4616/5171/4617 4623/5172/4618 4622/5170/4616
f 4616/5171/4617 4617/5173/4619 4624/5174/4620 4623/5172/4618
f 4617/5173/4619 4618/5175/4621 4625/5176/4622 4624/5174/4620
f 4619/5177/4623 2752/3015/2760 2761/5178/2759 4626/5179/4624
f 4620/5180/4625 4619/5177/4623 4626/5179/4624 4627/5181/4626
f 4621/5182/4627 4620/5180/4625 4627/5181/4626 4628/5183/4628
f 4618/5175/4621 4621/5182/4627 4628/5183/4628 4625/5176/4622
f 2757/3007/2748 4622/5170/4616 4648/5184/4629 2789/3023/2765
f 4622/5170/4616 4623/5172/4618 4647/5185/4630 4648/5184/4629
f 4623/5172/4618 4624/5174/4620 4646/5186/4631 4647/5185/4630
f 4624/5174/4620 4625/5176/4622 4645/5187/4632 4646/5186/4631
f 4626/5179/4624 2761/5178/2759 2790/5188/2771 4642/5189/4633
f 4627/5181/4626 4626/5179/4624 4642/5189/4633 4643/5190/4634
f 4628/5183/4628 4627/5181/4626 4643/5190/4634 4644/5191/4635
f 4625/5176/4622 4628/5183/4628 4644/5191/4635 4645/5187/4632
f 4631/5192/4636 4632/5193/4637 4641/5194/4638
f 4632/5193/4637 4635/5195/4639 4640/5196/4640
f 4636/5197/4641 4637/5198/4642 2777/5199/2781 2776/3039/2780
f 4637/5198/4642 4636/5197/4641 4638/5200/4643 4639/5201/4644
f 4639/5201/4644 4638/5200/4643 4641/5194/4638 4640/5196/4640
f 2766/3042/2785 4629/5202/4645 4636/5197/4641 2776/3039/2780
f 4629/5202/4645 4630/5203/4646 4638/5200/4643 4636/5197/4641
f 4630/5203/4646 4631/5192/4636 4641/5194/4638 4638/5200/4643
f 4633/5204/4647 2770/5205/2789 2777/5199/2781 4637/5198/4642
f 4634/5206/4648 4633/5204/4647 4637/5198/4642 4639/5201/4644
f 4635/5195/4639 4634/5206/4648 4639/5201/4644 4640/5196/4640
f 4640/5196/4640 4641/5194/4638 4632/5193/4637
f 4643/5190/4634 4642/5189/4633 4633/5204/4647 4634/5206/4648
f 4644/5191/4635 4643/5190/4634 4634/5206/4648 4635/5195/4639
f 4645/5187/4632 4644/5191/4635 4635/5195/4639 4632/5193/4637
f 4646/5186/4631 4645/5187/4632 4632/5193/4637 4631/5192/4636
f 4647/5185/4630 4646/5186/4631 4631/5192/4636 4630/5203/4646
f 4648/5184/4629 4647/5185/4630 4630/5203/4646 4629/5202/4645
f 2789/3023/2765 4648/5184/4629 4629/5202/4645 2766/3042/2785
f 4642/5189/4633 2790/5188/2771 2770/5205/2789 4633/5204/4647
f 2792/3074/2791 2791/3049/2794 4649/5207/4649 4650/5208/4650
f 4650/5208/4650 4649/5207/4649 4651/5209/4651 4652/5210/4652
f 4652/5210/4652 4651/5209/4651 4653/5211/4653 4654/5212/4654
f 4654/5212/4654 4653/5211/4653 4655/5213/4655 4656/5214/4656
f 4656/5214/4656 4655/5213/4655 4661/5215/4657 4662/5216/4658
f 4657/5217/4659 4658/5218/4660 4660/5219/4661 4659/5220/4662
f 4658/5218/4660 4657/5217/4659 2803/3064/2808 2804/3065/2807
f 4659/5220/4662 4660/5219/4661 4662/5216/4658 4661/5215/4657
f 4649/5207/4649 2791/3049/2794 1096/1129/1121 3006/3309/3025
f 3006/3309/3025 3007/3310/3026 4651/5209/4651 4649/5207/4649
f 4653/5211/4653 4651/5209/4651 3007/3310/3026 3008/3311/3027
f 4655/5213/4655 4653/5211/4653 3008/3311/3027 3009/3312/3028
f 2803/3064/2808 4657/5217/4659 3012/3315/3031 1104/1136/1128
f 3011/3314/3030 3012/3315/3031 4657/5217/4659 4659/5220/4662
f 3010/3313/3029 3011/3314/3030 4659/5220/4662 4661/5215/4657
f 4655/5213/4655 3009/3312/3028 3010/3313/3029 4661/5215/4657
f 2792/3048/2791 4650/5221/4650 4615/5169/4615 2748/3004/2747
f 4650/5221/4650 4652/5222/4652 4616/5171/4617 4615/5169/4615
f 4652/5222/4652 4654/5223/4654 4617/5173/4619 4616/5171/4617
f 4654/5223/4654 4656/5224/4656 4618/5175/4621 4617/5173/4619
f 4658/5225/4660 2804/3068/2807 2752/3015/2760 4619/5177/4623
f 4660/5226/4661 4658/5225/4660 4619/5177/4623 4620/5180/4625
f 4662/5227/4658 4660/5226/4661 4620/5180/4625 4621/5182/4627
f 4656/5224/4656 4662/5227/4658 4621/5182/4627 4618/5175/4621
